/*******************************************************************************
 * Size: 26 px
 * Bpp: 4
 * Opts: --bpp 4 --size 26 --no-compress --stride 1 --align 1 --font intelone-display-bold.ttf --range 32-127 --format lvgl -o intelone_bold_26.c
 ******************************************************************************/

#ifdef __has_include
    #if __has_include("lvgl.h")
        #ifndef LV_LVGL_H_INCLUDE_SIMPLE
            #define LV_LVGL_H_INCLUDE_SIMPLE
        #endif
    #endif
#endif

#ifdef LV_LVGL_H_INCLUDE_SIMPLE
    #include "lvgl.h"
#else
    #include "lvgl/lvgl.h"
#endif



#ifndef INTELONE_BOLD_26
#define INTELONE_BOLD_26 1
#endif

#if INTELONE_BOLD_26

/*-----------------
 *    BITMAPS
 *----------------*/

/*Store the image of the glyphs*/
static LV_ATTRIBUTE_LARGE_CONST const uint8_t glyph_bitmap[] = {
    /* U+0020 " " */

    /* U+0021 "!" */
    0xf, 0xff, 0xff, 0x40, 0xff, 0xff, 0xf2, 0xe,
    0xff, 0xff, 0x10, 0xdf, 0xff, 0xf0, 0xb, 0xff,
    0xfe, 0x0, 0xaf, 0xff, 0xd0, 0x9, 0xff, 0xfc,
    0x0, 0x8f, 0xff, 0xb0, 0x6, 0xff, 0xf9, 0x0,
    0x5f, 0xff, 0x80, 0x4, 0xff, 0xf7, 0x0, 0x3f,
    0xff, 0x60, 0x2, 0xff, 0xf4, 0x0, 0x1, 0x11,
    0x0, 0x6, 0x88, 0x88, 0x0, 0xdf, 0xff, 0xf1,
    0xd, 0xff, 0xff, 0x10, 0xdf, 0xff, 0xf1, 0xd,
    0xff, 0xff, 0x10,

    /* U+0022 "\"" */
    0xcf, 0xff, 0xf1, 0xff, 0xff, 0xdc, 0xff, 0xff,
    0xf, 0xff, 0xfc, 0xcf, 0xff, 0xd0, 0xff, 0xff,
    0xac, 0xff, 0xfb, 0xf, 0xff, 0xf8, 0xcf, 0xff,
    0x90, 0xff, 0xff, 0x6c, 0xff, 0xf7, 0xf, 0xff,
    0xf4, 0xcf, 0xff, 0x50, 0xff, 0xff, 0x22, 0x33,
    0x30, 0x3, 0x33, 0x30,

    /* U+0023 "#" */
    0x0, 0x0, 0xf, 0xff, 0x90, 0x3f, 0xff, 0x70,
    0x0, 0x0, 0x3f, 0xff, 0x60, 0x6f, 0xff, 0x40,
    0x0, 0x0, 0x6f, 0xff, 0x30, 0x9f, 0xff, 0x10,
    0x1, 0x55, 0xbf, 0xff, 0x55, 0xcf, 0xff, 0x52,
    0x6, 0xff, 0xff, 0xff, 0xff, 0xff, 0xff, 0xf7,
    0x6, 0xff, 0xff, 0xff, 0xff, 0xff, 0xff, 0xf7,
    0x6, 0xff, 0xff, 0xff, 0xff, 0xff, 0xff, 0xf7,
    0x6, 0xff, 0xff, 0xff, 0xff, 0xff, 0xff, 0xf7,
    0x0, 0x8, 0xff, 0xf1, 0xb, 0xff, 0xf0, 0x0,
    0x0, 0xb, 0xff, 0xe0, 0xe, 0xff, 0xc0, 0x0,
    0x0, 0xe, 0xff, 0xb0, 0x1f, 0xff, 0x90, 0x0,
    0x6f, 0xff, 0xff, 0xff, 0xff, 0xff, 0xff, 0x60,
    0x6f, 0xff, 0xff, 0xff, 0xff, 0xff, 0xff, 0x60,
    0x6f, 0xff, 0xff, 0xff, 0xff, 0xff, 0xff, 0x60,
    0x6f, 0xff, 0xff, 0xff, 0xff, 0xff, 0xff, 0x60,
    0x25, 0xef, 0xfd, 0x55, 0xff, 0xfb, 0x55, 0x20,
    0x0, 0xff, 0xf9, 0x3, 0xff, 0xf7, 0x0, 0x0,
    0x3, 0xff, 0xf6, 0x6, 0xff, 0xf4, 0x0, 0x0,
    0x6, 0xff, 0xf3, 0x9, 0xff, 0xf1, 0x0, 0x0,

    /* U+0024 "$" */
    0x0, 0x0, 0x0, 0x3f, 0xff, 0xc0, 0x0, 0x0,
    0x0, 0x0, 0x0, 0x3, 0xff, 0xfc, 0x0, 0x0,
    0x0, 0x0, 0x0, 0x1, 0x7f, 0xff, 0xd2, 0x0,
    0x0, 0x0, 0x0, 0x2b, 0xff, 0xff, 0xff, 0xfd,
    0x70, 0x0, 0x0, 0x5f, 0xff, 0xff, 0xff, 0xff,
    0xff, 0xe3, 0x0, 0x2f, 0xff, 0xff, 0xff, 0xff,
    0xff, 0xff, 0xc0, 0x9, 0xff, 0xff, 0xfb, 0xab,
    0xff, 0xff, 0xf2, 0x0, 0xdf, 0xff, 0xd0, 0x0,
    0x0, 0x5d, 0xf6, 0x0, 0xe, 0xff, 0xfd, 0x0,
    0x0, 0x0, 0x6, 0x0, 0x0, 0xdf, 0xff, 0xfe,
    0xb9, 0x75, 0x20, 0x0, 0x0, 0x8, 0xff, 0xff,
    0xff, 0xff, 0xff, 0xe8, 0x10, 0x0, 0x1e, 0xff,
    0xff, 0xff, 0xff, 0xff, 0xff, 0x30, 0x0, 0x2a,
    0xff, 0xff, 0xff, 0xff, 0xff, 0xfe, 0x0, 0x0,
    0x1, 0x69, 0xbe, 0xff, 0xff, 0xff, 0xf4, 0x0,
    0x20, 0x0, 0x0, 0x0, 0x3a, 0xff, 0xff, 0x60,
    0x1e, 0xc3, 0x0, 0x0, 0x0, 0x2f, 0xff, 0xf7,
    0xa, 0xff, 0xfc, 0x73, 0x11, 0x4c, 0xff, 0xff,
    0x44, 0xff, 0xff, 0xff, 0xff, 0xff, 0xff, 0xff,
    0xe0, 0x4e, 0xff, 0xff, 0xff, 0xff, 0xff, 0xff,
    0xf4, 0x0, 0x19, 0xff, 0xff, 0xff, 0xff, 0xff,
    0xe4, 0x0, 0x0, 0x1, 0x6b, 0xef, 0xff, 0xfb,
    0x60, 0x0, 0x0, 0x0, 0x0, 0x3, 0xff, 0xfc,
    0x0, 0x0, 0x0, 0x0, 0x0, 0x0, 0x3f, 0xff,
    0xc0, 0x0, 0x0, 0x0, 0x0, 0x0, 0x3, 0xff,
    0xfc, 0x0, 0x0, 0x0,

    /* U+0025 "%" */
    0x0, 0x2a, 0xef, 0xd8, 0x10, 0x0, 0x0, 0x9,
    0xff, 0xe1, 0x0, 0x2e, 0xff, 0xff, 0xfd, 0x10,
    0x0, 0x5, 0xff, 0xf3, 0x0, 0xd, 0xff, 0xff,
    0xff, 0xf9, 0x0, 0x1, 0xef, 0xf7, 0x0, 0x3,
    0xff, 0xf8, 0x1b, 0xff, 0xf0, 0x0, 0xbf, 0xfa,
    0x0, 0x0, 0x5f, 0xff, 0x0, 0x4f, 0xff, 0x20,
    0x6f, 0xfd, 0x0, 0x0, 0x5, 0xff, 0xf0, 0x4,
    0xff, 0xf2, 0x2f, 0xff, 0x30, 0x0, 0x0, 0x3f,
    0xff, 0x81, 0xbf, 0xff, 0xd, 0xff, 0x60, 0x0,
    0x0, 0x0, 0xdf, 0xff, 0xff, 0xff, 0x98, 0xff,
    0xa0, 0x0, 0x0, 0x0, 0x3, 0xff, 0xff, 0xff,
    0xd5, 0xff, 0xd0, 0x0, 0x0, 0x0, 0x0, 0x2,
    0xae, 0xfd, 0x82, 0xef, 0xf2, 0x0, 0x0, 0x0,
    0x0, 0x0, 0x0, 0x0, 0x0, 0xcf, 0xf6, 0x19,
    0xef, 0xfc, 0x40, 0x0, 0x0, 0x0, 0x0, 0x8f,
    0xfa, 0x1d, 0xff, 0xff, 0xff, 0x60, 0x0, 0x0,
    0x0, 0x4f, 0xfe, 0x19, 0xff, 0xff, 0xff, 0xff,
    0x10, 0x0, 0x0, 0x1e, 0xff, 0x40, 0xef, 0xfb,
    0x15, 0xff, 0xf6, 0x0, 0x0, 0xc, 0xff, 0x80,
    0xf, 0xff, 0x50, 0xe, 0xff, 0x70, 0x0, 0x9,
    0xff, 0xd0, 0x0, 0xef, 0xf9, 0x2, 0xff, 0xf6,
    0x0, 0x5, 0xff, 0xf2, 0x0, 0x9, 0xff, 0xfe,
    0xff, 0xff, 0x10, 0x2, 0xff, 0xf6, 0x0, 0x0,
    0x1d, 0xff, 0xff, 0xff, 0x50, 0x0, 0xdf, 0xfb,
    0x0, 0x0, 0x0, 0x18, 0xdf, 0xeb, 0x30, 0x0,

    /* U+0026 "&" */
    0x0, 0x0, 0x1, 0x8d, 0xff, 0xd7, 0x0, 0x0,
    0x0, 0x0, 0x0, 0x3, 0xef, 0xff, 0xff, 0xfd,
    0x10, 0x0, 0x0, 0x0, 0x1, 0xef, 0xff, 0xff,
    0xff, 0xfc, 0x0, 0x0, 0x0, 0x0, 0x8f, 0xff,
    0xfa, 0xcf, 0xff, 0xf4, 0x0, 0x0, 0x0, 0xc,
    0xff, 0xf9, 0x0, 0xdf, 0xff, 0x70, 0x0, 0x0,
    0x0, 0xdf, 0xff, 0x70, 0xb, 0xff, 0xf7, 0x0,
    0x0, 0x0, 0xb, 0xff, 0xfc, 0x2, 0xff, 0xff,
    0x40, 0x0, 0x0, 0x0, 0x6f, 0xff, 0xfb, 0xff,
    0xff, 0xc0, 0x0, 0x0, 0x0, 0x0, 0xef, 0xff,
    0xff, 0xff, 0xc1, 0x0, 0x0, 0x0, 0x4, 0xcf,
    0xff, 0xff, 0xfe, 0x60, 0x25, 0x55, 0x30, 0x7,
    0xff, 0xff, 0xff, 0xff, 0xf3, 0xd, 0xff, 0xf6,
    0x3, 0xff, 0xff, 0xda, 0xff, 0xff, 0xe7, 0xff,
    0xff, 0x10, 0x9f, 0xff, 0xe1, 0x8, 0xff, 0xff,
    0xff, 0xff, 0x80, 0xb, 0xff, 0xfc, 0x0, 0xa,
    0xff, 0xff, 0xff, 0xe0, 0x0, 0xaf, 0xff, 0xf4,
    0x0, 0x2e, 0xff, 0xff, 0xf4, 0x0, 0x6, 0xff,
    0xff, 0xfe, 0xef, 0xff, 0xff, 0xff, 0x90, 0x0,
    0xd, 0xff, 0xff, 0xff, 0xff, 0xff, 0xff, 0xff,
    0x60, 0x0, 0x1d, 0xff, 0xff, 0xff, 0xff, 0xef,
    0xff, 0xff, 0x30, 0x0, 0x6, 0xbe, 0xff, 0xda,
    0x50, 0x9f, 0xff, 0xfe, 0x10,

    /* U+0027 "'" */
    0xcf, 0xff, 0xf0, 0xcf, 0xff, 0xd0, 0xcf, 0xff,
    0xb0, 0xcf, 0xff, 0x90, 0xcf, 0xff, 0x70, 0xcf,
    0xff, 0x50, 0xcf, 0xff, 0x30, 0x23, 0x33, 0x0,

    /* U+0028 "(" */
    0x0, 0x0, 0x0, 0x2, 0xb4, 0x0, 0x0, 0x0,
    0x0, 0x7f, 0xfe, 0x0, 0x0, 0x0, 0xb, 0xff,
    0xff, 0x90, 0x0, 0x0, 0xbf, 0xff, 0xff, 0xa0,
    0x0, 0xa, 0xff, 0xff, 0xf5, 0x0, 0x0, 0x5f,
    0xff, 0xff, 0x30, 0x0, 0x0, 0xef, 0xff, 0xf4,
    0x0, 0x0, 0x6, 0xff, 0xff, 0x80, 0x0, 0x0,
    0xc, 0xff, 0xfe, 0x0, 0x0, 0x0, 0x1f, 0xff,
    0xf9, 0x0, 0x0, 0x0, 0x4f, 0xff, 0xf5, 0x0,
    0x0, 0x0, 0x6f, 0xff, 0xf2, 0x0, 0x0, 0x0,
    0x6f, 0xff, 0xf1, 0x0, 0x0, 0x0, 0x6f, 0xff,
    0xf2, 0x0, 0x0, 0x0, 0x5f, 0xff, 0xf4, 0x0,
    0x0, 0x0, 0x2f, 0xff, 0xf8, 0x0, 0x0, 0x0,
    0xe, 0xff, 0xfd, 0x0, 0x0, 0x0, 0x9, 0xff,
    0xff, 0x50, 0x0, 0x0, 0x2, 0xff, 0xff, 0xe1,
    0x0, 0x0, 0x0, 0x9f, 0xff, 0xfc, 0x10, 0x0,
    0x0, 0xd, 0xff, 0xff, 0xd2, 0x0, 0x0, 0x2,
    0xff, 0xff, 0xfe, 0x50, 0x0, 0x0, 0x3e, 0xff,
    0xff, 0xc0, 0x0, 0x0, 0x2, 0xcf, 0xff, 0x20,
    0x0, 0x0, 0x0, 0x7, 0xf6, 0x0, 0x0, 0x0,
    0x0, 0x0, 0x10, 0x0,

    /* U+0029 ")" */
    0x0, 0x96, 0x0, 0x0, 0x0, 0x0, 0x5f, 0xfc,
    0x20, 0x0, 0x0, 0x1f, 0xff, 0xff, 0x40, 0x0,
    0x5, 0xff, 0xff, 0xff, 0x40, 0x0, 0x2, 0xcf,
    0xff, 0xff, 0x20, 0x0, 0x0, 0xbf, 0xff, 0xfd,
    0x0, 0x0, 0x0, 0xcf, 0xff, 0xf7, 0x0, 0x0,
    0x2, 0xff, 0xff, 0xe0, 0x0, 0x0, 0x8, 0xff,
    0xff, 0x40, 0x0, 0x0, 0x2f, 0xff, 0xf9, 0x0,
    0x0, 0x0, 0xdf, 0xff, 0xc0, 0x0, 0x0, 0xb,
    0xff, 0xfd, 0x0, 0x0, 0x0, 0xaf, 0xff, 0xe0,
    0x0, 0x0, 0xa, 0xff, 0xfe, 0x0, 0x0, 0x0,
    0xcf, 0xff, 0xd0, 0x0, 0x0, 0xf, 0xff, 0xfa,
    0x0, 0x0, 0x5, 0xff, 0xff, 0x60, 0x0, 0x0,
    0xdf, 0xff, 0xf1, 0x0, 0x0, 0x8f, 0xff, 0xfa,
    0x0, 0x0, 0x5f, 0xff, 0xff, 0x10, 0x0, 0x6f,
    0xff, 0xff, 0x60, 0x1, 0xaf, 0xff, 0xff, 0x90,
    0x0, 0x5f, 0xff, 0xff, 0x90, 0x0, 0x0, 0xbf,
    0xff, 0x70, 0x0, 0x0, 0x1, 0xec, 0x30, 0x0,
    0x0, 0x0, 0x2, 0x0, 0x0, 0x0, 0x0,

    /* U+002A "*" */
    0x0, 0x6, 0xff, 0x30, 0x0, 0x3, 0x5, 0xff,
    0x21, 0x30, 0xe, 0xeb, 0xff, 0xaf, 0xc0, 0x5f,
    0xff, 0xff, 0xff, 0xf2, 0x15, 0xaf, 0xff, 0xfa,
    0x50, 0x0, 0x6f, 0xff, 0xf3, 0x0, 0x3, 0xff,
    0xce, 0xfe, 0x10, 0x6, 0xff, 0x24, 0xff, 0x40,
    0x0, 0x46, 0x0, 0x72, 0x0,

    /* U+002B "+" */
    0x0, 0x8, 0xbb, 0x70, 0x0, 0x0, 0xb, 0xff,
    0xa0, 0x0, 0x0, 0xb, 0xff, 0xa0, 0x0, 0x12,
    0x2b, 0xff, 0xb2, 0x21, 0xdf, 0xff, 0xff, 0xff,
    0xfc, 0xdf, 0xff, 0xff, 0xff, 0xfc, 0xdf, 0xff,
    0xff, 0xff, 0xfc, 0x0, 0xb, 0xff, 0xa0, 0x0,
    0x0, 0xb, 0xff, 0xa0, 0x0, 0x0, 0xb, 0xff,
    0xa0, 0x0,

    /* U+002C "," */
    0x0, 0x46, 0x66, 0x60, 0x0, 0xdf, 0xff, 0xe0,
    0x0, 0xff, 0xff, 0x90, 0x2, 0xff, 0xff, 0x40,
    0x5, 0xff, 0xff, 0x0, 0x8, 0xff, 0xfb, 0x0,
    0xb, 0xff, 0xf6, 0x0, 0xe, 0xff, 0xf1, 0x0,
    0x1f, 0xff, 0xc0, 0x0,

    /* U+002D "-" */
    0x26, 0x66, 0x66, 0x64, 0x7f, 0xff, 0xff, 0xfc,
    0x7f, 0xff, 0xff, 0xfc, 0x7f, 0xff, 0xff, 0xfc,
    0x7f, 0xff, 0xff, 0xfc,

    /* U+002E "." */
    0x2, 0x22, 0x22, 0x3f, 0xff, 0xfd, 0x3f, 0xff,
    0xfd, 0x3f, 0xff, 0xfd, 0x3f, 0xff, 0xfd, 0x3f,
    0xff, 0xfd,

    /* U+002F "/" */
    0x0, 0x0, 0x0, 0x9, 0xff, 0xf9, 0x0, 0x0,
    0x0, 0xe, 0xff, 0xf4, 0x0, 0x0, 0x0, 0x3f,
    0xff, 0xf0, 0x0, 0x0, 0x0, 0x7f, 0xff, 0xb0,
    0x0, 0x0, 0x0, 0xcf, 0xff, 0x60, 0x0, 0x0,
    0x1, 0xff, 0xff, 0x10, 0x0, 0x0, 0x6, 0xff,
    0xfd, 0x0, 0x0, 0x0, 0xa, 0xff, 0xf8, 0x0,
    0x0, 0x0, 0xf, 0xff, 0xf3, 0x0, 0x0, 0x0,
    0x4f, 0xff, 0xe0, 0x0, 0x0, 0x0, 0x8f, 0xff,
    0xa0, 0x0, 0x0, 0x0, 0xdf, 0xff, 0x50, 0x0,
    0x0, 0x2, 0xff, 0xff, 0x10, 0x0, 0x0, 0x6,
    0xff, 0xfc, 0x0, 0x0, 0x0, 0xb, 0xff, 0xf7,
    0x0, 0x0, 0x0, 0xf, 0xff, 0xf3, 0x0, 0x0,
    0x0, 0x5f, 0xff, 0xe0, 0x0, 0x0, 0x0, 0x9f,
    0xff, 0x90, 0x0, 0x0, 0x0, 0xef, 0xff, 0x40,
    0x0, 0x0, 0x3, 0xff, 0xff, 0x0, 0x0, 0x0,
    0x7, 0xff, 0xfb, 0x0, 0x0, 0x0, 0xc, 0xff,
    0xf6, 0x0, 0x0, 0x0, 0x1f, 0xff, 0xf2, 0x0,
    0x0, 0x0, 0x5f, 0xff, 0xd0, 0x0, 0x0, 0x0,
    0xaf, 0xff, 0x80, 0x0, 0x0, 0x0,

    /* U+0030 "0" */
    0x0, 0x0, 0x17, 0xce, 0xfe, 0xc7, 0x10, 0x0,
    0x0, 0x0, 0x5e, 0xff, 0xff, 0xff, 0xff, 0x60,
    0x0, 0x0, 0x5f, 0xff, 0xff, 0xff, 0xff, 0xff,
    0x70, 0x0, 0x2f, 0xff, 0xff, 0xff, 0xff, 0xff,
    0xff, 0x30, 0xa, 0xff, 0xff, 0xd4, 0x14, 0xcf,
    0xff, 0xfb, 0x0, 0xff, 0xff, 0xf1, 0x0, 0x1,
    0xef, 0xff, 0xf1, 0x4f, 0xff, 0xf9, 0x0, 0x0,
    0x8, 0xff, 0xff, 0x56, 0xff, 0xff, 0x50, 0x0,
    0x0, 0x5f, 0xff, 0xf7, 0x7f, 0xff, 0xf4, 0x0,
    0x0, 0x3, 0xff, 0xff, 0x88, 0xff, 0xff, 0x40,
    0x0, 0x0, 0x3f, 0xff, 0xf9, 0x8f, 0xff, 0xf4,
    0x0, 0x0, 0x3, 0xff, 0xff, 0x86, 0xff, 0xff,
    0x50, 0x0, 0x0, 0x5f, 0xff, 0xf7, 0x4f, 0xff,
    0xf9, 0x0, 0x0, 0x8, 0xff, 0xff, 0x50, 0xff,
    0xff, 0xf1, 0x0, 0x1, 0xef, 0xff, 0xf1, 0xa,
    0xff, 0xff, 0xd4, 0x14, 0xcf, 0xff, 0xfb, 0x0,
    0x2f, 0xff, 0xff, 0xff, 0xff, 0xff, 0xff, 0x30,
    0x0, 0x6f, 0xff, 0xff, 0xff, 0xff, 0xff, 0x60,
    0x0, 0x0, 0x6f, 0xff, 0xff, 0xff, 0xff, 0x50,
    0x0, 0x0, 0x0, 0x17, 0xce, 0xfe, 0xc7, 0x10,
    0x0, 0x0,

    /* U+0031 "1" */
    0xaf, 0xff, 0xff, 0xfc, 0xaf, 0xff, 0xff, 0xfc,
    0xaf, 0xff, 0xff, 0xfc, 0xaf, 0xff, 0xff, 0xfc,
    0x13, 0x3f, 0xff, 0xfc, 0x0, 0xf, 0xff, 0xfc,
    0x0, 0xf, 0xff, 0xfc, 0x0, 0xf, 0xff, 0xfc,
    0x0, 0xf, 0xff, 0xfc, 0x0, 0xf, 0xff, 0xfc,
    0x0, 0xf, 0xff, 0xfc, 0x0, 0xf, 0xff, 0xfc,
    0x0, 0xf, 0xff, 0xfc, 0x0, 0xf, 0xff, 0xfc,
    0x0, 0xf, 0xff, 0xfc, 0x0, 0xf, 0xff, 0xfc,
    0x0, 0xf, 0xff, 0xfc, 0x0, 0xf, 0xff, 0xfc,
    0x0, 0xf, 0xff, 0xfc,

    /* U+0032 "2" */
    0x0, 0x0, 0x5a, 0xef, 0xfd, 0xa4, 0x0, 0x0,
    0x0, 0x1c, 0xff, 0xff, 0xff, 0xff, 0xa0, 0x0,
    0x0, 0xdf, 0xff, 0xff, 0xff, 0xff, 0xfa, 0x0,
    0x8, 0xff, 0xff, 0xff, 0xff, 0xff, 0xff, 0x30,
    0xf, 0xff, 0xff, 0x72, 0x3c, 0xff, 0xff, 0x70,
    0x4f, 0xff, 0xf9, 0x0, 0x3, 0xff, 0xff, 0x90,
    0x6f, 0xff, 0xf5, 0x0, 0x4, 0xff, 0xff, 0x90,
    0x25, 0x55, 0x51, 0x0, 0xb, 0xff, 0xff, 0x50,
    0x0, 0x0, 0x0, 0x0, 0x8f, 0xff, 0xfe, 0x0,
    0x0, 0x0, 0x0, 0x8, 0xff, 0xff, 0xf4, 0x0,
    0x0, 0x0, 0x0, 0xaf, 0xff, 0xff, 0x60, 0x0,
    0x0, 0x0, 0x1b, 0xff, 0xff, 0xf6, 0x0, 0x0,
    0x0, 0x1, 0xdf, 0xff, 0xff, 0x50, 0x0, 0x0,
    0x0, 0x3e, 0xff, 0xff, 0xe3, 0x0, 0x0, 0x0,
    0x4, 0xff, 0xff, 0xfe, 0x43, 0x33, 0x33, 0x30,
    0x3f, 0xff, 0xff, 0xff, 0xff, 0xff, 0xff, 0xf1,
    0x4f, 0xff, 0xff, 0xff, 0xff, 0xff, 0xff, 0xf1,
    0x4f, 0xff, 0xff, 0xff, 0xff, 0xff, 0xff, 0xf1,
    0x4f, 0xff, 0xff, 0xff, 0xff, 0xff, 0xff, 0xf1,

    /* U+0033 "3" */
    0x0, 0x0, 0x39, 0xdf, 0xfe, 0xb6, 0x0, 0x0,
    0x0, 0xa, 0xff, 0xff, 0xff, 0xff, 0xd3, 0x0,
    0x0, 0xbf, 0xff, 0xff, 0xff, 0xff, 0xff, 0x20,
    0x6, 0xff, 0xff, 0xff, 0xff, 0xff, 0xff, 0xa0,
    0xd, 0xff, 0xff, 0x82, 0x28, 0xff, 0xff, 0xe0,
    0x2f, 0xff, 0xf9, 0x0, 0x0, 0xef, 0xff, 0xe0,
    0x2b, 0xbb, 0xb3, 0x0, 0x1, 0xff, 0xff, 0xb0,
    0x0, 0x0, 0x0, 0x68, 0xaf, 0xff, 0xff, 0x30,
    0x0, 0x0, 0x0, 0xcf, 0xff, 0xff, 0xe5, 0x0,
    0x0, 0x0, 0x0, 0xcf, 0xff, 0xff, 0xd4, 0x0,
    0x0, 0x0, 0x0, 0xcf, 0xff, 0xff, 0xff, 0x50,
    0x24, 0x44, 0x40, 0x0, 0x4, 0xef, 0xff, 0xe0,
    0x8f, 0xff, 0xf1, 0x0, 0x0, 0x8f, 0xff, 0xf3,
    0x6f, 0xff, 0xf7, 0x0, 0x0, 0xaf, 0xff, 0xf5,
    0x1f, 0xff, 0xff, 0x83, 0x27, 0xff, 0xff, 0xf3,
    0xa, 0xff, 0xff, 0xff, 0xff, 0xff, 0xff, 0xd0,
    0x1, 0xef, 0xff, 0xff, 0xff, 0xff, 0xff, 0x30,
    0x0, 0x1c, 0xff, 0xff, 0xff, 0xff, 0xd3, 0x0,
    0x0, 0x0, 0x5a, 0xef, 0xfe, 0xb6, 0x0, 0x0,

    /* U+0034 "4" */
    0x0, 0x0, 0x0, 0x8, 0xff, 0xff, 0xff, 0x70,
    0x0, 0x0, 0x0, 0x0, 0x2f, 0xff, 0xff, 0xff,
    0x70, 0x0, 0x0, 0x0, 0x0, 0xbf, 0xff, 0xff,
    0xff, 0x70, 0x0, 0x0, 0x0, 0x5, 0xff, 0xff,
    0xff, 0xff, 0x70, 0x0, 0x0, 0x0, 0xe, 0xff,
    0xfa, 0xff, 0xff, 0x70, 0x0, 0x0, 0x0, 0x8f,
    0xff, 0xe2, 0xff, 0xff, 0x70, 0x0, 0x0, 0x2,
    0xff, 0xff, 0x61, 0xff, 0xff, 0x70, 0x0, 0x0,
    0xb, 0xff, 0xfc, 0x1, 0xff, 0xff, 0x70, 0x0,
    0x0, 0x5f, 0xff, 0xf3, 0x1, 0xff, 0xff, 0x70,
    0x0, 0x0, 0xef, 0xff, 0xa0, 0x1, 0xff, 0xff,
    0x70, 0x0, 0x8, 0xff, 0xff, 0x10, 0x1, 0xff,
    0xff, 0x70, 0x0, 0x2f, 0xff, 0xf7, 0x0, 0x1,
    0xff, 0xff, 0x70, 0x0, 0x8f, 0xff, 0xff, 0xff,
    0xff, 0xff, 0xff, 0xff, 0xf5, 0x8f, 0xff, 0xff,
    0xff, 0xff, 0xff, 0xff, 0xff, 0xf5, 0x8f, 0xff,
    0xff, 0xff, 0xff, 0xff, 0xff, 0xff, 0xf5, 0x8f,
    0xff, 0xff, 0xff, 0xff, 0xff, 0xff, 0xff, 0xf4,
    0x0, 0x0, 0x0, 0x0, 0x4, 0xff, 0xff, 0x70,
    0x0, 0x0, 0x0, 0x0, 0x0, 0x4, 0xff, 0xff,
    0x70, 0x0, 0x0, 0x0, 0x0, 0x0, 0x4, 0xff,
    0xff, 0x70, 0x0,

    /* U+0035 "5" */
    0x2, 0xff, 0xff, 0xff, 0xff, 0xff, 0xff, 0x10,
    0x3, 0xff, 0xff, 0xff, 0xff, 0xff, 0xff, 0x10,
    0x4, 0xff, 0xff, 0xff, 0xff, 0xff, 0xff, 0x10,
    0x4, 0xff, 0xff, 0xff, 0xff, 0xff, 0xff, 0x10,
    0x5, 0xff, 0xfd, 0x33, 0x33, 0x33, 0x33, 0x0,
    0x6, 0xff, 0xfb, 0x0, 0x0, 0x0, 0x0, 0x0,
    0x7, 0xff, 0xfc, 0x8d, 0xef, 0xd9, 0x20, 0x0,
    0x8, 0xff, 0xff, 0xff, 0xff, 0xff, 0xf5, 0x0,
    0x9, 0xff, 0xff, 0xff, 0xff, 0xff, 0xff, 0x40,
    0xa, 0xff, 0xff, 0xff, 0xff, 0xff, 0xff, 0xd0,
    0x9, 0xff, 0xfd, 0x51, 0x27, 0xff, 0xff, 0xf2,
    0x0, 0x4, 0x60, 0x0, 0x0, 0x9f, 0xff, 0xf5,
    0x0, 0x1, 0x0, 0x0, 0x0, 0x7f, 0xff, 0xf5,
    0x0, 0x4f, 0x80, 0x0, 0x0, 0xbf, 0xff, 0xf4,
    0x4, 0xff, 0xfb, 0x41, 0x28, 0xff, 0xff, 0xf0,
    0x3f, 0xff, 0xff, 0xff, 0xff, 0xff, 0xff, 0x80,
    0xa, 0xff, 0xff, 0xff, 0xff, 0xff, 0xfb, 0x0,
    0x0, 0x8f, 0xff, 0xff, 0xff, 0xff, 0x90, 0x0,
    0x0, 0x2, 0x7c, 0xef, 0xfd, 0x93, 0x0, 0x0,

    /* U+0036 "6" */
    0x0, 0x0, 0x0, 0x2e, 0xff, 0xff, 0xc0, 0x0,
    0x0, 0x0, 0x1, 0xef, 0xff, 0xfc, 0x0, 0x0,
    0x0, 0x0, 0xd, 0xff, 0xff, 0xc0, 0x0, 0x0,
    0x0, 0x0, 0xbf, 0xff, 0xfc, 0x0, 0x0, 0x0,
    0x0, 0x8, 0xff, 0xff, 0xc0, 0x0, 0x0, 0x0,
    0x0, 0x4f, 0xff, 0xff, 0xa9, 0x62, 0x0, 0x0,
    0x0, 0xef, 0xff, 0xff, 0xff, 0xff, 0xb1, 0x0,
    0x7, 0xff, 0xff, 0xff, 0xff, 0xff, 0xfe, 0x10,
    0xe, 0xff, 0xff, 0xff, 0xff, 0xff, 0xff, 0xb0,
    0x3f, 0xff, 0xff, 0x81, 0x17, 0xff, 0xff, 0xf2,
    0x6f, 0xff, 0xf9, 0x0, 0x0, 0x9f, 0xff, 0xf6,
    0x8f, 0xff, 0xf4, 0x0, 0x0, 0x5f, 0xff, 0xf7,
    0x8f, 0xff, 0xf4, 0x0, 0x0, 0x5f, 0xff, 0xf7,
    0x6f, 0xff, 0xfa, 0x0, 0x0, 0xbf, 0xff, 0xf4,
    0x2f, 0xff, 0xff, 0x82, 0x3a, 0xff, 0xff, 0xe0,
    0xc, 0xff, 0xff, 0xff, 0xff, 0xff, 0xff, 0x70,
    0x2, 0xef, 0xff, 0xff, 0xff, 0xff, 0xfa, 0x0,
    0x0, 0x3d, 0xff, 0xff, 0xff, 0xff, 0x80, 0x0,
    0x0, 0x0, 0x6b, 0xef, 0xfd, 0x82, 0x0, 0x0,

    /* U+0037 "7" */
    0x9f, 0xff, 0xff, 0xff, 0xff, 0xff, 0xfc, 0x9f,
    0xff, 0xff, 0xff, 0xff, 0xff, 0xfc, 0x9f, 0xff,
    0xff, 0xff, 0xff, 0xff, 0xfc, 0x9f, 0xff, 0xff,
    0xff, 0xff, 0xff, 0xfc, 0x13, 0x33, 0x33, 0x33,
    0x5f, 0xff, 0xf8, 0x0, 0x0, 0x0, 0x0, 0xaf,
    0xff, 0xf1, 0x0, 0x0, 0x0, 0x2, 0xff, 0xff,
    0xa0, 0x0, 0x0, 0x0, 0x9, 0xff, 0xff, 0x30,
    0x0, 0x0, 0x0, 0x1f, 0xff, 0xfb, 0x0, 0x0,
    0x0, 0x0, 0x9f, 0xff, 0xf4, 0x0, 0x0, 0x0,
    0x1, 0xff, 0xff, 0xd0, 0x0, 0x0, 0x0, 0x8,
    0xff, 0xff, 0x50, 0x0, 0x0, 0x0, 0x1f, 0xff,
    0xfe, 0x0, 0x0, 0x0, 0x0, 0x8f, 0xff, 0xf7,
    0x0, 0x0, 0x0, 0x1, 0xff, 0xff, 0xf1, 0x0,
    0x0, 0x0, 0x8, 0xff, 0xff, 0x80, 0x0, 0x0,
    0x0, 0xe, 0xff, 0xff, 0x10, 0x0, 0x0, 0x0,
    0x7f, 0xff, 0xfa, 0x0, 0x0, 0x0, 0x0, 0xef,
    0xff, 0xf3, 0x0, 0x0, 0x0,

    /* U+0038 "8" */
    0x0, 0x0, 0x6b, 0xef, 0xfe, 0xb7, 0x10, 0x0,
    0x0, 0x4e, 0xff, 0xff, 0xff, 0xff, 0xe5, 0x0,
    0x3, 0xff, 0xff, 0xff, 0xff, 0xff, 0xff, 0x40,
    0xc, 0xff, 0xff, 0xff, 0xff, 0xff, 0xff, 0xc0,
    0xf, 0xff, 0xff, 0x50, 0x4, 0xef, 0xff, 0xf0,
    0xf, 0xff, 0xfa, 0x0, 0x0, 0xaf, 0xff, 0xf0,
    0xc, 0xff, 0xfe, 0x30, 0x3, 0xef, 0xff, 0xc0,
    0x4, 0xff, 0xff, 0xff, 0xff, 0xff, 0xff, 0x30,
    0x0, 0x5e, 0xff, 0xff, 0xff, 0xff, 0xe4, 0x0,
    0x0, 0x6f, 0xff, 0xff, 0xff, 0xff, 0xf8, 0x0,
    0x6, 0xff, 0xff, 0xff, 0xff, 0xff, 0xff, 0x80,
    0x1f, 0xff, 0xfe, 0x41, 0x4, 0xdf, 0xff, 0xf1,
    0x5f, 0xff, 0xf4, 0x0, 0x0, 0x4f, 0xff, 0xf6,
    0x7f, 0xff, 0xf4, 0x0, 0x0, 0x4f, 0xff, 0xf7,
    0x5f, 0xff, 0xfd, 0x40, 0x4, 0xdf, 0xff, 0xf5,
    0x1f, 0xff, 0xff, 0xff, 0xff, 0xff, 0xff, 0xf1,
    0x6, 0xff, 0xff, 0xff, 0xff, 0xff, 0xff, 0x60,
    0x0, 0x6f, 0xff, 0xff, 0xff, 0xff, 0xe5, 0x0,
    0x0, 0x1, 0x7b, 0xef, 0xfe, 0xb6, 0x10, 0x0,

    /* U+0039 "9" */
    0x0, 0x0, 0x39, 0xdf, 0xfe, 0xa5, 0x0, 0x0,
    0x0, 0xa, 0xff, 0xff, 0xff, 0xff, 0xc1, 0x0,
    0x0, 0xcf, 0xff, 0xff, 0xff, 0xff, 0xfd, 0x10,
    0x9, 0xff, 0xff, 0xff, 0xff, 0xff, 0xff, 0x90,
    0x1f, 0xff, 0xff, 0x93, 0x39, 0xff, 0xff, 0xf1,
    0x6f, 0xff, 0xf9, 0x0, 0x0, 0xcf, 0xff, 0xf4,
    0x9f, 0xff, 0xf3, 0x0, 0x0, 0x7f, 0xff, 0xf6,
    0x9f, 0xff, 0xf3, 0x0, 0x0, 0x6f, 0xff, 0xf6,
    0x8f, 0xff, 0xf7, 0x0, 0x0, 0xbf, 0xff, 0xf4,
    0x4f, 0xff, 0xff, 0x61, 0x29, 0xff, 0xff, 0xf1,
    0xd, 0xff, 0xff, 0xff, 0xff, 0xff, 0xff, 0xc0,
    0x3, 0xff, 0xff, 0xff, 0xff, 0xff, 0xff, 0x50,
    0x0, 0x2c, 0xff, 0xff, 0xff, 0xff, 0xfc, 0x0,
    0x0, 0x0, 0x37, 0x9b, 0xff, 0xff, 0xf2, 0x0,
    0x0, 0x0, 0x0, 0x1d, 0xff, 0xff, 0x60, 0x0,
    0x0, 0x0, 0x1, 0xdf, 0xff, 0xf9, 0x0, 0x0,
    0x0, 0x0, 0x1d, 0xff, 0xff, 0xb0, 0x0, 0x0,
    0x0, 0x1, 0xdf, 0xff, 0xfd, 0x0, 0x0, 0x0,
    0x0, 0x1d, 0xff, 0xff, 0xe1, 0x0, 0x0, 0x0,

    /* U+003A ":" */
    0x1f, 0xff, 0xff, 0x1f, 0xff, 0xff, 0x1f, 0xff,
    0xff, 0x1f, 0xff, 0xff, 0x1f, 0xff, 0xff, 0x2,
    0x22, 0x22, 0x0, 0x0, 0x0, 0x0, 0x0, 0x0,
    0x2, 0x22, 0x22, 0x1f, 0xff, 0xff, 0x1f, 0xff,
    0xff, 0x1f, 0xff, 0xff, 0x1f, 0xff, 0xff, 0x1f,
    0xff, 0xff,

    /* U+003B ";" */
    0x1, 0xff, 0xff, 0xf0, 0x1, 0xff, 0xff, 0xf0,
    0x1, 0xff, 0xff, 0xf0, 0x1, 0xff, 0xff, 0xf0,
    0x1, 0xff, 0xff, 0xf0, 0x0, 0x22, 0x22, 0x20,
    0x0, 0x0, 0x0, 0x0, 0x0, 0x0, 0x0, 0x0,
    0x0, 0x46, 0x66, 0x60, 0x0, 0xdf, 0xff, 0xe0,
    0x0, 0xff, 0xff, 0x90, 0x2, 0xff, 0xff, 0x40,
    0x5, 0xff, 0xff, 0x0, 0x8, 0xff, 0xfb, 0x0,
    0xb, 0xff, 0xf6, 0x0, 0xe, 0xff, 0xf1, 0x0,
    0x1f, 0xff, 0xc0, 0x0,

    /* U+003C "<" */
    0x0, 0x0, 0x0, 0x1, 0x70, 0x0, 0x0, 0x19,
    0xfe, 0x0, 0x2, 0x9f, 0xff, 0xe0, 0x29, 0xff,
    0xff, 0xfe, 0x9f, 0xff, 0xff, 0xfc, 0x4f, 0xff,
    0xff, 0xa3, 0x0, 0xff, 0xfd, 0x20, 0x0, 0xf,
    0xff, 0xfe, 0x70, 0x0, 0xcf, 0xff, 0xff, 0xf9,
    0x20, 0x5d, 0xff, 0xff, 0xfd, 0x0, 0x5, 0xcf,
    0xff, 0xe0, 0x0, 0x0, 0x4c, 0xfe, 0x0, 0x0,
    0x0, 0x4, 0xa0,

    /* U+003D "=" */
    0xdf, 0xff, 0xff, 0xff, 0xfc, 0xdf, 0xff, 0xff,
    0xff, 0xfc, 0xdf, 0xff, 0xff, 0xff, 0xfc, 0x12,
    0x22, 0x22, 0x22, 0x21, 0xdf, 0xff, 0xff, 0xff,
    0xfc, 0xdf, 0xff, 0xff, 0xff, 0xfc, 0xdf, 0xff,
    0xff, 0xff, 0xfc, 0x12, 0x22, 0x22, 0x22, 0x21,

    /* U+003E ">" */
    0x62, 0x0, 0x0, 0x0, 0x0, 0xbf, 0xa2, 0x0,
    0x0, 0x0, 0xbf, 0xff, 0xa3, 0x0, 0x0, 0xbf,
    0xff, 0xff, 0xb3, 0x0, 0x3b, 0xff, 0xff, 0xff,
    0xb1, 0x0, 0x29, 0xff, 0xff, 0xf2, 0x0, 0x0,
    0x1b, 0xff, 0xf2, 0x0, 0x6, 0xdf, 0xff, 0xf2,
    0x17, 0xef, 0xff, 0xff, 0xe1, 0xbf, 0xff, 0xff,
    0xe6, 0x0, 0xbf, 0xff, 0xd6, 0x0, 0x0, 0xbf,
    0xd6, 0x0, 0x0, 0x0, 0x85, 0x0, 0x0, 0x0,
    0x0,

    /* U+003F "?" */
    0x0, 0x0, 0x7b, 0xef, 0xfc, 0x81, 0x0, 0x0,
    0x3e, 0xff, 0xff, 0xff, 0xff, 0x40, 0x2, 0xff,
    0xff, 0xff, 0xff, 0xff, 0xf2, 0xb, 0xff, 0xff,
    0xff, 0xff, 0xff, 0xfa, 0x2f, 0xff, 0xfe, 0x53,
    0x8f, 0xff, 0xfe, 0x6f, 0xff, 0xf5, 0x0, 0xe,
    0xff, 0xff, 0x8f, 0xff, 0xf0, 0x0, 0x1f, 0xff,
    0xfd, 0x24, 0x44, 0x30, 0x2, 0xdf, 0xff, 0xf9,
    0x0, 0x0, 0x0, 0x6f, 0xff, 0xff, 0xe1, 0x0,
    0x0, 0x9, 0xff, 0xff, 0xfe, 0x30, 0x0, 0x0,
    0x1f, 0xff, 0xff, 0xc1, 0x0, 0x0, 0x0, 0x1f,
    0xff, 0xf9, 0x0, 0x0, 0x0, 0x0, 0xe, 0xff,
    0xf1, 0x0, 0x0, 0x0, 0x0, 0x5, 0x77, 0x60,
    0x0, 0x0, 0x0, 0x0, 0x38, 0x88, 0x84, 0x0,
    0x0, 0x0, 0x0, 0x6f, 0xff, 0xf8, 0x0, 0x0,
    0x0, 0x0, 0x6f, 0xff, 0xf8, 0x0, 0x0, 0x0,
    0x0, 0x6f, 0xff, 0xf8, 0x0, 0x0, 0x0, 0x0,
    0x6f, 0xff, 0xf8, 0x0, 0x0,

    /* U+0040 "@" */
    0x0, 0x0, 0x0, 0x0, 0x37, 0xcd, 0xff, 0xeb,
    0x82, 0x0, 0x0, 0x0, 0x0, 0x0, 0x4, 0xce,
    0xa5, 0x42, 0x24, 0x6a, 0xfb, 0x10, 0x0, 0x0,
    0x0, 0xa, 0xe6, 0x0, 0x0, 0x0, 0x0, 0x1,
    0xae, 0x30, 0x0, 0x0, 0x1d, 0xc1, 0x0, 0x0,
    0x0, 0x0, 0x0, 0x0, 0x7e, 0x20, 0x0, 0xd,
    0xa0, 0x0, 0x0, 0x0, 0x0, 0x0, 0x0, 0x0,
    0xab, 0x0, 0xa, 0xc0, 0x0, 0x5, 0xbe, 0xfd,
    0x86, 0xff, 0xf4, 0x2, 0xf3, 0x3, 0xf2, 0x0,
    0xa, 0xff, 0xff, 0xff, 0xff, 0xff, 0x0, 0xc,
    0x80, 0xc9, 0x0, 0xa, 0xff, 0xff, 0xff, 0xff,
    0xff, 0xb0, 0x0, 0x9a, 0x2f, 0x20, 0x4, 0xff,
    0xfe, 0x52, 0x8f, 0xff, 0xf7, 0x0, 0x7, 0xc6,
    0xd0, 0x0, 0xbf, 0xff, 0x30, 0x0, 0xcf, 0xff,
    0x20, 0x0, 0x7c, 0xa9, 0x0, 0xf, 0xff, 0xc0,
    0x0, 0xb, 0xff, 0xe0, 0x0, 0x9, 0xab, 0x80,
    0x2, 0xff, 0xf9, 0x0, 0x0, 0xdf, 0xf9, 0x0,
    0x0, 0xc7, 0xd6, 0x0, 0x2f, 0xff, 0xb0, 0x0,
    0x5f, 0xff, 0x50, 0x0, 0x2f, 0x3c, 0x70, 0x0,
    0xff, 0xff, 0x62, 0x6f, 0xff, 0xf2, 0x0, 0xb,
    0xc0, 0xb8, 0x0, 0xb, 0xff, 0xff, 0xff, 0xff,
    0xff, 0x60, 0x9, 0xf3, 0x8, 0xc0, 0x0, 0x2e,
    0xff, 0xff, 0xff, 0xdf, 0xff, 0xdf, 0xf5, 0x0,
    0x3f, 0x10, 0x0, 0x2a, 0xef, 0xe9, 0x21, 0x9e,
    0xfe, 0x92, 0x0, 0x0, 0xc9, 0x0, 0x0, 0x0,
    0x0, 0x0, 0x0, 0x0, 0x0, 0x0, 0x0, 0x3,
    0xf5, 0x0, 0x0, 0x0, 0x0, 0x0, 0x0, 0x0,
    0x0, 0x0, 0x0, 0x5, 0xf7, 0x0, 0x0, 0x0,
    0x0, 0x1, 0x0, 0x0, 0x0, 0x0, 0x0, 0x4,
    0xed, 0x73, 0x10, 0x2, 0x5a, 0xf4, 0x0, 0x0,
    0x0, 0x0, 0x0, 0x0, 0x6b, 0xff, 0xff, 0xfd,
    0x93, 0x0, 0x0, 0x0, 0x0, 0x0, 0x0, 0x0,
    0x0, 0x12, 0x20, 0x0, 0x0, 0x0, 0x0, 0x0,
    0x0,

    /* U+0041 "A" */
    0x0, 0x0, 0x0, 0x0, 0xcf, 0xff, 0xfe, 0x0,
    0x0, 0x0, 0x0, 0x0, 0x0, 0x0, 0x3, 0xff,
    0xff, 0xff, 0x40, 0x0, 0x0, 0x0, 0x0, 0x0,
    0x0, 0x9, 0xff, 0xff, 0xff, 0xb0, 0x0, 0x0,
    0x0, 0x0, 0x0, 0x0, 0xf, 0xff, 0xff, 0xff,
    0xf1, 0x0, 0x0, 0x0, 0x0, 0x0, 0x0, 0x6f,
    0xff, 0xff, 0xff, 0xf7, 0x0, 0x0, 0x0, 0x0,
    0x0, 0x0, 0xcf, 0xff, 0xff, 0xff, 0xfe, 0x0,
    0x0, 0x0, 0x0, 0x0, 0x2, 0xff, 0xff, 0xcc,
    0xff, 0xff, 0x40, 0x0, 0x0, 0x0, 0x0, 0x9,
    0xff, 0xff, 0x66, 0xff, 0xff, 0xa0, 0x0, 0x0,
    0x0, 0x0, 0xe, 0xff, 0xff, 0x1, 0xff, 0xff,
    0xf1, 0x0, 0x0, 0x0, 0x0, 0x5f, 0xff, 0xfa,
    0x0, 0xaf, 0xff, 0xf7, 0x0, 0x0, 0x0, 0x0,
    0xcf, 0xff, 0xf3, 0x0, 0x4f, 0xff, 0xfd, 0x0,
    0x0, 0x0, 0x2, 0xff, 0xff, 0xe3, 0x33, 0x3f,
    0xff, 0xff, 0x40, 0x0, 0x0, 0x8, 0xff, 0xff,
    0xff, 0xff, 0xff, 0xff, 0xff, 0xa0, 0x0, 0x0,
    0xe, 0xff, 0xff, 0xff, 0xff, 0xff, 0xff, 0xff,
    0xf1, 0x0, 0x0, 0x5f, 0xff, 0xff, 0xff, 0xff,
    0xff, 0xff, 0xff, 0xf7, 0x0, 0x0, 0xbf, 0xff,
    0xff, 0xff, 0xff, 0xff, 0xff, 0xff, 0xfd, 0x0,
    0x2, 0xff, 0xff, 0xe0, 0x0, 0x0, 0x0, 0xe,
    0xff, 0xff, 0x30, 0x8, 0xff, 0xff, 0x70, 0x0,
    0x0, 0x0, 0x8, 0xff, 0xff, 0xa0, 0xe, 0xff,
    0xff, 0x10, 0x0, 0x0, 0x0, 0x1, 0xff, 0xff,
    0xf1,

    /* U+0042 "B" */
    0xdf, 0xff, 0xff, 0xff, 0xff, 0xfd, 0x93, 0x0,
    0xd, 0xff, 0xff, 0xff, 0xff, 0xff, 0xff, 0xfa,
    0x0, 0xdf, 0xff, 0xff, 0xff, 0xff, 0xff, 0xff,
    0xf9, 0xd, 0xff, 0xff, 0xff, 0xff, 0xff, 0xff,
    0xff, 0xf1, 0xdf, 0xff, 0xf3, 0x33, 0x33, 0x6f,
    0xff, 0xff, 0x5d, 0xff, 0xff, 0x0, 0x0, 0x0,
    0x8f, 0xff, 0xf5, 0xdf, 0xff, 0xf0, 0x0, 0x0,
    0x9, 0xff, 0xff, 0x3d, 0xff, 0xff, 0x33, 0x33,
    0x37, 0xff, 0xff, 0xe0, 0xdf, 0xff, 0xff, 0xff,
    0xff, 0xff, 0xff, 0xf4, 0xd, 0xff, 0xff, 0xff,
    0xff, 0xff, 0xff, 0xe2, 0x0, 0xdf, 0xff, 0xff,
    0xff, 0xff, 0xff, 0xff, 0xe5, 0xd, 0xff, 0xff,
    0xff, 0xff, 0xff, 0xff, 0xff, 0xf3, 0xdf, 0xff,
    0xf0, 0x0, 0x0, 0x17, 0xff, 0xff, 0xad, 0xff,
    0xff, 0x0, 0x0, 0x0, 0xf, 0xff, 0xfc, 0xdf,
    0xff, 0xf3, 0x33, 0x33, 0x4a, 0xff, 0xff, 0xcd,
    0xff, 0xff, 0xff, 0xff, 0xff, 0xff, 0xff, 0xf9,
    0xdf, 0xff, 0xff, 0xff, 0xff, 0xff, 0xff, 0xfe,
    0x1d, 0xff, 0xff, 0xff, 0xff, 0xff, 0xff, 0xfd,
    0x30, 0xdf, 0xff, 0xff, 0xff, 0xff, 0xfd, 0xa5,
    0x0, 0x0,

    /* U+0043 "C" */
    0x0, 0x0, 0x0, 0x49, 0xde, 0xff, 0xc8, 0x20,
    0x0, 0x0, 0x0, 0x3, 0xcf, 0xff, 0xff, 0xff,
    0xff, 0x90, 0x0, 0x0, 0x5, 0xff, 0xff, 0xff,
    0xff, 0xff, 0xff, 0xc0, 0x0, 0x4, 0xff, 0xff,
    0xff, 0xff, 0xff, 0xff, 0xff, 0xa0, 0x1, 0xff,
    0xff, 0xff, 0xa5, 0x46, 0xcf, 0xff, 0xff, 0x30,
    0x9f, 0xff, 0xfe, 0x30, 0x0, 0x0, 0x8f, 0xfd,
    0x40, 0xf, 0xff, 0xff, 0x40, 0x0, 0x0, 0x0,
    0xa7, 0x0, 0x3, 0xff, 0xff, 0xc0, 0x0, 0x0,
    0x0, 0x0, 0x0, 0x0, 0x5f, 0xff, 0xf9, 0x0,
    0x0, 0x0, 0x0, 0x0, 0x0, 0x6, 0xff, 0xff,
    0x80, 0x0, 0x0, 0x0, 0x0, 0x0, 0x0, 0x5f,
    0xff, 0xf9, 0x0, 0x0, 0x0, 0x0, 0x0, 0x0,
    0x4, 0xff, 0xff, 0xd0, 0x0, 0x0, 0x0, 0x0,
    0x0, 0x0, 0xf, 0xff, 0xff, 0x50, 0x0, 0x0,
    0x0, 0x89, 0x0, 0x0, 0xaf, 0xff, 0xff, 0x40,
    0x0, 0x0, 0x7f, 0xfe, 0x50, 0x2, 0xff, 0xff,
    0xff, 0xa5, 0x57, 0xdf, 0xff, 0xff, 0x20, 0x7,
    0xff, 0xff, 0xff, 0xff, 0xff, 0xff, 0xff, 0x90,
    0x0, 0x8, 0xff, 0xff, 0xff, 0xff, 0xff, 0xff,
    0xa0, 0x0, 0x0, 0x5, 0xef, 0xff, 0xff, 0xff,
    0xff, 0x60, 0x0, 0x0, 0x0, 0x0, 0x5a, 0xdf,
    0xfe, 0xb6, 0x10, 0x0, 0x0,

    /* U+0044 "D" */
    0xdf, 0xff, 0xff, 0xff, 0xed, 0xa6, 0x10, 0x0,
    0x0, 0xdf, 0xff, 0xff, 0xff, 0xff, 0xff, 0xf9,
    0x0, 0x0, 0xdf, 0xff, 0xff, 0xff, 0xff, 0xff,
    0xff, 0xd2, 0x0, 0xdf, 0xff, 0xff, 0xff, 0xff,
    0xff, 0xff, 0xfd, 0x10, 0xdf, 0xff, 0xf6, 0x66,
    0x7a, 0xff, 0xff, 0xff, 0x90, 0xdf, 0xff, 0xf0,
    0x0, 0x0, 0x2c, 0xff, 0xff, 0xf1, 0xdf, 0xff,
    0xf0, 0x0, 0x0, 0x1, 0xef, 0xff, 0xf6, 0xdf,
    0xff, 0xf0, 0x0, 0x0, 0x0, 0x7f, 0xff, 0xfa,
    0xdf, 0xff, 0xf0, 0x0, 0x0, 0x0, 0x3f, 0xff,
    0xfb, 0xdf, 0xff, 0xf0, 0x0, 0x0, 0x0, 0x2f,
    0xff, 0xfc, 0xdf, 0xff, 0xf0, 0x0, 0x0, 0x0,
    0x3f, 0xff, 0xfb, 0xdf, 0xff, 0xf0, 0x0, 0x0,
    0x0, 0x7f, 0xff, 0xf9, 0xdf, 0xff, 0xf0, 0x0,
    0x0, 0x1, 0xef, 0xff, 0xf5, 0xdf, 0xff, 0xf0,
    0x0, 0x0, 0x1c, 0xff, 0xff, 0xf1, 0xdf, 0xff,
    0xf6, 0x55, 0x7a, 0xff, 0xff, 0xff, 0x70, 0xdf,
    0xff, 0xff, 0xff, 0xff, 0xff, 0xff, 0xfb, 0x0,
    0xdf, 0xff, 0xff, 0xff, 0xff, 0xff, 0xff, 0xb0,
    0x0, 0xdf, 0xff, 0xff, 0xff, 0xff, 0xff, 0xe7,
    0x0, 0x0, 0xdf, 0xff, 0xff, 0xff, 0xed, 0xa6,
    0x0, 0x0, 0x0,

    /* U+0045 "E" */
    0xdf, 0xff, 0xff, 0xff, 0xff, 0xff, 0xff, 0x6d,
    0xff, 0xff, 0xff, 0xff, 0xff, 0xff, 0xf6, 0xdf,
    0xff, 0xff, 0xff, 0xff, 0xff, 0xff, 0x6d, 0xff,
    0xff, 0xff, 0xff, 0xff, 0xff, 0xf6, 0xdf, 0xff,
    0xf3, 0x33, 0x33, 0x33, 0x33, 0x1d, 0xff, 0xff,
    0x0, 0x0, 0x0, 0x0, 0x0, 0xdf, 0xff, 0xf0,
    0x0, 0x0, 0x0, 0x0, 0xd, 0xff, 0xff, 0x33,
    0x33, 0x33, 0x33, 0x20, 0xdf, 0xff, 0xff, 0xff,
    0xff, 0xff, 0xfa, 0xd, 0xff, 0xff, 0xff, 0xff,
    0xff, 0xff, 0xa0, 0xdf, 0xff, 0xff, 0xff, 0xff,
    0xff, 0xfa, 0xd, 0xff, 0xff, 0xff, 0xff, 0xff,
    0xff, 0xa0, 0xdf, 0xff, 0xf0, 0x0, 0x0, 0x0,
    0x0, 0xd, 0xff, 0xff, 0x0, 0x0, 0x0, 0x0,
    0x0, 0xdf, 0xff, 0xf3, 0x33, 0x33, 0x33, 0x33,
    0x1d, 0xff, 0xff, 0xff, 0xff, 0xff, 0xff, 0xf6,
    0xdf, 0xff, 0xff, 0xff, 0xff, 0xff, 0xff, 0x6d,
    0xff, 0xff, 0xff, 0xff, 0xff, 0xff, 0xf6, 0xdf,
    0xff, 0xff, 0xff, 0xff, 0xff, 0xff, 0x60,

    /* U+0046 "F" */
    0xdf, 0xff, 0xff, 0xff, 0xff, 0xff, 0xff, 0x2d,
    0xff, 0xff, 0xff, 0xff, 0xff, 0xff, 0xf2, 0xdf,
    0xff, 0xff, 0xff, 0xff, 0xff, 0xff, 0x2d, 0xff,
    0xff, 0xff, 0xff, 0xff, 0xff, 0xf2, 0xdf, 0xff,
    0xf3, 0x33, 0x33, 0x33, 0x33, 0xd, 0xff, 0xff,
    0x0, 0x0, 0x0, 0x0, 0x0, 0xdf, 0xff, 0xf0,
    0x0, 0x0, 0x0, 0x0, 0xd, 0xff, 0xff, 0x0,
    0x0, 0x0, 0x0, 0x0, 0xdf, 0xff, 0xff, 0xff,
    0xff, 0xff, 0xf6, 0xd, 0xff, 0xff, 0xff, 0xff,
    0xff, 0xff, 0x60, 0xdf, 0xff, 0xff, 0xff, 0xff,
    0xff, 0xf6, 0xd, 0xff, 0xff, 0xff, 0xff, 0xff,
    0xff, 0x60, 0xdf, 0xff, 0xf3, 0x33, 0x33, 0x33,
    0x31, 0xd, 0xff, 0xff, 0x0, 0x0, 0x0, 0x0,
    0x0, 0xdf, 0xff, 0xf0, 0x0, 0x0, 0x0, 0x0,
    0xd, 0xff, 0xff, 0x0, 0x0, 0x0, 0x0, 0x0,
    0xdf, 0xff, 0xf0, 0x0, 0x0, 0x0, 0x0, 0xd,
    0xff, 0xff, 0x0, 0x0, 0x0, 0x0, 0x0, 0xdf,
    0xff, 0xf0, 0x0, 0x0, 0x0, 0x0, 0x0,

    /* U+0047 "G" */
    0x0, 0x0, 0x0, 0x49, 0xce, 0xff, 0xc8, 0x30,
    0x0, 0x0, 0x0, 0x0, 0x3c, 0xff, 0xff, 0xff,
    0xff, 0xfa, 0x10, 0x0, 0x0, 0x5, 0xff, 0xff,
    0xff, 0xff, 0xff, 0xff, 0xe2, 0x0, 0x0, 0x4f,
    0xff, 0xff, 0xff, 0xff, 0xff, 0xff, 0xfe, 0x10,
    0x1, 0xff, 0xff, 0xff, 0xa6, 0x46, 0xaf, 0xff,
    0xf9, 0x0, 0x9, 0xff, 0xff, 0xf4, 0x0, 0x0,
    0x2, 0xdf, 0x60, 0x0, 0xf, 0xff, 0xff, 0x50,
    0x0, 0x0, 0x0, 0x12, 0x0, 0x0, 0x3f, 0xff,
    0xfd, 0x0, 0x0, 0x0, 0x0, 0x0, 0x0, 0x0,
    0x5f, 0xff, 0xf9, 0x0, 0x6, 0xff, 0xff, 0xff,
    0xff, 0xf7, 0x6f, 0xff, 0xf8, 0x0, 0x6, 0xff,
    0xff, 0xff, 0xff, 0xf8, 0x5f, 0xff, 0xf9, 0x0,
    0x6, 0xff, 0xff, 0xff, 0xff, 0xf7, 0x4f, 0xff,
    0xfd, 0x0, 0x6, 0xff, 0xff, 0xff, 0xff, 0xf6,
    0xf, 0xff, 0xff, 0x40, 0x0, 0x0, 0x0, 0x9f,
    0xff, 0xf2, 0xa, 0xff, 0xff, 0xe3, 0x0, 0x0,
    0x4, 0xff, 0xff, 0xd0, 0x2, 0xff, 0xff, 0xff,
    0x95, 0x45, 0xaf, 0xff, 0xff, 0x60, 0x0, 0x6f,
    0xff, 0xff, 0xff, 0xff, 0xff, 0xff, 0xfc, 0x0,
    0x0, 0x8, 0xff, 0xff, 0xff, 0xff, 0xff, 0xff,
    0xd1, 0x0, 0x0, 0x0, 0x5d, 0xff, 0xff, 0xff,
    0xff, 0xfa, 0x0, 0x0, 0x0, 0x0, 0x0, 0x5a,
    0xdf, 0xfe, 0xc8, 0x20, 0x0, 0x0,

    /* U+0048 "H" */
    0xdf, 0xff, 0xf0, 0x0, 0x0, 0x0, 0x2f, 0xff,
    0xfc, 0xdf, 0xff, 0xf0, 0x0, 0x0, 0x0, 0x2f,
    0xff, 0xfc, 0xdf, 0xff, 0xf0, 0x0, 0x0, 0x0,
    0x2f, 0xff, 0xfc, 0xdf, 0xff, 0xf0, 0x0, 0x0,
    0x0, 0x2f, 0xff, 0xfc, 0xdf, 0xff, 0xf0, 0x0,
    0x0, 0x0, 0x2f, 0xff, 0xfc, 0xdf, 0xff, 0xf0,
    0x0, 0x0, 0x0, 0x2f, 0xff, 0xfc, 0xdf, 0xff,
    0xf0, 0x0, 0x0, 0x0, 0x2f, 0xff, 0xfc, 0xdf,
    0xff, 0xf6, 0x55, 0x55, 0x55, 0x7f, 0xff, 0xfc,
    0xdf, 0xff, 0xff, 0xff, 0xff, 0xff, 0xff, 0xff,
    0xfc, 0xdf, 0xff, 0xff, 0xff, 0xff, 0xff, 0xff,
    0xff, 0xfc, 0xdf, 0xff, 0xff, 0xff, 0xff, 0xff,
    0xff, 0xff, 0xfc, 0xdf, 0xff, 0xff, 0xff, 0xff,
    0xff, 0xff, 0xff, 0xfc, 0xdf, 0xff, 0xf0, 0x0,
    0x0, 0x0, 0x2f, 0xff, 0xfc, 0xdf, 0xff, 0xf0,
    0x0, 0x0, 0x0, 0x2f, 0xff, 0xfc, 0xdf, 0xff,
    0xf0, 0x0, 0x0, 0x0, 0x2f, 0xff, 0xfc, 0xdf,
    0xff, 0xf0, 0x0, 0x0, 0x0, 0x2f, 0xff, 0xfc,
    0xdf, 0xff, 0xf0, 0x0, 0x0, 0x0, 0x2f, 0xff,
    0xfc, 0xdf, 0xff, 0xf0, 0x0, 0x0, 0x0, 0x2f,
    0xff, 0xfc, 0xdf, 0xff, 0xf0, 0x0, 0x0, 0x0,
    0x2f, 0xff, 0xfc,

    /* U+0049 "I" */
    0xcf, 0xff, 0xf1, 0xcf, 0xff, 0xf1, 0xcf, 0xff,
    0xf1, 0xcf, 0xff, 0xf1, 0xcf, 0xff, 0xf1, 0xcf,
    0xff, 0xf1, 0xcf, 0xff, 0xf1, 0xcf, 0xff, 0xf1,
    0xcf, 0xff, 0xf1, 0xcf, 0xff, 0xf1, 0xcf, 0xff,
    0xf1, 0xcf, 0xff, 0xf1, 0xcf, 0xff, 0xf1, 0xcf,
    0xff, 0xf1, 0xcf, 0xff, 0xf1, 0xcf, 0xff, 0xf1,
    0xcf, 0xff, 0xf1, 0xcf, 0xff, 0xf1, 0xcf, 0xff,
    0xf1,

    /* U+004A "J" */
    0x0, 0x0, 0x0, 0x0, 0x0, 0xb, 0xff, 0xff,
    0x30, 0x0, 0x0, 0x0, 0x0, 0x0, 0xbf, 0xff,
    0xf3, 0x0, 0x0, 0x0, 0x0, 0x0, 0xb, 0xff,
    0xff, 0x30, 0x0, 0x0, 0x0, 0x0, 0x0, 0xbf,
    0xff, 0xf3, 0x0, 0x0, 0x0, 0x0, 0x0, 0xb,
    0xff, 0xff, 0x30, 0x0, 0x0, 0x0, 0x0, 0x0,
    0xbf, 0xff, 0xf3, 0x0, 0x0, 0x0, 0x0, 0x0,
    0xb, 0xff, 0xff, 0x30, 0x0, 0x0, 0x0, 0x0,
    0x0, 0xbf, 0xff, 0xf3, 0x0, 0x0, 0x0, 0x0,
    0x0, 0xb, 0xff, 0xff, 0x30, 0x0, 0x0, 0x0,
    0x0, 0x0, 0xbf, 0xff, 0xf3, 0x13, 0x33, 0x31,
    0x0, 0x0, 0xb, 0xff, 0xff, 0x35, 0xff, 0xff,
    0x70, 0x0, 0x0, 0xbf, 0xff, 0xf2, 0x4f, 0xff,
    0xfa, 0x0, 0x0, 0xe, 0xff, 0xff, 0x11, 0xff,
    0xff, 0xf2, 0x0, 0x5, 0xff, 0xff, 0xe0, 0xd,
    0xff, 0xff, 0xe7, 0x58, 0xff, 0xff, 0xfa, 0x0,
    0x6f, 0xff, 0xff, 0xff, 0xff, 0xff, 0xff, 0x30,
    0x0, 0xbf, 0xff, 0xff, 0xff, 0xff, 0xff, 0x80,
    0x0, 0x0, 0xbf, 0xff, 0xff, 0xff, 0xff, 0x70,
    0x0, 0x0, 0x0, 0x4a, 0xdf, 0xfe, 0xc8, 0x10,
    0x0, 0x0,

    /* U+004B "K" */
    0xdf, 0xff, 0xf0, 0x0, 0x0, 0x7, 0xff, 0xff,
    0xfd, 0x1d, 0xff, 0xff, 0x0, 0x0, 0x5, 0xff,
    0xff, 0xfd, 0x10, 0xdf, 0xff, 0xf0, 0x0, 0x3,
    0xff, 0xff, 0xfe, 0x10, 0xd, 0xff, 0xff, 0x0,
    0x2, 0xef, 0xff, 0xfe, 0x20, 0x0, 0xdf, 0xff,
    0xf0, 0x1, 0xdf, 0xff, 0xfe, 0x20, 0x0, 0xd,
    0xff, 0xff, 0x0, 0xcf, 0xff, 0xff, 0x30, 0x0,
    0x0, 0xdf, 0xff, 0xf0, 0xbf, 0xff, 0xff, 0x40,
    0x0, 0x0, 0xd, 0xff, 0xff, 0x9f, 0xff, 0xff,
    0x40, 0x0, 0x0, 0x0, 0xdf, 0xff, 0xff, 0xff,
    0xff, 0x50, 0x0, 0x0, 0x0, 0xd, 0xff, 0xff,
    0xff, 0xff, 0xe1, 0x0, 0x0, 0x0, 0x0, 0xdf,
    0xff, 0xff, 0xff, 0xff, 0xd1, 0x0, 0x0, 0x0,
    0xd, 0xff, 0xff, 0x7f, 0xff, 0xff, 0xc0, 0x0,
    0x0, 0x0, 0xdf, 0xff, 0xf0, 0x9f, 0xff, 0xff,
    0xa0, 0x0, 0x0, 0xd, 0xff, 0xff, 0x0, 0xbf,
    0xff, 0xff, 0x80, 0x0, 0x0, 0xdf, 0xff, 0xf0,
    0x1, 0xdf, 0xff, 0xff, 0x60, 0x0, 0xd, 0xff,
    0xff, 0x0, 0x2, 0xef, 0xff, 0xff, 0x40, 0x0,
    0xdf, 0xff, 0xf0, 0x0, 0x3, 0xff, 0xff, 0xff,
    0x30, 0xd, 0xff, 0xff, 0x0, 0x0, 0x6, 0xff,
    0xff, 0xfe, 0x20, 0xdf, 0xff, 0xf0, 0x0, 0x0,
    0x8, 0xff, 0xff, 0xfd, 0x10,

    /* U+004C "L" */
    0xdf, 0xff, 0xf0, 0x0, 0x0, 0x0, 0x0, 0xdf,
    0xff, 0xf0, 0x0, 0x0, 0x0, 0x0, 0xdf, 0xff,
    0xf0, 0x0, 0x0, 0x0, 0x0, 0xdf, 0xff, 0xf0,
    0x0, 0x0, 0x0, 0x0, 0xdf, 0xff, 0xf0, 0x0,
    0x0, 0x0, 0x0, 0xdf, 0xff, 0xf0, 0x0, 0x0,
    0x0, 0x0, 0xdf, 0xff, 0xf0, 0x0, 0x0, 0x0,
    0x0, 0xdf, 0xff, 0xf0, 0x0, 0x0, 0x0, 0x0,
    0xdf, 0xff, 0xf0, 0x0, 0x0, 0x0, 0x0, 0xdf,
    0xff, 0xf0, 0x0, 0x0, 0x0, 0x0, 0xdf, 0xff,
    0xf0, 0x0, 0x0, 0x0, 0x0, 0xdf, 0xff, 0xf0,
    0x0, 0x0, 0x0, 0x0, 0xdf, 0xff, 0xf0, 0x0,
    0x0, 0x0, 0x0, 0xdf, 0xff, 0xf0, 0x0, 0x0,
    0x0, 0x0, 0xdf, 0xff, 0xf4, 0x44, 0x44, 0x44,
    0x42, 0xdf, 0xff, 0xff, 0xff, 0xff, 0xff, 0xf7,
    0xdf, 0xff, 0xff, 0xff, 0xff, 0xff, 0xf7, 0xdf,
    0xff, 0xff, 0xff, 0xff, 0xff, 0xf7, 0xdf, 0xff,
    0xff, 0xff, 0xff, 0xff, 0xf7,

    /* U+004D "M" */
    0xdf, 0xff, 0xff, 0xf9, 0x0, 0x0, 0x0, 0xef,
    0xff, 0xff, 0xf8, 0xdf, 0xff, 0xff, 0xff, 0x0,
    0x0, 0x6, 0xff, 0xff, 0xff, 0xf8, 0xdf, 0xff,
    0xff, 0xff, 0x60, 0x0, 0xc, 0xff, 0xff, 0xff,
    0xf8, 0xdf, 0xff, 0xff, 0xff, 0xd0, 0x0, 0x3f,
    0xff, 0xff, 0xff, 0xf8, 0xdf, 0xff, 0xff, 0xff,
    0xf3, 0x0, 0xaf, 0xff, 0xff, 0xff, 0xf8, 0xdf,
    0xff, 0xff, 0xff, 0xfa, 0x1, 0xff, 0xff, 0xff,
    0xff, 0xf8, 0xdf, 0xff, 0xfa, 0xff, 0xff, 0x18,
    0xff, 0xff, 0x8f, 0xff, 0xf8, 0xdf, 0xff, 0xf3,
    0xff, 0xff, 0x8e, 0xff, 0xfc, 0x5f, 0xff, 0xf8,
    0xdf, 0xff, 0xf0, 0xcf, 0xff, 0xff, 0xff, 0xf5,
    0x5f, 0xff, 0xf8, 0xdf, 0xff, 0xf0, 0x6f, 0xff,
    0xff, 0xff, 0xe0, 0x5f, 0xff, 0xf8, 0xdf, 0xff,
    0xf0, 0xe, 0xff, 0xff, 0xff, 0x70, 0x5f, 0xff,
    0xf8, 0xdf, 0xff, 0xf0, 0x8, 0xff, 0xff, 0xff,
    0x10, 0x5f, 0xff, 0xf8, 0xdf, 0xff, 0xf0, 0x1,
    0xff, 0xff, 0xf9, 0x0, 0x5f, 0xff, 0xf8, 0xdf,
    0xff, 0xf0, 0x0, 0xaf, 0xff, 0xf2, 0x0, 0x5f,
    0xff, 0xf8, 0xdf, 0xff, 0xf0, 0x0, 0x26, 0x66,
    0x40, 0x0, 0x5f, 0xff, 0xf8, 0xdf, 0xff, 0xf0,
    0x0, 0x0, 0x0, 0x0, 0x0, 0x5f, 0xff, 0xf8,
    0xdf, 0xff, 0xf0, 0x0, 0x0, 0x0, 0x0, 0x0,
    0x5f, 0xff, 0xf8, 0xdf, 0xff, 0xf0, 0x0, 0x0,
    0x0, 0x0, 0x0, 0x5f, 0xff, 0xf8, 0xdf, 0xff,
    0xf0, 0x0, 0x0, 0x0, 0x0, 0x0, 0x5f, 0xff,
    0xf8,

    /* U+004E "N" */
    0xdf, 0xff, 0xf6, 0x0, 0x0, 0x0, 0xf, 0xff,
    0xfc, 0xdf, 0xff, 0xff, 0x20, 0x0, 0x0, 0xf,
    0xff, 0xfc, 0xdf, 0xff, 0xff, 0xc0, 0x0, 0x0,
    0xf, 0xff, 0xfc, 0xdf, 0xff, 0xff, 0xf8, 0x0,
    0x0, 0xf, 0xff, 0xfc, 0xdf, 0xff, 0xff, 0xff,
    0x30, 0x0, 0xf, 0xff, 0xfc, 0xdf, 0xff, 0xff,
    0xff, 0xe0, 0x0, 0xf, 0xff, 0xfc, 0xdf, 0xff,
    0xff, 0xff, 0xfa, 0x0, 0xf, 0xff, 0xfc, 0xdf,
    0xff, 0xff, 0xff, 0xff, 0x50, 0xf, 0xff, 0xfc,
    0xdf, 0xff, 0xd8, 0xff, 0xff, 0xe1, 0xf, 0xff,
    0xfc, 0xdf, 0xff, 0xd0, 0xdf, 0xff, 0xfb, 0xf,
    0xff, 0xfc, 0xdf, 0xff, 0xd0, 0x2f, 0xff, 0xff,
    0x7f, 0xff, 0xfc, 0xdf, 0xff, 0xd0, 0x7, 0xff,
    0xff, 0xff, 0xff, 0xfc, 0xdf, 0xff, 0xd0, 0x0,
    0xbf, 0xff, 0xff, 0xff, 0xfc, 0xdf, 0xff, 0xd0,
    0x0, 0x1e, 0xff, 0xff, 0xff, 0xfc, 0xdf, 0xff,
    0xd0, 0x0, 0x5, 0xff, 0xff, 0xff, 0xfc, 0xdf,
    0xff, 0xd0, 0x0, 0x0, 0xaf, 0xff, 0xff, 0xfc,
    0xdf, 0xff, 0xd0, 0x0, 0x0, 0xd, 0xff, 0xff,
    0xfc, 0xdf, 0xff, 0xd0, 0x0, 0x0, 0x3, 0xff,
    0xff, 0xfc, 0xdf, 0xff, 0xd0, 0x0, 0x0, 0x0,
    0x8f, 0xff, 0xfc,

    /* U+004F "O" */
    0x0, 0x0, 0x0, 0x49, 0xde, 0xfe, 0xc8, 0x20,
    0x0, 0x0, 0x0, 0x0, 0x3d, 0xff, 0xff, 0xff,
    0xff, 0xf9, 0x0, 0x0, 0x0, 0x6, 0xff, 0xff,
    0xff, 0xff, 0xff, 0xff, 0xd2, 0x0, 0x0, 0x5f,
    0xff, 0xff, 0xff, 0xff, 0xff, 0xff, 0xfd, 0x10,
    0x1, 0xff, 0xff, 0xff, 0x95, 0x57, 0xdf, 0xff,
    0xff, 0xa0, 0x9, 0xff, 0xff, 0xe3, 0x0, 0x0,
    0x9, 0xff, 0xff, 0xf2, 0xf, 0xff, 0xff, 0x40,
    0x0, 0x0, 0x0, 0xcf, 0xff, 0xf8, 0x3f, 0xff,
    0xfc, 0x0, 0x0, 0x0, 0x0, 0x4f, 0xff, 0xfc,
    0x5f, 0xff, 0xf9, 0x0, 0x0, 0x0, 0x0, 0xf,
    0xff, 0xfe, 0x6f, 0xff, 0xf8, 0x0, 0x0, 0x0,
    0x0, 0xf, 0xff, 0xff, 0x5f, 0xff, 0xf9, 0x0,
    0x0, 0x0, 0x0, 0xf, 0xff, 0xfe, 0x4f, 0xff,
    0xfd, 0x0, 0x0, 0x0, 0x0, 0x4f, 0xff, 0xfc,
    0xf, 0xff, 0xff, 0x50, 0x0, 0x0, 0x0, 0xcf,
    0xff, 0xf8, 0xa, 0xff, 0xff, 0xe3, 0x0, 0x0,
    0x9, 0xff, 0xff, 0xf2, 0x2, 0xff, 0xff, 0xff,
    0xa5, 0x47, 0xdf, 0xff, 0xff, 0x90, 0x0, 0x6f,
    0xff, 0xff, 0xff, 0xff, 0xff, 0xff, 0xfd, 0x0,
    0x0, 0x7, 0xff, 0xff, 0xff, 0xff, 0xff, 0xff,
    0xd1, 0x0, 0x0, 0x0, 0x4d, 0xff, 0xff, 0xff,
    0xff, 0xf9, 0x0, 0x0, 0x0, 0x0, 0x0, 0x5a,
    0xdf, 0xfe, 0xc7, 0x20, 0x0, 0x0,

    /* U+0050 "P" */
    0xdf, 0xff, 0xff, 0xff, 0xff, 0xea, 0x50, 0x0,
    0xd, 0xff, 0xff, 0xff, 0xff, 0xff, 0xff, 0xc2,
    0x0, 0xdf, 0xff, 0xff, 0xff, 0xff, 0xff, 0xff,
    0xe1, 0xd, 0xff, 0xff, 0xff, 0xff, 0xff, 0xff,
    0xff, 0x90, 0xdf, 0xff, 0xf6, 0x66, 0x67, 0xdf,
    0xff, 0xff, 0xd, 0xff, 0xff, 0x0, 0x0, 0x0,
    0xef, 0xff, 0xf3, 0xdf, 0xff, 0xf0, 0x0, 0x0,
    0xa, 0xff, 0xff, 0x4d, 0xff, 0xff, 0x0, 0x0,
    0x0, 0xcf, 0xff, 0xf3, 0xdf, 0xff, 0xf0, 0x0,
    0x1, 0x8f, 0xff, 0xff, 0xd, 0xff, 0xff, 0xff,
    0xff, 0xff, 0xff, 0xff, 0xa0, 0xdf, 0xff, 0xff,
    0xff, 0xff, 0xff, 0xff, 0xe2, 0xd, 0xff, 0xff,
    0xff, 0xff, 0xff, 0xff, 0xe3, 0x0, 0xdf, 0xff,
    0xff, 0xff, 0xff, 0xfe, 0x81, 0x0, 0xd, 0xff,
    0xff, 0x55, 0x54, 0x42, 0x0, 0x0, 0x0, 0xdf,
    0xff, 0xf0, 0x0, 0x0, 0x0, 0x0, 0x0, 0xd,
    0xff, 0xff, 0x0, 0x0, 0x0, 0x0, 0x0, 0x0,
    0xdf, 0xff, 0xf0, 0x0, 0x0, 0x0, 0x0, 0x0,
    0xd, 0xff, 0xff, 0x0, 0x0, 0x0, 0x0, 0x0,
    0x0, 0xdf, 0xff, 0xf0, 0x0, 0x0, 0x0, 0x0,
    0x0, 0x0,

    /* U+0051 "Q" */
    0x0, 0x0, 0x0, 0x49, 0xde, 0xfe, 0xc7, 0x20,
    0x0, 0x0, 0x0, 0x0, 0x3c, 0xff, 0xff, 0xff,
    0xff, 0xf9, 0x0, 0x0, 0x0, 0x5, 0xff, 0xff,
    0xff, 0xff, 0xff, 0xff, 0xc1, 0x0, 0x0, 0x4f,
    0xff, 0xff, 0xff, 0xff, 0xff, 0xff, 0xfc, 0x0,
    0x1, 0xef, 0xff, 0xff, 0xa5, 0x57, 0xdf, 0xff,
    0xff, 0x90, 0x8, 0xff, 0xff, 0xf3, 0x0, 0x0,
    0xa, 0xff, 0xff, 0xf1, 0xe, 0xff, 0xff, 0x50,
    0x0, 0x0, 0x0, 0xdf, 0xff, 0xf7, 0x3f, 0xff,
    0xfd, 0x0, 0x0, 0x0, 0x0, 0x5f, 0xff, 0xfb,
    0x5f, 0xff, 0xf9, 0x0, 0x0, 0x0, 0x0, 0x1f,
    0xff, 0xfe, 0x6f, 0xff, 0xf8, 0x0, 0x0, 0x0,
    0x0, 0xf, 0xff, 0xff, 0x6f, 0xff, 0xf8, 0x0,
    0x0, 0x0, 0x0, 0xf, 0xff, 0xff, 0x5f, 0xff,
    0xfb, 0x0, 0x0, 0x0, 0x0, 0x2f, 0xff, 0xfd,
    0x1f, 0xff, 0xff, 0x10, 0x0, 0x0, 0x0, 0x8f,
    0xff, 0xfa, 0xc, 0xff, 0xff, 0xa0, 0x0, 0x0,
    0x2, 0xff, 0xff, 0xf5, 0x5, 0xff, 0xff, 0xfa,
    0x10, 0x0, 0x4e, 0xff, 0xff, 0xd0, 0x0, 0xcf,
    0xff, 0xff, 0xfc, 0xbd, 0xff, 0xff, 0xff, 0x40,
    0x0, 0x1e, 0xff, 0xff, 0xff, 0xff, 0xff, 0xff,
    0xf7, 0x0, 0x0, 0x2, 0xdf, 0xff, 0xff, 0xff,
    0xff, 0xff, 0x70, 0x0, 0x0, 0x0, 0x7, 0xef,
    0xff, 0xff, 0xff, 0xb3, 0x0, 0x0, 0x0, 0x0,
    0x0, 0x4, 0xef, 0xff, 0xa1, 0x0, 0x0, 0x0,
    0x0, 0x0, 0x0, 0x0, 0xbf, 0xff, 0xe8, 0x73,
    0x0, 0x0, 0x0, 0x0, 0x0, 0x0, 0x7f, 0xff,
    0xff, 0xf8, 0x0, 0x0, 0x0, 0x0, 0x0, 0x0,
    0xc, 0xff, 0xff, 0xf8, 0x0, 0x0, 0x0, 0x0,
    0x0, 0x0, 0x0, 0x7c, 0xef, 0xf8, 0x0, 0x0,

    /* U+0052 "R" */
    0xdf, 0xff, 0xff, 0xff, 0xff, 0xeb, 0x71, 0x0,
    0xd, 0xff, 0xff, 0xff, 0xff, 0xff, 0xff, 0xf6,
    0x0, 0xdf, 0xff, 0xff, 0xff, 0xff, 0xff, 0xff,
    0xf6, 0xd, 0xff, 0xff, 0xff, 0xff, 0xff, 0xff,
    0xff, 0xe0, 0xdf, 0xff, 0xf3, 0x33, 0x34, 0x9f,
    0xff, 0xff, 0x4d, 0xff, 0xff, 0x0, 0x0, 0x0,
    0xbf, 0xff, 0xf6, 0xdf, 0xff, 0xf0, 0x0, 0x0,
    0x8, 0xff, 0xff, 0x6d, 0xff, 0xff, 0x0, 0x0,
    0x0, 0xbf, 0xff, 0xf4, 0xdf, 0xff, 0xf2, 0x22,
    0x23, 0x9f, 0xff, 0xfe, 0xd, 0xff, 0xff, 0xff,
    0xff, 0xff, 0xff, 0xff, 0x60, 0xdf, 0xff, 0xff,
    0xff, 0xff, 0xff, 0xff, 0x60, 0xd, 0xff, 0xff,
    0xff, 0xff, 0xff, 0xfd, 0x10, 0x0, 0xdf, 0xff,
    0xff, 0xff, 0xff, 0xff, 0xf3, 0x0, 0xd, 0xff,
    0xff, 0x0, 0xe, 0xff, 0xff, 0xc0, 0x0, 0xdf,
    0xff, 0xf0, 0x0, 0x6f, 0xff, 0xff, 0x50, 0xd,
    0xff, 0xff, 0x0, 0x0, 0xcf, 0xff, 0xfe, 0x0,
    0xdf, 0xff, 0xf0, 0x0, 0x3, 0xff, 0xff, 0xf8,
    0xd, 0xff, 0xff, 0x0, 0x0, 0x9, 0xff, 0xff,
    0xf2, 0xdf, 0xff, 0xf0, 0x0, 0x0, 0x1f, 0xff,
    0xff, 0xa0,

    /* U+0053 "S" */
    0x0, 0x0, 0x17, 0xbe, 0xff, 0xeb, 0x71, 0x0,
    0x0, 0x0, 0x7, 0xff, 0xff, 0xff, 0xff, 0xff,
    0xa1, 0x0, 0x0, 0x9f, 0xff, 0xff, 0xff, 0xff,
    0xff, 0xfe, 0x40, 0x4, 0xff, 0xff, 0xff, 0xff,
    0xff, 0xff, 0xff, 0x20, 0xa, 0xff, 0xff, 0xc7,
    0x55, 0x8d, 0xff, 0xf7, 0x0, 0xd, 0xff, 0xfe,
    0x0, 0x0, 0x0, 0x4d, 0xc0, 0x0, 0xd, 0xff,
    0xff, 0x50, 0x0, 0x0, 0x0, 0x10, 0x0, 0xb,
    0xff, 0xff, 0xff, 0xdb, 0x96, 0x30, 0x0, 0x0,
    0x5, 0xff, 0xff, 0xff, 0xff, 0xff, 0xfe, 0x80,
    0x0, 0x0, 0x9f, 0xff, 0xff, 0xff, 0xff, 0xff,
    0xfd, 0x10, 0x0, 0x4, 0xbf, 0xff, 0xff, 0xff,
    0xff, 0xff, 0x90, 0x0, 0x0, 0x0, 0x36, 0x8a,
    0xcf, 0xff, 0xff, 0xf0, 0x0, 0x41, 0x0, 0x0,
    0x0, 0x1, 0xdf, 0xff, 0xf1, 0x1, 0xff, 0x81,
    0x0, 0x0, 0x0, 0xbf, 0xff, 0xf1, 0xb, 0xff,
    0xff, 0xb7, 0x54, 0x6b, 0xff, 0xff, 0xe0, 0x6f,
    0xff, 0xff, 0xff, 0xff, 0xff, 0xff, 0xff, 0x70,
    0x2c, 0xff, 0xff, 0xff, 0xff, 0xff, 0xff, 0xfc,
    0x0, 0x0, 0x6e, 0xff, 0xff, 0xff, 0xff, 0xff,
    0x90, 0x0, 0x0, 0x0, 0x48, 0xce, 0xff, 0xec,
    0x82, 0x0, 0x0,

    /* U+0054 "T" */
    0x8f, 0xff, 0xff, 0xff, 0xff, 0xff, 0xff, 0xff,
    0xf6, 0x8f, 0xff, 0xff, 0xff, 0xff, 0xff, 0xff,
    0xff, 0xf6, 0x8f, 0xff, 0xff, 0xff, 0xff, 0xff,
    0xff, 0xff, 0xf6, 0x8f, 0xff, 0xff, 0xff, 0xff,
    0xff, 0xff, 0xff, 0xf6, 0x36, 0x66, 0x66, 0xbf,
    0xff, 0xf9, 0x66, 0x66, 0x62, 0x0, 0x0, 0x0,
    0x8f, 0xff, 0xf6, 0x0, 0x0, 0x0, 0x0, 0x0,
    0x0, 0x8f, 0xff, 0xf6, 0x0, 0x0, 0x0, 0x0,
    0x0, 0x0, 0x8f, 0xff, 0xf6, 0x0, 0x0, 0x0,
    0x0, 0x0, 0x0, 0x8f, 0xff, 0xf6, 0x0, 0x0,
    0x0, 0x0, 0x0, 0x0, 0x8f, 0xff, 0xf6, 0x0,
    0x0, 0x0, 0x0, 0x0, 0x0, 0x8f, 0xff, 0xf6,
    0x0, 0x0, 0x0, 0x0, 0x0, 0x0, 0x8f, 0xff,
    0xf6, 0x0, 0x0, 0x0, 0x0, 0x0, 0x0, 0x8f,
    0xff, 0xf6, 0x0, 0x0, 0x0, 0x0, 0x0, 0x0,
    0x8f, 0xff, 0xf6, 0x0, 0x0, 0x0, 0x0, 0x0,
    0x0, 0x8f, 0xff, 0xf6, 0x0, 0x0, 0x0, 0x0,
    0x0, 0x0, 0x8f, 0xff, 0xf6, 0x0, 0x0, 0x0,
    0x0, 0x0, 0x0, 0x8f, 0xff, 0xf6, 0x0, 0x0,
    0x0, 0x0, 0x0, 0x0, 0x8f, 0xff, 0xf6, 0x0,
    0x0, 0x0, 0x0, 0x0, 0x0, 0x8f, 0xff, 0xf6,
    0x0, 0x0, 0x0,

    /* U+0055 "U" */
    0xf, 0xff, 0xfe, 0x0, 0x0, 0x0, 0x3, 0xff,
    0xff, 0xb0, 0xff, 0xff, 0xe0, 0x0, 0x0, 0x0,
    0x3f, 0xff, 0xfb, 0xf, 0xff, 0xfe, 0x0, 0x0,
    0x0, 0x3, 0xff, 0xff, 0xb0, 0xff, 0xff, 0xe0,
    0x0, 0x0, 0x0, 0x3f, 0xff, 0xfb, 0xf, 0xff,
    0xfe, 0x0, 0x0, 0x0, 0x3, 0xff, 0xff, 0xb0,
    0xff, 0xff, 0xe0, 0x0, 0x0, 0x0, 0x3f, 0xff,
    0xfb, 0xf, 0xff, 0xfe, 0x0, 0x0, 0x0, 0x3,
    0xff, 0xff, 0xb0, 0xff, 0xff, 0xe0, 0x0, 0x0,
    0x0, 0x3f, 0xff, 0xfb, 0xf, 0xff, 0xfe, 0x0,
    0x0, 0x0, 0x3, 0xff, 0xff, 0xb0, 0xff, 0xff,
    0xe0, 0x0, 0x0, 0x0, 0x3f, 0xff, 0xfb, 0xf,
    0xff, 0xfe, 0x0, 0x0, 0x0, 0x3, 0xff, 0xff,
    0xa0, 0xef, 0xff, 0xf0, 0x0, 0x0, 0x0, 0x4f,
    0xff, 0xf9, 0xc, 0xff, 0xff, 0x40, 0x0, 0x0,
    0x9, 0xff, 0xff, 0x70, 0x8f, 0xff, 0xfd, 0x10,
    0x0, 0x4, 0xff, 0xff, 0xf3, 0x2, 0xff, 0xff,
    0xfe, 0x84, 0x59, 0xff, 0xff, 0xfc, 0x0, 0x9,
    0xff, 0xff, 0xff, 0xff, 0xff, 0xff, 0xff, 0x30,
    0x0, 0xb, 0xff, 0xff, 0xff, 0xff, 0xff, 0xff,
    0x60, 0x0, 0x0, 0x9, 0xff, 0xff, 0xff, 0xff,
    0xfe, 0x40, 0x0, 0x0, 0x0, 0x2, 0x8c, 0xef,
    0xfd, 0xa5, 0x0, 0x0, 0x0,

    /* U+0056 "V" */
    0xe, 0xff, 0xff, 0x50, 0x0, 0x0, 0x0, 0x1,
    0xff, 0xff, 0xf1, 0x8, 0xff, 0xff, 0xb0, 0x0,
    0x0, 0x0, 0x7, 0xff, 0xff, 0xa0, 0x2, 0xff,
    0xff, 0xf1, 0x0, 0x0, 0x0, 0xd, 0xff, 0xff,
    0x30, 0x0, 0xbf, 0xff, 0xf7, 0x0, 0x0, 0x0,
    0x2f, 0xff, 0xfd, 0x0, 0x0, 0x5f, 0xff, 0xfd,
    0x0, 0x0, 0x0, 0x8f, 0xff, 0xf7, 0x0, 0x0,
    0xe, 0xff, 0xff, 0x30, 0x0, 0x0, 0xef, 0xff,
    0xf1, 0x0, 0x0, 0x8, 0xff, 0xff, 0x90, 0x0,
    0x4, 0xff, 0xff, 0xa0, 0x0, 0x0, 0x2, 0xff,
    0xff, 0xe0, 0x0, 0xa, 0xff, 0xff, 0x40, 0x0,
    0x0, 0x0, 0xbf, 0xff, 0xf5, 0x0, 0x1f, 0xff,
    0xfd, 0x0, 0x0, 0x0, 0x0, 0x5f, 0xff, 0xfb,
    0x0, 0x6f, 0xff, 0xf7, 0x0, 0x0, 0x0, 0x0,
    0xe, 0xff, 0xff, 0x10, 0xcf, 0xff, 0xf1, 0x0,
    0x0, 0x0, 0x0, 0x9, 0xff, 0xff, 0x72, 0xff,
    0xff, 0xb0, 0x0, 0x0, 0x0, 0x0, 0x2, 0xff,
    0xff, 0xd8, 0xff, 0xff, 0x40, 0x0, 0x0, 0x0,
    0x0, 0x0, 0xcf, 0xff, 0xff, 0xff, 0xfe, 0x0,
    0x0, 0x0, 0x0, 0x0, 0x0, 0x6f, 0xff, 0xff,
    0xff, 0xf8, 0x0, 0x0, 0x0, 0x0, 0x0, 0x0,
    0xf, 0xff, 0xff, 0xff, 0xf1, 0x0, 0x0, 0x0,
    0x0, 0x0, 0x0, 0x9, 0xff, 0xff, 0xff, 0xb0,
    0x0, 0x0, 0x0, 0x0, 0x0, 0x0, 0x3, 0xff,
    0xff, 0xff, 0x50, 0x0, 0x0, 0x0, 0x0, 0x0,
    0x0, 0x0, 0xcf, 0xff, 0xfe, 0x0, 0x0, 0x0,
    0x0,

    /* U+0057 "W" */
    0x9f, 0xff, 0xf8, 0x0, 0x0, 0xe, 0xff, 0xff,
    0x0, 0x0, 0x6, 0xff, 0xff, 0xb6, 0xff, 0xff,
    0xb0, 0x0, 0x3, 0xff, 0xff, 0xf4, 0x0, 0x0,
    0x9f, 0xff, 0xf7, 0x2f, 0xff, 0xfd, 0x0, 0x0,
    0x7f, 0xff, 0xff, 0x90, 0x0, 0xc, 0xff, 0xff,
    0x40, 0xff, 0xff, 0xf0, 0x0, 0xb, 0xff, 0xff,
    0xfd, 0x0, 0x0, 0xef, 0xff, 0xf1, 0xc, 0xff,
    0xff, 0x30, 0x0, 0xff, 0xff, 0xff, 0xf2, 0x0,
    0x1f, 0xff, 0xfd, 0x0, 0x8f, 0xff, 0xf5, 0x0,
    0x4f, 0xff, 0xff, 0xff, 0x60, 0x3, 0xff, 0xff,
    0xa0, 0x5, 0xff, 0xff, 0x80, 0x9, 0xff, 0xff,
    0xff, 0xfb, 0x0, 0x6f, 0xff, 0xf7, 0x0, 0x2f,
    0xff, 0xfb, 0x0, 0xdf, 0xff, 0xef, 0xff, 0xf0,
    0x9, 0xff, 0xff, 0x40, 0x0, 0xef, 0xff, 0xd0,
    0x2f, 0xff, 0xf5, 0xff, 0xff, 0x40, 0xbf, 0xff,
    0xf0, 0x0, 0xb, 0xff, 0xff, 0x6, 0xff, 0xfd,
    0xd, 0xff, 0xf8, 0xe, 0xff, 0xfd, 0x0, 0x0,
    0x8f, 0xff, 0xf2, 0xbf, 0xff, 0x90, 0x9f, 0xff,
    0xd1, 0xff, 0xff, 0xa0, 0x0, 0x5, 0xff, 0xff,
    0x5f, 0xff, 0xf4, 0x4, 0xff, 0xff, 0x5f, 0xff,
    0xf6, 0x0, 0x0, 0x1f, 0xff, 0xfc, 0xff, 0xff,
    0x0, 0xf, 0xff, 0xfc, 0xff, 0xff, 0x30, 0x0,
    0x0, 0xef, 0xff, 0xff, 0xff, 0xa0, 0x0, 0xaf,
    0xff, 0xff, 0xff, 0xf0, 0x0, 0x0, 0xb, 0xff,
    0xff, 0xff, 0xf5, 0x0, 0x5, 0xff, 0xff, 0xff,
    0xfc, 0x0, 0x0, 0x0, 0x8f, 0xff, 0xff, 0xff,
    0x10, 0x0, 0x1f, 0xff, 0xff, 0xff, 0x90, 0x0,
    0x0, 0x4, 0xff, 0xff, 0xff, 0xc0, 0x0, 0x0,
    0xcf, 0xff, 0xff, 0xf6, 0x0, 0x0, 0x0, 0x1f,
    0xff, 0xff, 0xf7, 0x0, 0x0, 0x7, 0xff, 0xff,
    0xff, 0x20, 0x0, 0x0, 0x0, 0xef, 0xff, 0xff,
    0x20, 0x0, 0x0, 0x2f, 0xff, 0xff, 0xf0, 0x0,
    0x0,

    /* U+0058 "X" */
    0x1e, 0xff, 0xff, 0xd0, 0x0, 0x0, 0x8, 0xff,
    0xff, 0xf4, 0x0, 0x4f, 0xff, 0xff, 0x90, 0x0,
    0x3, 0xff, 0xff, 0xf8, 0x0, 0x0, 0x9f, 0xff,
    0xff, 0x30, 0x0, 0xdf, 0xff, 0xfc, 0x0, 0x0,
    0x0, 0xdf, 0xff, 0xfd, 0x0, 0x8f, 0xff, 0xff,
    0x20, 0x0, 0x0, 0x2, 0xff, 0xff, 0xf8, 0x3f,
    0xff, 0xff, 0x50, 0x0, 0x0, 0x0, 0x6, 0xff,
    0xff, 0xfe, 0xff, 0xff, 0xa0, 0x0, 0x0, 0x0,
    0x0, 0xa, 0xff, 0xff, 0xff, 0xff, 0xd0, 0x0,
    0x0, 0x0, 0x0, 0x0, 0x1e, 0xff, 0xff, 0xff,
    0xf3, 0x0, 0x0, 0x0, 0x0, 0x0, 0x0, 0x3f,
    0xff, 0xff, 0xf7, 0x0, 0x0, 0x0, 0x0, 0x0,
    0x0, 0x0, 0xef, 0xff, 0xff, 0x30, 0x0, 0x0,
    0x0, 0x0, 0x0, 0x0, 0x9f, 0xff, 0xff, 0xfd,
    0x0, 0x0, 0x0, 0x0, 0x0, 0x0, 0x5f, 0xff,
    0xff, 0xff, 0xfa, 0x0, 0x0, 0x0, 0x0, 0x0,
    0x2f, 0xff, 0xff, 0xff, 0xff, 0xf6, 0x0, 0x0,
    0x0, 0x0, 0xc, 0xff, 0xff, 0xb8, 0xff, 0xff,
    0xf2, 0x0, 0x0, 0x0, 0x8, 0xff, 0xff, 0xe1,
    0xd, 0xff, 0xff, 0xc0, 0x0, 0x0, 0x4, 0xff,
    0xff, 0xf5, 0x0, 0x3f, 0xff, 0xff, 0x80, 0x0,
    0x1, 0xef, 0xff, 0xfa, 0x0, 0x0, 0x8f, 0xff,
    0xff, 0x40, 0x0, 0xbf, 0xff, 0xfe, 0x10, 0x0,
    0x0, 0xdf, 0xff, 0xfe, 0x10, 0x7f, 0xff, 0xff,
    0x40, 0x0, 0x0, 0x3, 0xff, 0xff, 0xfb, 0x0,

    /* U+0059 "Y" */
    0xb, 0xff, 0xff, 0xd0, 0x0, 0x0, 0x0, 0xbf,
    0xff, 0xfb, 0x0, 0x1f, 0xff, 0xff, 0x70, 0x0,
    0x0, 0x4f, 0xff, 0xff, 0x20, 0x0, 0x6f, 0xff,
    0xff, 0x10, 0x0, 0xd, 0xff, 0xff, 0x70, 0x0,
    0x0, 0xcf, 0xff, 0xfa, 0x0, 0x7, 0xff, 0xff,
    0xc0, 0x0, 0x0, 0x2, 0xff, 0xff, 0xf4, 0x1,
    0xff, 0xff, 0xf2, 0x0, 0x0, 0x0, 0x7, 0xff,
    0xff, 0xd0, 0xaf, 0xff, 0xf8, 0x0, 0x0, 0x0,
    0x0, 0xd, 0xff, 0xff, 0xaf, 0xff, 0xfd, 0x0,
    0x0, 0x0, 0x0, 0x0, 0x3f, 0xff, 0xff, 0xff,
    0xff, 0x30, 0x0, 0x0, 0x0, 0x0, 0x0, 0x8f,
    0xff, 0xff, 0xff, 0x90, 0x0, 0x0, 0x0, 0x0,
    0x0, 0x0, 0xdf, 0xff, 0xff, 0xe0, 0x0, 0x0,
    0x0, 0x0, 0x0, 0x0, 0x4, 0xff, 0xff, 0xf4,
    0x0, 0x0, 0x0, 0x0, 0x0, 0x0, 0x0, 0xe,
    0xff, 0xff, 0x0, 0x0, 0x0, 0x0, 0x0, 0x0,
    0x0, 0x0, 0xef, 0xff, 0xf0, 0x0, 0x0, 0x0,
    0x0, 0x0, 0x0, 0x0, 0xe, 0xff, 0xff, 0x0,
    0x0, 0x0, 0x0, 0x0, 0x0, 0x0, 0x0, 0xef,
    0xff, 0xf0, 0x0, 0x0, 0x0, 0x0, 0x0, 0x0,
    0x0, 0xe, 0xff, 0xff, 0x0, 0x0, 0x0, 0x0,
    0x0, 0x0, 0x0, 0x0, 0xef, 0xff, 0xf0, 0x0,
    0x0, 0x0, 0x0, 0x0, 0x0, 0x0, 0xe, 0xff,
    0xff, 0x0, 0x0, 0x0, 0x0, 0x0, 0x0, 0x0,
    0x0, 0xef, 0xff, 0xf0, 0x0, 0x0, 0x0, 0x0,

    /* U+005A "Z" */
    0xf, 0xff, 0xff, 0xff, 0xff, 0xff, 0xff, 0xff,
    0xf1, 0xf, 0xff, 0xff, 0xff, 0xff, 0xff, 0xff,
    0xff, 0xf1, 0xf, 0xff, 0xff, 0xff, 0xff, 0xff,
    0xff, 0xff, 0xf1, 0xf, 0xff, 0xff, 0xff, 0xff,
    0xff, 0xff, 0xff, 0xf0, 0x0, 0x0, 0x0, 0x0,
    0x1, 0xcf, 0xff, 0xff, 0x40, 0x0, 0x0, 0x0,
    0x0, 0xa, 0xff, 0xff, 0xf6, 0x0, 0x0, 0x0,
    0x0, 0x0, 0x8f, 0xff, 0xff, 0x80, 0x0, 0x0,
    0x0, 0x0, 0x6, 0xff, 0xff, 0xfa, 0x0, 0x0,
    0x0, 0x0, 0x0, 0x4f, 0xff, 0xff, 0xb0, 0x0,
    0x0, 0x0, 0x0, 0x3, 0xff, 0xff, 0xfc, 0x0,
    0x0, 0x0, 0x0, 0x0, 0x1e, 0xff, 0xff, 0xd1,
    0x0, 0x0, 0x0, 0x0, 0x1, 0xdf, 0xff, 0xfe,
    0x20, 0x0, 0x0, 0x0, 0x0, 0xb, 0xff, 0xff,
    0xf3, 0x0, 0x0, 0x0, 0x0, 0x0, 0xaf, 0xff,
    0xff, 0x40, 0x0, 0x0, 0x0, 0x0, 0x8, 0xff,
    0xff, 0xf7, 0x0, 0x0, 0x0, 0x0, 0x0, 0x3f,
    0xff, 0xff, 0xff, 0xff, 0xff, 0xff, 0xff, 0xf6,
    0x4f, 0xff, 0xff, 0xff, 0xff, 0xff, 0xff, 0xff,
    0xf6, 0x4f, 0xff, 0xff, 0xff, 0xff, 0xff, 0xff,
    0xff, 0xf6, 0x4f, 0xff, 0xff, 0xff, 0xff, 0xff,
    0xff, 0xff, 0xf6,

    /* U+005B "[" */
    0x8f, 0xff, 0xff, 0xff, 0xff, 0x8, 0xff, 0xff,
    0xff, 0xff, 0xf0, 0x8f, 0xff, 0xff, 0xff, 0xff,
    0x8, 0xff, 0xff, 0xdd, 0xdd, 0xd0, 0x8f, 0xff,
    0xe0, 0x0, 0x0, 0x8, 0xff, 0xfe, 0x0, 0x0,
    0x0, 0x8f, 0xff, 0xe0, 0x0, 0x0, 0x8, 0xff,
    0xfe, 0x0, 0x0, 0x0, 0x8f, 0xff, 0xe0, 0x0,
    0x0, 0x8, 0xff, 0xfe, 0x0, 0x0, 0x0, 0x8f,
    0xff, 0xe0, 0x0, 0x0, 0x8, 0xff, 0xfe, 0x0,
    0x0, 0x0, 0x8f, 0xff, 0xe0, 0x0, 0x0, 0x8,
    0xff, 0xfe, 0x0, 0x0, 0x0, 0x8f, 0xff, 0xe0,
    0x0, 0x0, 0x8, 0xff, 0xfe, 0x0, 0x0, 0x0,
    0x8f, 0xff, 0xe0, 0x0, 0x0, 0x8, 0xff, 0xfe,
    0x0, 0x0, 0x0, 0x8f, 0xff, 0xe0, 0x0, 0x0,
    0x8, 0xff, 0xfe, 0x0, 0x0, 0x0, 0x8f, 0xff,
    0xe0, 0x0, 0x0, 0x8, 0xff, 0xff, 0xdd, 0xdd,
    0xd0, 0x8f, 0xff, 0xff, 0xff, 0xff, 0x8, 0xff,
    0xff, 0xff, 0xff, 0xf0, 0x8f, 0xff, 0xff, 0xff,
    0xff, 0x0,

    /* U+005C "\\" */
    0xaf, 0xff, 0x80, 0x0, 0x0, 0x0, 0x5f, 0xff,
    0xd0, 0x0, 0x0, 0x0, 0x1f, 0xff, 0xf2, 0x0,
    0x0, 0x0, 0xc, 0xff, 0xf6, 0x0, 0x0, 0x0,
    0x7, 0xff, 0xfb, 0x0, 0x0, 0x0, 0x3, 0xff,
    0xff, 0x0, 0x0, 0x0, 0x0, 0xef, 0xff, 0x40,
    0x0, 0x0, 0x0, 0x9f, 0xff, 0x90, 0x0, 0x0,
    0x0, 0x5f, 0xff, 0xe0, 0x0, 0x0, 0x0, 0xf,
    0xff, 0xf3, 0x0, 0x0, 0x0, 0xb, 0xff, 0xf7,
    0x0, 0x0, 0x0, 0x6, 0xff, 0xfc, 0x0, 0x0,
    0x0, 0x2, 0xff, 0xff, 0x10, 0x0, 0x0, 0x0,
    0xdf, 0xff, 0x50, 0x0, 0x0, 0x0, 0x8f, 0xff,
    0xa0, 0x0, 0x0, 0x0, 0x4f, 0xff, 0xe0, 0x0,
    0x0, 0x0, 0xf, 0xff, 0xf3, 0x0, 0x0, 0x0,
    0xa, 0xff, 0xf8, 0x0, 0x0, 0x0, 0x6, 0xff,
    0xfd, 0x0, 0x0, 0x0, 0x1, 0xff, 0xff, 0x10,
    0x0, 0x0, 0x0, 0xcf, 0xff, 0x60, 0x0, 0x0,
    0x0, 0x7f, 0xff, 0xb0, 0x0, 0x0, 0x0, 0x3f,
    0xff, 0xf0, 0x0, 0x0, 0x0, 0xe, 0xff, 0xf4,
    0x0, 0x0, 0x0, 0x9, 0xff, 0xf9,

    /* U+005D "]" */
    0x7f, 0xff, 0xff, 0xff, 0xff, 0x17, 0xff, 0xff,
    0xff, 0xff, 0xf1, 0x7f, 0xff, 0xff, 0xff, 0xff,
    0x16, 0xdd, 0xdd, 0xef, 0xff, 0xf1, 0x0, 0x0,
    0x5, 0xff, 0xff, 0x10, 0x0, 0x0, 0x5f, 0xff,
    0xf1, 0x0, 0x0, 0x5, 0xff, 0xff, 0x10, 0x0,
    0x0, 0x5f, 0xff, 0xf1, 0x0, 0x0, 0x5, 0xff,
    0xff, 0x10, 0x0, 0x0, 0x5f, 0xff, 0xf1, 0x0,
    0x0, 0x5, 0xff, 0xff, 0x10, 0x0, 0x0, 0x5f,
    0xff, 0xf1, 0x0, 0x0, 0x5, 0xff, 0xff, 0x10,
    0x0, 0x0, 0x5f, 0xff, 0xf1, 0x0, 0x0, 0x5,
    0xff, 0xff, 0x10, 0x0, 0x0, 0x5f, 0xff, 0xf1,
    0x0, 0x0, 0x5, 0xff, 0xff, 0x10, 0x0, 0x0,
    0x5f, 0xff, 0xf1, 0x0, 0x0, 0x5, 0xff, 0xff,
    0x10, 0x0, 0x0, 0x5f, 0xff, 0xf1, 0x0, 0x0,
    0x5, 0xff, 0xff, 0x16, 0xdd, 0xdd, 0xef, 0xff,
    0xf1, 0x7f, 0xff, 0xff, 0xff, 0xff, 0x17, 0xff,
    0xff, 0xff, 0xff, 0xf1, 0x7f, 0xff, 0xff, 0xff,
    0xff, 0x10,

    /* U+005E "^" */
    0x0, 0x5, 0xaa, 0xaa, 0x40, 0x0, 0x0, 0xe,
    0xff, 0xff, 0xd0, 0x0, 0x0, 0x6f, 0xff, 0xff,
    0xf6, 0x0, 0x0, 0xef, 0xff, 0xff, 0xfd, 0x0,
    0x6, 0xff, 0xf8, 0x9f, 0xff, 0x50, 0xe, 0xff,
    0xf2, 0x2f, 0xff, 0xd0, 0x6f, 0xff, 0xa0, 0xb,
    0xff, 0xf5,

    /* U+005F "_" */
    0x2, 0x22, 0x22, 0x22, 0x22, 0x22, 0x22, 0x20,
    0xf, 0xff, 0xff, 0xff, 0xff, 0xff, 0xff, 0xf2,
    0xf, 0xff, 0xff, 0xff, 0xff, 0xff, 0xff, 0xf2,
    0xf, 0xff, 0xff, 0xff, 0xff, 0xff, 0xff, 0xf2,
    0xf, 0xff, 0xff, 0xff, 0xff, 0xff, 0xff, 0xf2,

    /* U+0060 "`" */
    0x1, 0x0, 0x0, 0x0, 0xb, 0xe6, 0x0, 0x0,
    0x2f, 0xff, 0xe7, 0x0, 0x3c, 0xff, 0xff, 0xd0,
    0x0, 0x28, 0xef, 0x80, 0x0, 0x0, 0x5, 0x20,

    /* U+0061 "a" */
    0x0, 0x2, 0x8c, 0xef, 0xeb, 0x60, 0x0, 0x1,
    0xbf, 0xff, 0xff, 0xff, 0xfc, 0x10, 0x6, 0xff,
    0xff, 0xff, 0xff, 0xff, 0xb0, 0x0, 0xaf, 0xfd,
    0xbb, 0xef, 0xff, 0xf2, 0x0, 0x7, 0x10, 0x0,
    0x1e, 0xff, 0xf6, 0x0, 0x28, 0xce, 0xff, 0xff,
    0xff, 0xf8, 0x6, 0xff, 0xff, 0xff, 0xff, 0xff,
    0xf9, 0x2f, 0xff, 0xff, 0xff, 0xff, 0xff, 0xf9,
    0x8f, 0xff, 0xe3, 0x0, 0xe, 0xff, 0xf9, 0xaf,
    0xff, 0xb0, 0x0, 0x4f, 0xff, 0xf9, 0x8f, 0xff,
    0xf5, 0x36, 0xef, 0xff, 0xf9, 0x3f, 0xff, 0xff,
    0xff, 0xff, 0xff, 0xf9, 0x9, 0xff, 0xff, 0xff,
    0xff, 0xff, 0xf9, 0x0, 0x5c, 0xff, 0xeb, 0x4a,
    0xff, 0xf9,

    /* U+0062 "b" */
    0x2f, 0xff, 0xf6, 0x0, 0x0, 0x0, 0x0, 0x0,
    0x2f, 0xff, 0xf6, 0x0, 0x0, 0x0, 0x0, 0x0,
    0x2f, 0xff, 0xf6, 0x0, 0x0, 0x0, 0x0, 0x0,
    0x2f, 0xff, 0xf6, 0x0, 0x0, 0x0, 0x0, 0x0,
    0x2f, 0xff, 0xf6, 0x0, 0x0, 0x0, 0x0, 0x0,
    0x2f, 0xff, 0xf7, 0x7c, 0xff, 0xd8, 0x10, 0x0,
    0x2f, 0xff, 0xff, 0xff, 0xff, 0xff, 0xe3, 0x0,
    0x2f, 0xff, 0xff, 0xff, 0xff, 0xff, 0xff, 0x20,
    0x2f, 0xff, 0xff, 0xff, 0xff, 0xff, 0xff, 0xb0,
    0x2f, 0xff, 0xff, 0x80, 0x4, 0xef, 0xff, 0xf2,
    0x2f, 0xff, 0xfa, 0x0, 0x0, 0x6f, 0xff, 0xf6,
    0x2f, 0xff, 0xf6, 0x0, 0x0, 0x2f, 0xff, 0xf7,
    0x2f, 0xff, 0xf6, 0x0, 0x0, 0x2f, 0xff, 0xf7,
    0x2f, 0xff, 0xfa, 0x0, 0x0, 0x6f, 0xff, 0xf5,
    0x2f, 0xff, 0xff, 0x80, 0x4, 0xef, 0xff, 0xf1,
    0x2f, 0xff, 0xff, 0xff, 0xff, 0xff, 0xff, 0xa0,
    0x2f, 0xff, 0xff, 0xff, 0xff, 0xff, 0xfe, 0x10,
    0x2f, 0xff, 0xff, 0xff, 0xff, 0xff, 0xe2, 0x0,
    0x2f, 0xff, 0xf5, 0x9d, 0xff, 0xc7, 0x0, 0x0,

    /* U+0063 "c" */
    0x0, 0x0, 0x4a, 0xef, 0xec, 0x71, 0x0, 0x0,
    0x1, 0xbf, 0xff, 0xff, 0xff, 0xe3, 0x0, 0x0,
    0xcf, 0xff, 0xff, 0xff, 0xff, 0xf2, 0x0, 0x9f,
    0xff, 0xff, 0xff, 0xff, 0xff, 0x90, 0x1f, 0xff,
    0xfe, 0x40, 0xa, 0xfe, 0x70, 0x5, 0xff, 0xff,
    0x60, 0x0, 0x7, 0x0, 0x0, 0x7f, 0xff, 0xf2,
    0x0, 0x0, 0x0, 0x0, 0x7, 0xff, 0xff, 0x20,
    0x0, 0x0, 0x0, 0x0, 0x6f, 0xff, 0xf6, 0x0,
    0x0, 0x52, 0x0, 0x2, 0xff, 0xff, 0xe4, 0x0,
    0x7f, 0xf9, 0x10, 0xb, 0xff, 0xff, 0xff, 0xff,
    0xff, 0xfd, 0x0, 0x2e, 0xff, 0xff, 0xff, 0xff,
    0xff, 0x40, 0x0, 0x3d, 0xff, 0xff, 0xff, 0xfe,
    0x50, 0x0, 0x0, 0x6, 0xbe, 0xff, 0xc7, 0x10,
    0x0,

    /* U+0064 "d" */
    0x0, 0x0, 0x0, 0x0, 0x0, 0x6f, 0xff, 0xf2,
    0x0, 0x0, 0x0, 0x0, 0x0, 0x6f, 0xff, 0xf2,
    0x0, 0x0, 0x0, 0x0, 0x0, 0x6f, 0xff, 0xf2,
    0x0, 0x0, 0x0, 0x0, 0x0, 0x6f, 0xff, 0xf2,
    0x0, 0x0, 0x0, 0x0, 0x0, 0x6f, 0xff, 0xf2,
    0x0, 0x0, 0x7c, 0xef, 0xd7, 0x7f, 0xff, 0xf2,
    0x0, 0x2d, 0xff, 0xff, 0xff, 0xff, 0xff, 0xf2,
    0x1, 0xef, 0xff, 0xff, 0xff, 0xff, 0xff, 0xf2,
    0xa, 0xff, 0xff, 0xff, 0xff, 0xff, 0xff, 0xf2,
    0x1f, 0xff, 0xfe, 0x40, 0x8, 0xff, 0xff, 0xf2,
    0x6f, 0xff, 0xf6, 0x0, 0x0, 0xbf, 0xff, 0xf2,
    0x7f, 0xff, 0xf2, 0x0, 0x0, 0x6f, 0xff, 0xf2,
    0x7f, 0xff, 0xf2, 0x0, 0x0, 0x6f, 0xff, 0xf2,
    0x6f, 0xff, 0xf6, 0x0, 0x0, 0xbf, 0xff, 0xf2,
    0x2f, 0xff, 0xfe, 0x40, 0x8, 0xff, 0xff, 0xf2,
    0xc, 0xff, 0xff, 0xff, 0xff, 0xff, 0xff, 0xf2,
    0x3, 0xff, 0xff, 0xff, 0xff, 0xff, 0xff, 0xf2,
    0x0, 0x4f, 0xff, 0xff, 0xff, 0xff, 0xff, 0xf2,
    0x0, 0x1, 0x8d, 0xff, 0xc7, 0x4f, 0xff, 0xf2,

    /* U+0065 "e" */
    0x0, 0x0, 0x5a, 0xef, 0xec, 0x70, 0x0, 0x0,
    0x1, 0xbf, 0xff, 0xff, 0xff, 0xe3, 0x0, 0x0,
    0xdf, 0xff, 0xff, 0xff, 0xff, 0xe2, 0x0, 0x9f,
    0xff, 0xfc, 0x9c, 0xff, 0xff, 0xa0, 0x1f, 0xff,
    0xf7, 0x0, 0x7, 0xff, 0xff, 0x5, 0xff, 0xff,
    0xff, 0xff, 0xff, 0xff, 0xf3, 0x7f, 0xff, 0xff,
    0xff, 0xff, 0xff, 0xff, 0x47, 0xff, 0xff, 0xff,
    0xff, 0xff, 0xff, 0xf3, 0x6f, 0xff, 0xf6, 0x0,
    0x0, 0x0, 0x0, 0x2, 0xff, 0xff, 0xe3, 0x0,
    0x5, 0xe2, 0x0, 0xb, 0xff, 0xff, 0xfc, 0xad,
    0xff, 0xd0, 0x0, 0x1e, 0xff, 0xff, 0xff, 0xff,
    0xff, 0x80, 0x0, 0x2d, 0xff, 0xff, 0xff, 0xff,
    0xa0, 0x0, 0x0, 0x5, 0xae, 0xff, 0xd9, 0x30,
    0x0,

    /* U+0066 "f" */
    0x0, 0x1, 0x8d, 0xff, 0xf4, 0x0, 0x1d, 0xff,
    0xff, 0xf4, 0x0, 0x8f, 0xff, 0xff, 0xf4, 0x0,
    0xdf, 0xff, 0xf9, 0x82, 0x0, 0xef, 0xff, 0xa0,
    0x0, 0xaf, 0xff, 0xff, 0xff, 0xf4, 0xaf, 0xff,
    0xff, 0xff, 0xf4, 0xaf, 0xff, 0xff, 0xff, 0xf4,
    0xaf, 0xff, 0xff, 0xff, 0xf4, 0x0, 0xef, 0xff,
    0xa0, 0x0, 0x0, 0xef, 0xff, 0xa0, 0x0, 0x0,
    0xef, 0xff, 0xa0, 0x0, 0x0, 0xef, 0xff, 0xa0,
    0x0, 0x0, 0xef, 0xff, 0xa0, 0x0, 0x0, 0xef,
    0xff, 0xa0, 0x0, 0x0, 0xef, 0xff, 0xa0, 0x0,
    0x0, 0xef, 0xff, 0xa0, 0x0, 0x0, 0xef, 0xff,
    0xa0, 0x0, 0x0, 0xef, 0xff, 0xa0, 0x0,

    /* U+0067 "g" */
    0x0, 0x1, 0x8d, 0xff, 0xd8, 0x6f, 0xff, 0xf1,
    0x0, 0x3e, 0xff, 0xff, 0xff, 0xff, 0xff, 0xf1,
    0x2, 0xff, 0xff, 0xff, 0xff, 0xff, 0xff, 0xf1,
    0xb, 0xff, 0xff, 0xff, 0xff, 0xff, 0xff, 0xf1,
    0x2f, 0xff, 0xfe, 0x40, 0x9, 0xff, 0xff, 0xf1,
    0x6f, 0xff, 0xf6, 0x0, 0x0, 0xbf, 0xff, 0xf1,
    0x8f, 0xff, 0xf2, 0x0, 0x0, 0x6f, 0xff, 0xf1,
    0x8f, 0xff, 0xf1, 0x0, 0x0, 0x6f, 0xff, 0xf1,
    0x7f, 0xff, 0xf6, 0x0, 0x0, 0xbf, 0xff, 0xf1,
    0x3f, 0xff, 0xfe, 0x40, 0x9, 0xff, 0xff, 0xf1,
    0xd, 0xff, 0xff, 0xff, 0xff, 0xff, 0xff, 0xf1,
    0x4, 0xff, 0xff, 0xff, 0xff, 0xff, 0xff, 0xf1,
    0x0, 0x6f, 0xff, 0xff, 0xff, 0xef, 0xff, 0xf1,
    0x0, 0x2, 0xae, 0xfe, 0xb5, 0x8f, 0xff, 0xf0,
    0x0, 0x0, 0x0, 0x0, 0x2, 0xef, 0xff, 0xd0,
    0x0, 0x3, 0xbb, 0xbb, 0xdf, 0xff, 0xff, 0x90,
    0x0, 0x5, 0xff, 0xff, 0xff, 0xff, 0xfe, 0x10,
    0x0, 0x5, 0xff, 0xff, 0xff, 0xff, 0xe3, 0x0,
    0x0, 0x5, 0xff, 0xff, 0xfe, 0xb6, 0x0, 0x0,

    /* U+0068 "h" */
    0x2f, 0xff, 0xf6, 0x0, 0x0, 0x0, 0x0, 0x2,
    0xff, 0xff, 0x60, 0x0, 0x0, 0x0, 0x0, 0x2f,
    0xff, 0xf6, 0x0, 0x0, 0x0, 0x0, 0x2, 0xff,
    0xff, 0x60, 0x0, 0x0, 0x0, 0x0, 0x2f, 0xff,
    0xf6, 0x0, 0x0, 0x0, 0x0, 0x2, 0xff, 0xff,
    0x66, 0xcf, 0xfd, 0x70, 0x0, 0x2f, 0xff, 0xff,
    0xff, 0xff, 0xff, 0xc0, 0x2, 0xff, 0xff, 0xff,
    0xff, 0xff, 0xff, 0x90, 0x2f, 0xff, 0xff, 0xff,
    0xff, 0xff, 0xff, 0x2, 0xff, 0xff, 0xf5, 0x2,
    0xdf, 0xff, 0xf3, 0x2f, 0xff, 0xfa, 0x0, 0x6,
    0xff, 0xff, 0x42, 0xff, 0xff, 0x60, 0x0, 0x3f,
    0xff, 0xf5, 0x2f, 0xff, 0xf6, 0x0, 0x3, 0xff,
    0xff, 0x52, 0xff, 0xff, 0x60, 0x0, 0x3f, 0xff,
    0xf5, 0x2f, 0xff, 0xf6, 0x0, 0x3, 0xff, 0xff,
    0x52, 0xff, 0xff, 0x60, 0x0, 0x3f, 0xff, 0xf5,
    0x2f, 0xff, 0xf6, 0x0, 0x3, 0xff, 0xff, 0x52,
    0xff, 0xff, 0x60, 0x0, 0x3f, 0xff, 0xf5, 0x2f,
    0xff, 0xf6, 0x0, 0x3, 0xff, 0xff, 0x50,

    /* U+0069 "i" */
    0x2f, 0xff, 0xf9, 0x2f, 0xff, 0xf9, 0x2f, 0xff,
    0xf9, 0x1d, 0xdd, 0xd8, 0x0, 0x0, 0x0, 0xf,
    0xff, 0xf8, 0xf, 0xff, 0xf8, 0xf, 0xff, 0xf8,
    0xf, 0xff, 0xf8, 0xf, 0xff, 0xf8, 0xf, 0xff,
    0xf8, 0xf, 0xff, 0xf8, 0xf, 0xff, 0xf8, 0xf,
    0xff, 0xf8, 0xf, 0xff, 0xf8, 0xf, 0xff, 0xf8,
    0xf, 0xff, 0xf8, 0xf, 0xff, 0xf8, 0xf, 0xff,
    0xf8,

    /* U+006A "j" */
    0x0, 0xf, 0xff, 0xfc, 0x0, 0xf, 0xff, 0xfc,
    0x0, 0xf, 0xff, 0xfc, 0x0, 0xd, 0xdd, 0xda,
    0x0, 0x0, 0x0, 0x0, 0x0, 0xe, 0xff, 0xfa,
    0x0, 0xe, 0xff, 0xfa, 0x0, 0xe, 0xff, 0xfa,
    0x0, 0xe, 0xff, 0xfa, 0x0, 0xe, 0xff, 0xfa,
    0x0, 0xe, 0xff, 0xfa, 0x0, 0xe, 0xff, 0xfa,
    0x0, 0xe, 0xff, 0xfa, 0x0, 0xe, 0xff, 0xfa,
    0x0, 0xe, 0xff, 0xfa, 0x0, 0xe, 0xff, 0xfa,
    0x0, 0xe, 0xff, 0xfa, 0x0, 0xe, 0xff, 0xfa,
    0x0, 0xe, 0xff, 0xfa, 0x0, 0xf, 0xff, 0xf9,
    0x18, 0xbf, 0xff, 0xf6, 0x2f, 0xff, 0xff, 0xf1,
    0x2f, 0xff, 0xff, 0x60, 0x2f, 0xfe, 0xa3, 0x0,

    /* U+006B "k" */
    0x2f, 0xff, 0xf6, 0x0, 0x0, 0x0, 0x0, 0x0,
    0x2f, 0xff, 0xf6, 0x0, 0x0, 0x0, 0x0, 0x0,
    0x2f, 0xff, 0xf6, 0x0, 0x0, 0x0, 0x0, 0x0,
    0x2f, 0xff, 0xf6, 0x0, 0x0, 0x0, 0x0, 0x0,
    0x2f, 0xff, 0xf6, 0x0, 0x0, 0x0, 0x0, 0x0,
    0x2f, 0xff, 0xf6, 0x0, 0x1e, 0xff, 0xff, 0xa0,
    0x2f, 0xff, 0xf6, 0x0, 0xcf, 0xff, 0xfc, 0x0,
    0x2f, 0xff, 0xf6, 0xa, 0xff, 0xff, 0xd1, 0x0,
    0x2f, 0xff, 0xf6, 0x7f, 0xff, 0xfe, 0x20, 0x0,
    0x2f, 0xff, 0xfa, 0xff, 0xff, 0xf3, 0x0, 0x0,
    0x2f, 0xff, 0xff, 0xff, 0xff, 0x40, 0x0, 0x0,
    0x2f, 0xff, 0xff, 0xff, 0xf6, 0x0, 0x0, 0x0,
    0x2f, 0xff, 0xff, 0xff, 0xf9, 0x0, 0x0, 0x0,
    0x2f, 0xff, 0xff, 0xff, 0xff, 0x70, 0x0, 0x0,
    0x2f, 0xff, 0xf9, 0xff, 0xff, 0xf5, 0x0, 0x0,
    0x2f, 0xff, 0xf6, 0x6f, 0xff, 0xff, 0x30, 0x0,
    0x2f, 0xff, 0xf6, 0xa, 0xff, 0xff, 0xe1, 0x0,
    0x2f, 0xff, 0xf6, 0x0, 0xdf, 0xff, 0xfc, 0x0,
    0x2f, 0xff, 0xf6, 0x0, 0x2e, 0xff, 0xff, 0xb0,

    /* U+006C "l" */
    0xf, 0xff, 0xf8, 0xf, 0xff, 0xf8, 0xf, 0xff,
    0xf8, 0xf, 0xff, 0xf8, 0xf, 0xff, 0xf8, 0xf,
    0xff, 0xf8, 0xf, 0xff, 0xf8, 0xf, 0xff, 0xf8,
    0xf, 0xff, 0xf8, 0xf, 0xff, 0xf8, 0xf, 0xff,
    0xf8, 0xf, 0xff, 0xf8, 0xf, 0xff, 0xf8, 0xf,
    0xff, 0xf8, 0xf, 0xff, 0xf8, 0xf, 0xff, 0xf8,
    0xf, 0xff, 0xf8, 0xf, 0xff, 0xf8, 0xf, 0xff,
    0xf8,

    /* U+006D "m" */
    0x2f, 0xff, 0xf6, 0x9e, 0xfe, 0xb5, 0x6, 0xce,
    0xfe, 0xa3, 0x0, 0x2f, 0xff, 0xff, 0xff, 0xff,
    0xff, 0xef, 0xff, 0xff, 0xff, 0x60, 0x2f, 0xff,
    0xff, 0xff, 0xff, 0xff, 0xff, 0xff, 0xff, 0xff,
    0xf2, 0x2f, 0xff, 0xff, 0xff, 0xff, 0xff, 0xff,
    0xff, 0xff, 0xff, 0xf8, 0x2f, 0xff, 0xfe, 0x30,
    0x8f, 0xff, 0xff, 0x40, 0x5f, 0xff, 0xfb, 0x2f,
    0xff, 0xf8, 0x0, 0xf, 0xff, 0xfb, 0x0, 0xd,
    0xff, 0xfc, 0x2f, 0xff, 0xf6, 0x0, 0xf, 0xff,
    0xf9, 0x0, 0xc, 0xff, 0xfc, 0x2f, 0xff, 0xf6,
    0x0, 0xf, 0xff, 0xf9, 0x0, 0xc, 0xff, 0xfc,
    0x2f, 0xff, 0xf6, 0x0, 0xf, 0xff, 0xf9, 0x0,
    0xc, 0xff, 0xfc, 0x2f, 0xff, 0xf6, 0x0, 0xf,
    0xff, 0xf9, 0x0, 0xc, 0xff, 0xfc, 0x2f, 0xff,
    0xf6, 0x0, 0xf, 0xff, 0xf9, 0x0, 0xc, 0xff,
    0xfc, 0x2f, 0xff, 0xf6, 0x0, 0xf, 0xff, 0xf9,
    0x0, 0xc, 0xff, 0xfc, 0x2f, 0xff, 0xf6, 0x0,
    0xf, 0xff, 0xf9, 0x0, 0xc, 0xff, 0xfc, 0x2f,
    0xff, 0xf6, 0x0, 0xf, 0xff, 0xf9, 0x0, 0xc,
    0xff, 0xfc,

    /* U+006E "n" */
    0x2f, 0xff, 0xf4, 0x8d, 0xff, 0xd7, 0x0, 0x2,
    0xff, 0xff, 0xff, 0xff, 0xff, 0xfc, 0x0, 0x2f,
    0xff, 0xff, 0xff, 0xff, 0xff, 0xf9, 0x2, 0xff,
    0xff, 0xff, 0xff, 0xff, 0xff, 0xf0, 0x2f, 0xff,
    0xff, 0x50, 0x2d, 0xff, 0xff, 0x32, 0xff, 0xff,
    0xa0, 0x0, 0x6f, 0xff, 0xf4, 0x2f, 0xff, 0xf6,
    0x0, 0x3, 0xff, 0xff, 0x52, 0xff, 0xff, 0x60,
    0x0, 0x3f, 0xff, 0xf5, 0x2f, 0xff, 0xf6, 0x0,
    0x3, 0xff, 0xff, 0x52, 0xff, 0xff, 0x60, 0x0,
    0x3f, 0xff, 0xf5, 0x2f, 0xff, 0xf6, 0x0, 0x3,
    0xff, 0xff, 0x52, 0xff, 0xff, 0x60, 0x0, 0x3f,
    0xff, 0xf5, 0x2f, 0xff, 0xf6, 0x0, 0x3, 0xff,
    0xff, 0x52, 0xff, 0xff, 0x60, 0x0, 0x3f, 0xff,
    0xf5,

    /* U+006F "o" */
    0x0, 0x0, 0x4a, 0xef, 0xfd, 0x92, 0x0, 0x0,
    0x0, 0x1b, 0xff, 0xff, 0xff, 0xff, 0x80, 0x0,
    0x0, 0xdf, 0xff, 0xff, 0xff, 0xff, 0xf9, 0x0,
    0x9, 0xff, 0xff, 0xff, 0xff, 0xff, 0xff, 0x40,
    0x1f, 0xff, 0xfe, 0x40, 0x9, 0xff, 0xff, 0xb0,
    0x5f, 0xff, 0xf6, 0x0, 0x0, 0xcf, 0xff, 0xf0,
    0x7f, 0xff, 0xf2, 0x0, 0x0, 0x8f, 0xff, 0xf2,
    0x7f, 0xff, 0xf2, 0x0, 0x0, 0x7f, 0xff, 0xf2,
    0x5f, 0xff, 0xf6, 0x0, 0x0, 0xcf, 0xff, 0xf0,
    0x1f, 0xff, 0xfe, 0x40, 0x8, 0xff, 0xff, 0xb0,
    0xa, 0xff, 0xff, 0xff, 0xff, 0xff, 0xff, 0x30,
    0x1, 0xdf, 0xff, 0xff, 0xff, 0xff, 0xf8, 0x0,
    0x0, 0x1c, 0xff, 0xff, 0xff, 0xff, 0x70, 0x0,
    0x0, 0x0, 0x5a, 0xef, 0xfd, 0x82, 0x0, 0x0,

    /* U+0070 "p" */
    0x2f, 0xff, 0xf4, 0x7c, 0xff, 0xd8, 0x10, 0x0,
    0x2f, 0xff, 0xff, 0xff, 0xff, 0xff, 0xe4, 0x0,
    0x2f, 0xff, 0xff, 0xff, 0xff, 0xff, 0xff, 0x20,
    0x2f, 0xff, 0xff, 0xff, 0xff, 0xff, 0xff, 0xb0,
    0x2f, 0xff, 0xff, 0x80, 0x4, 0xef, 0xff, 0xf2,
    0x2f, 0xff, 0xfa, 0x0, 0x0, 0x6f, 0xff, 0xf6,
    0x2f, 0xff, 0xf6, 0x0, 0x0, 0x2f, 0xff, 0xf7,
    0x2f, 0xff, 0xf6, 0x0, 0x0, 0x2f, 0xff, 0xf7,
    0x2f, 0xff, 0xfa, 0x0, 0x0, 0x6f, 0xff, 0xf5,
    0x2f, 0xff, 0xff, 0x80, 0x4, 0xef, 0xff, 0xf1,
    0x2f, 0xff, 0xff, 0xff, 0xff, 0xff, 0xff, 0xa0,
    0x2f, 0xff, 0xff, 0xff, 0xff, 0xff, 0xfe, 0x10,
    0x2f, 0xff, 0xff, 0xff, 0xff, 0xff, 0xd2, 0x0,
    0x2f, 0xff, 0xf7, 0x7d, 0xff, 0xc7, 0x0, 0x0,
    0x2f, 0xff, 0xf6, 0x0, 0x0, 0x0, 0x0, 0x0,
    0x2f, 0xff, 0xf6, 0x0, 0x0, 0x0, 0x0, 0x0,
    0x2f, 0xff, 0xf6, 0x0, 0x0, 0x0, 0x0, 0x0,
    0x2f, 0xff, 0xf6, 0x0, 0x0, 0x0, 0x0, 0x0,
    0x2f, 0xff, 0xf6, 0x0, 0x0, 0x0, 0x0, 0x0,

    /* U+0071 "q" */
    0x0, 0x0, 0x7c, 0xff, 0xd8, 0x5f, 0xff, 0xf2,
    0x0, 0x2e, 0xff, 0xff, 0xff, 0xff, 0xff, 0xf2,
    0x1, 0xef, 0xff, 0xff, 0xff, 0xff, 0xff, 0xf2,
    0xb, 0xff, 0xff, 0xff, 0xff, 0xff, 0xff, 0xf2,
    0x1f, 0xff, 0xfe, 0x40, 0x8, 0xff, 0xff, 0xf2,
    0x6f, 0xff, 0xf6, 0x0, 0x0, 0xbf, 0xff, 0xf2,
    0x7f, 0xff, 0xf2, 0x0, 0x0, 0x6f, 0xff, 0xf2,
    0x7f, 0xff, 0xf2, 0x0, 0x0, 0x6f, 0xff, 0xf2,
    0x6f, 0xff, 0xf6, 0x0, 0x0, 0xbf, 0xff, 0xf2,
    0x2f, 0xff, 0xfe, 0x40, 0x8, 0xff, 0xff, 0xf2,
    0xc, 0xff, 0xff, 0xff, 0xff, 0xff, 0xff, 0xf2,
    0x2, 0xff, 0xff, 0xff, 0xff, 0xff, 0xff, 0xf2,
    0x0, 0x4e, 0xff, 0xff, 0xff, 0xff, 0xff, 0xf2,
    0x0, 0x1, 0x8d, 0xff, 0xc7, 0x7f, 0xff, 0xf2,
    0x0, 0x0, 0x0, 0x0, 0x0, 0x6f, 0xff, 0xf2,
    0x0, 0x0, 0x0, 0x0, 0x0, 0x6f, 0xff, 0xf2,
    0x0, 0x0, 0x0, 0x0, 0x0, 0x6f, 0xff, 0xf2,
    0x0, 0x0, 0x0, 0x0, 0x0, 0x6f, 0xff, 0xf2,
    0x0, 0x0, 0x0, 0x0, 0x0, 0x6f, 0xff, 0xf2,

    /* U+0072 "r" */
    0x2f, 0xff, 0xf4, 0x8d, 0xff, 0x2f, 0xff, 0xfe,
    0xff, 0xff, 0x2f, 0xff, 0xff, 0xff, 0xff, 0x2f,
    0xff, 0xff, 0xff, 0xff, 0x2f, 0xff, 0xff, 0xb5,
    0x33, 0x2f, 0xff, 0xfc, 0x0, 0x0, 0x2f, 0xff,
    0xf8, 0x0, 0x0, 0x2f, 0xff, 0xf6, 0x0, 0x0,
    0x2f, 0xff, 0xf6, 0x0, 0x0, 0x2f, 0xff, 0xf6,
    0x0, 0x0, 0x2f, 0xff, 0xf6, 0x0, 0x0, 0x2f,
    0xff, 0xf6, 0x0, 0x0, 0x2f, 0xff, 0xf6, 0x0,
    0x0, 0x2f, 0xff, 0xf6, 0x0, 0x0,

    /* U+0073 "s" */
    0x0, 0x7, 0xce, 0xfe, 0xc9, 0x40, 0x0, 0x2e,
    0xff, 0xff, 0xff, 0xff, 0xd0, 0xd, 0xff, 0xff,
    0xff, 0xff, 0xfb, 0x3, 0xff, 0xff, 0xca, 0xbe,
    0xff, 0x40, 0x4f, 0xff, 0xe1, 0x0, 0x4, 0x90,
    0x3, 0xff, 0xff, 0xfe, 0xca, 0x61, 0x0, 0xd,
    0xff, 0xff, 0xff, 0xff, 0xf5, 0x0, 0x2c, 0xff,
    0xff, 0xff, 0xff, 0xf2, 0x0, 0x3, 0x7a, 0xce,
    0xff, 0xff, 0x70, 0x8b, 0x40, 0x0, 0xb, 0xff,
    0xf8, 0xe, 0xff, 0xfc, 0xab, 0xff, 0xff, 0x67,
    0xff, 0xff, 0xff, 0xff, 0xff, 0xe1, 0x5e, 0xff,
    0xff, 0xff, 0xff, 0xe4, 0x0, 0x5, 0xad, 0xff,
    0xec, 0x81, 0x0,

    /* U+0074 "t" */
    0x0, 0xff, 0xff, 0x80, 0x0, 0x0, 0xff, 0xff,
    0x80, 0x0, 0x0, 0xff, 0xff, 0x80, 0x0, 0xcf,
    0xff, 0xff, 0xff, 0xf5, 0xcf, 0xff, 0xff, 0xff,
    0xf5, 0xcf, 0xff, 0xff, 0xff, 0xf5, 0xcf, 0xff,
    0xff, 0xff, 0xf5, 0x1, 0xff, 0xff, 0x80, 0x0,
    0x0, 0xff, 0xff, 0x80, 0x0, 0x0, 0xff, 0xff,
    0x80, 0x0, 0x0, 0xff, 0xff, 0x80, 0x0, 0x0,
    0xff, 0xff, 0x80, 0x0, 0x0, 0xff, 0xff, 0xd2,
    0x0, 0x0, 0xdf, 0xff, 0xff, 0xf5, 0x0, 0x9f,
    0xff, 0xff, 0xf5, 0x0, 0x1e, 0xff, 0xff, 0xf5,
    0x0, 0x1, 0x9d, 0xff, 0xf5,

    /* U+0075 "u" */
    0x4f, 0xff, 0xf4, 0x0, 0x5, 0xff, 0xff, 0x34,
    0xff, 0xff, 0x40, 0x0, 0x5f, 0xff, 0xf3, 0x4f,
    0xff, 0xf4, 0x0, 0x5, 0xff, 0xff, 0x34, 0xff,
    0xff, 0x40, 0x0, 0x5f, 0xff, 0xf3, 0x4f, 0xff,
    0xf4, 0x0, 0x5, 0xff, 0xff, 0x34, 0xff, 0xff,
    0x40, 0x0, 0x5f, 0xff, 0xf3, 0x4f, 0xff, 0xf4,
    0x0, 0x5, 0xff, 0xff, 0x34, 0xff, 0xff, 0x40,
    0x0, 0x5f, 0xff, 0xf3, 0x3f, 0xff, 0xf7, 0x0,
    0x8, 0xff, 0xff, 0x32, 0xff, 0xff, 0xe3, 0x4,
    0xff, 0xff, 0xf3, 0xe, 0xff, 0xff, 0xff, 0xff,
    0xff, 0xff, 0x30, 0x7f, 0xff, 0xff, 0xff, 0xff,
    0xff, 0xf3, 0x0, 0xcf, 0xff, 0xff, 0xff, 0xff,
    0xff, 0x30, 0x0, 0x7c, 0xff, 0xd8, 0x4f, 0xff,
    0xf3,

    /* U+0076 "v" */
    0xbf, 0xff, 0xf2, 0x0, 0x0, 0x8f, 0xff, 0xf3,
    0x5f, 0xff, 0xf8, 0x0, 0x0, 0xdf, 0xff, 0xd0,
    0xe, 0xff, 0xfd, 0x0, 0x3, 0xff, 0xff, 0x70,
    0x8, 0xff, 0xff, 0x30, 0x8, 0xff, 0xff, 0x10,
    0x2, 0xff, 0xff, 0x80, 0xe, 0xff, 0xfa, 0x0,
    0x0, 0xcf, 0xff, 0xd0, 0x3f, 0xff, 0xf4, 0x0,
    0x0, 0x6f, 0xff, 0xf3, 0x9f, 0xff, 0xe0, 0x0,
    0x0, 0x1f, 0xff, 0xf9, 0xef, 0xff, 0x80, 0x0,
    0x0, 0xa, 0xff, 0xff, 0xff, 0xff, 0x20, 0x0,
    0x0, 0x4, 0xff, 0xff, 0xff, 0xfc, 0x0, 0x0,
    0x0, 0x0, 0xef, 0xff, 0xff, 0xf6, 0x0, 0x0,
    0x0, 0x0, 0x8f, 0xff, 0xff, 0xf1, 0x0, 0x0,
    0x0, 0x0, 0x2f, 0xff, 0xff, 0xa0, 0x0, 0x0,
    0x0, 0x0, 0xc, 0xff, 0xff, 0x40, 0x0, 0x0,

    /* U+0077 "w" */
    0x6f, 0xff, 0xf3, 0x0, 0x8f, 0xff, 0xf3, 0x0,
    0x8f, 0xff, 0xf1, 0x3f, 0xff, 0xf6, 0x0, 0xdf,
    0xff, 0xf8, 0x0, 0xbf, 0xff, 0xe0, 0xf, 0xff,
    0xf8, 0x2, 0xff, 0xff, 0xfc, 0x0, 0xdf, 0xff,
    0xb0, 0xc, 0xff, 0xfa, 0x6, 0xff, 0xff, 0xff,
    0x10, 0xff, 0xff, 0x70, 0x9, 0xff, 0xfd, 0xb,
    0xff, 0xff, 0xff, 0x62, 0xff, 0xff, 0x40, 0x6,
    0xff, 0xff, 0xf, 0xff, 0xff, 0xff, 0xa4, 0xff,
    0xff, 0x10, 0x3, 0xff, 0xff, 0x6f, 0xff, 0xdf,
    0xff, 0xf7, 0xff, 0xfe, 0x0, 0x0, 0xff, 0xff,
    0xdf, 0xff, 0x7d, 0xff, 0xfd, 0xff, 0xfb, 0x0,
    0x0, 0xcf, 0xff, 0xff, 0xff, 0x28, 0xff, 0xff,
    0xff, 0xf7, 0x0, 0x0, 0x9f, 0xff, 0xff, 0xfd,
    0x3, 0xff, 0xff, 0xff, 0xf4, 0x0, 0x0, 0x6f,
    0xff, 0xff, 0xf8, 0x0, 0xef, 0xff, 0xff, 0xf1,
    0x0, 0x0, 0x3f, 0xff, 0xff, 0xf3, 0x0, 0x9f,
    0xff, 0xff, 0xe0, 0x0, 0x0, 0xf, 0xff, 0xff,
    0xe0, 0x0, 0x4f, 0xff, 0xff, 0xb0, 0x0, 0x0,
    0xd, 0xff, 0xff, 0x90, 0x0, 0xf, 0xff, 0xff,
    0x80, 0x0,

    /* U+0078 "x" */
    0x3f, 0xff, 0xfd, 0x0, 0x9, 0xff, 0xff, 0x60,
    0x8, 0xff, 0xff, 0x80, 0x3f, 0xff, 0xfb, 0x0,
    0x0, 0xdf, 0xff, 0xf3, 0xdf, 0xff, 0xe1, 0x0,
    0x0, 0x3f, 0xff, 0xff, 0xff, 0xff, 0x50, 0x0,
    0x0, 0x7, 0xff, 0xff, 0xff, 0xfa, 0x0, 0x0,
    0x0, 0x0, 0xcf, 0xff, 0xff, 0xe1, 0x0, 0x0,
    0x0, 0x0, 0x2f, 0xff, 0xff, 0x40, 0x0, 0x0,
    0x0, 0x0, 0x5f, 0xff, 0xff, 0x90, 0x0, 0x0,
    0x0, 0x1, 0xef, 0xff, 0xff, 0xf4, 0x0, 0x0,
    0x0, 0xb, 0xff, 0xff, 0xff, 0xfe, 0x10, 0x0,
    0x0, 0x6f, 0xff, 0xfa, 0xff, 0xff, 0xa0, 0x0,
    0x2, 0xff, 0xff, 0xc0, 0xaf, 0xff, 0xf6, 0x0,
    0xc, 0xff, 0xff, 0x30, 0x1e, 0xff, 0xff, 0x20,
    0x8f, 0xff, 0xf8, 0x0, 0x5, 0xff, 0xff, 0xc0,

    /* U+0079 "y" */
    0xbf, 0xff, 0xf2, 0x0, 0x0, 0x8f, 0xff, 0xf3,
    0x5f, 0xff, 0xf7, 0x0, 0x0, 0xdf, 0xff, 0xd0,
    0xe, 0xff, 0xfd, 0x0, 0x3, 0xff, 0xff, 0x70,
    0x9, 0xff, 0xff, 0x20, 0x8, 0xff, 0xff, 0x10,
    0x2, 0xff, 0xff, 0x80, 0xe, 0xff, 0xfb, 0x0,
    0x0, 0xcf, 0xff, 0xd0, 0x3f, 0xff, 0xf5, 0x0,
    0x0, 0x6f, 0xff, 0xf3, 0x9f, 0xff, 0xe0, 0x0,
    0x0, 0x1f, 0xff, 0xf9, 0xef, 0xff, 0x80, 0x0,
    0x0, 0xa, 0xff, 0xff, 0xff, 0xff, 0x20, 0x0,
    0x0, 0x4, 0xff, 0xff, 0xff, 0xfc, 0x0, 0x0,
    0x0, 0x0, 0xef, 0xff, 0xff, 0xf6, 0x0, 0x0,
    0x0, 0x0, 0x8f, 0xff, 0xff, 0xf1, 0x0, 0x0,
    0x0, 0x0, 0x2f, 0xff, 0xff, 0xa0, 0x0, 0x0,
    0x0, 0x0, 0xc, 0xff, 0xff, 0x40, 0x0, 0x0,
    0x0, 0x0, 0x8, 0xff, 0xfe, 0x0, 0x0, 0x0,
    0x0, 0x0, 0xe, 0xff, 0xf8, 0x0, 0x0, 0x0,
    0x0, 0x0, 0x5f, 0xff, 0xf2, 0x0, 0x0, 0x0,
    0x0, 0x0, 0xcf, 0xff, 0xc0, 0x0, 0x0, 0x0,
    0x0, 0x4, 0xff, 0xff, 0x60, 0x0, 0x0, 0x0,

    /* U+007A "z" */
    0x4f, 0xff, 0xff, 0xff, 0xff, 0xff, 0x34, 0xff,
    0xff, 0xff, 0xff, 0xff, 0xf3, 0x4f, 0xff, 0xff,
    0xff, 0xff, 0xff, 0x32, 0xaa, 0xaa, 0xae, 0xff,
    0xff, 0xf2, 0x0, 0x0, 0x4, 0xff, 0xff, 0xf5,
    0x0, 0x0, 0x3, 0xff, 0xff, 0xf7, 0x0, 0x0,
    0x1, 0xef, 0xff, 0xf8, 0x0, 0x0, 0x1, 0xdf,
    0xff, 0xfa, 0x0, 0x0, 0x0, 0xcf, 0xff, 0xfc,
    0x0, 0x0, 0x0, 0xaf, 0xff, 0xfd, 0x10, 0x0,
    0x0, 0x7f, 0xff, 0xff, 0xca, 0xaa, 0xaa, 0x69,
    0xff, 0xff, 0xff, 0xff, 0xff, 0xf9, 0x9f, 0xff,
    0xff, 0xff, 0xff, 0xff, 0x99, 0xff, 0xff, 0xff,
    0xff, 0xff, 0xf9,

    /* U+007B "{" */
    0x0, 0x0, 0x5c, 0xef, 0xff, 0xff, 0xf8, 0x0,
    0x9, 0xff, 0xff, 0xff, 0xff, 0xf8, 0x0, 0x1f,
    0xff, 0xff, 0xff, 0xff, 0xf8, 0x0, 0x3f, 0xff,
    0xfe, 0xdd, 0xdd, 0xd6, 0x0, 0x1f, 0xff, 0xf7,
    0x0, 0x0, 0x0, 0x0, 0xb, 0xff, 0xfe, 0x0,
    0x0, 0x0, 0x0, 0x3, 0xff, 0xff, 0x80, 0x0,
    0x0, 0x0, 0x0, 0xbf, 0xff, 0xf1, 0x0, 0x0,
    0x0, 0x0, 0x3f, 0xff, 0xf6, 0x0, 0x0, 0x0,
    0x3, 0x9f, 0xff, 0xf8, 0x0, 0x0, 0x4a, 0xef,
    0xff, 0xff, 0xf3, 0x0, 0x0, 0xbf, 0xff, 0xff,
    0xfc, 0x40, 0x0, 0x0, 0xbf, 0xff, 0xe9, 0x20,
    0x0, 0x0, 0x0, 0xbf, 0xff, 0xff, 0xfc, 0x40,
    0x0, 0x0, 0x5a, 0xef, 0xff, 0xff, 0xf3, 0x0,
    0x0, 0x0, 0x3, 0x9f, 0xff, 0xf8, 0x0, 0x0,
    0x0, 0x0, 0x3f, 0xff, 0xf6, 0x0, 0x0, 0x0,
    0x0, 0xbf, 0xff, 0xf1, 0x0, 0x0, 0x0, 0x3,
    0xff, 0xff, 0x80, 0x0, 0x0, 0x0, 0xb, 0xff,
    0xfe, 0x0, 0x0, 0x0, 0x0, 0x1f, 0xff, 0xf7,
    0x0, 0x0, 0x0, 0x0, 0x3f, 0xff, 0xfe, 0xdd,
    0xdd, 0xd6, 0x0, 0x1f, 0xff, 0xff, 0xff, 0xff,
    0xf8, 0x0, 0x9, 0xff, 0xff, 0xff, 0xff, 0xf8,
    0x0, 0x0, 0x5c, 0xef, 0xff, 0xff, 0xf8,

    /* U+007C "|" */
    0x1, 0x11, 0x7, 0xff, 0xf7, 0x7f, 0xff, 0x77,
    0xff, 0xf7, 0x7f, 0xff, 0x77, 0xff, 0xf7, 0x7f,
    0xff, 0x77, 0xff, 0xf7, 0x7f, 0xff, 0x77, 0xff,
    0xf7, 0x7f, 0xff, 0x77, 0xff, 0xf7, 0x7f, 0xff,
    0x77, 0xff, 0xf7, 0x7f, 0xff, 0x77, 0xff, 0xf7,
    0x7f, 0xff, 0x77, 0xff, 0xf7, 0x7f, 0xff, 0x77,
    0xff, 0xf7, 0x7f, 0xff, 0x77, 0xff, 0xf7, 0x7f,
    0xff, 0x77, 0xff, 0xf7, 0x7f, 0xff, 0x77, 0xff,
    0xf7,

    /* U+007D "}" */
    0x7f, 0xff, 0xff, 0xff, 0xc6, 0x0, 0x0, 0x7f,
    0xff, 0xff, 0xff, 0xff, 0x90, 0x0, 0x7f, 0xff,
    0xff, 0xff, 0xff, 0xf2, 0x0, 0x6d, 0xdd, 0xdd,
    0xef, 0xff, 0xf4, 0x0, 0x0, 0x0, 0x0, 0x6f,
    0xff, 0xf2, 0x0, 0x0, 0x0, 0x0, 0xdf, 0xff,
    0xd0, 0x0, 0x0, 0x0, 0x7, 0xff, 0xff, 0x40,
    0x0, 0x0, 0x0, 0xe, 0xff, 0xfc, 0x0, 0x0,
    0x0, 0x0, 0x5f, 0xff, 0xf4, 0x0, 0x0, 0x0,
    0x0, 0x6f, 0xff, 0xfa, 0x30, 0x0, 0x0, 0x0,
    0x2f, 0xff, 0xff, 0xfe, 0xa5, 0x0, 0x0, 0x4,
    0xcf, 0xff, 0xff, 0xfd, 0x0, 0x0, 0x0, 0x2,
    0x9e, 0xff, 0xfd, 0x0, 0x0, 0x4, 0xcf, 0xff,
    0xff, 0xfd, 0x0, 0x0, 0x2f, 0xff, 0xff, 0xfe,
    0xa5, 0x0, 0x0, 0x6f, 0xff, 0xfa, 0x30, 0x0,
    0x0, 0x0, 0x5f, 0xff, 0xf4, 0x0, 0x0, 0x0,
    0x0, 0xe, 0xff, 0xfc, 0x0, 0x0, 0x0, 0x0,
    0x7, 0xff, 0xff, 0x40, 0x0, 0x0, 0x0, 0x0,
    0xdf, 0xff, 0xc0, 0x0, 0x0, 0x0, 0x0, 0x6f,
    0xff, 0xf2, 0x0, 0x6d, 0xdd, 0xdd, 0xef, 0xff,
    0xf4, 0x0, 0x7f, 0xff, 0xff, 0xff, 0xff, 0xf2,
    0x0, 0x7f, 0xff, 0xff, 0xff, 0xff, 0x90, 0x0,
    0x7f, 0xff, 0xff, 0xff, 0xc6, 0x0, 0x0,

    /* U+007E "~" */
    0x0, 0x1, 0x0, 0x0, 0x0, 0x0, 0x0, 0xbf,
    0xf7, 0x0, 0x3f, 0xa3, 0x7, 0xff, 0xff, 0xc4,
    0xbf, 0xf3, 0xe, 0xff, 0xff, 0xff, 0xff, 0xd0,
    0x5f, 0xfa, 0x2b, 0xff, 0xff, 0x50, 0x28, 0xd2,
    0x0, 0x6d, 0xf8, 0x0
};


/*---------------------
 *  GLYPH DESCRIPTION
 *--------------------*/

static const lv_font_fmt_txt_glyph_dsc_t glyph_dsc[] = {
    {.bitmap_index = 0, .adv_w = 0, .box_w = 0, .box_h = 0, .ofs_x = 0, .ofs_y = 0} /* id = 0 reserved */,
    {.bitmap_index = 0, .adv_w = 69, .box_w = 0, .box_h = 0, .ofs_x = 0, .ofs_y = 0},
    {.bitmap_index = 0, .adv_w = 115, .box_w = 7, .box_h = 19, .ofs_x = 0, .ofs_y = 0},
    {.bitmap_index = 67, .adv_w = 205, .box_w = 11, .box_h = 8, .ofs_x = 1, .ofs_y = 11},
    {.bitmap_index = 111, .adv_w = 256, .box_w = 16, .box_h = 19, .ofs_x = 0, .ofs_y = 0},
    {.bitmap_index = 263, .adv_w = 275, .box_w = 17, .box_h = 24, .ofs_x = 0, .ofs_y = -3},
    {.bitmap_index = 467, .adv_w = 338, .box_w = 21, .box_h = 19, .ofs_x = 0, .ofs_y = 0},
    {.bitmap_index = 667, .adv_w = 292, .box_w = 19, .box_h = 19, .ofs_x = 0, .ofs_y = 0},
    {.bitmap_index = 848, .adv_w = 111, .box_w = 6, .box_h = 8, .ofs_x = 1, .ofs_y = 11},
    {.bitmap_index = 872, .adv_w = 184, .box_w = 12, .box_h = 26, .ofs_x = 0, .ofs_y = -4},
    {.bitmap_index = 1028, .adv_w = 184, .box_w = 11, .box_h = 26, .ofs_x = 0, .ofs_y = -4},
    {.bitmap_index = 1171, .adv_w = 157, .box_w = 10, .box_h = 9, .ofs_x = 0, .ofs_y = 10},
    {.bitmap_index = 1216, .adv_w = 191, .box_w = 10, .box_h = 10, .ofs_x = 1, .ofs_y = 5},
    {.bitmap_index = 1266, .adv_w = 106, .box_w = 8, .box_h = 9, .ofs_x = -1, .ofs_y = -3},
    {.bitmap_index = 1302, .adv_w = 132, .box_w = 8, .box_h = 5, .ofs_x = 0, .ofs_y = 6},
    {.bitmap_index = 1322, .adv_w = 106, .box_w = 6, .box_h = 6, .ofs_x = 0, .ofs_y = 0},
    {.bitmap_index = 1340, .adv_w = 159, .box_w = 12, .box_h = 25, .ofs_x = -1, .ofs_y = -3},
    {.bitmap_index = 1490, .adv_w = 273, .box_w = 17, .box_h = 19, .ofs_x = 0, .ofs_y = 0},
    {.bitmap_index = 1652, .adv_w = 147, .box_w = 8, .box_h = 19, .ofs_x = 0, .ofs_y = 0},
    {.bitmap_index = 1728, .adv_w = 251, .box_w = 16, .box_h = 19, .ofs_x = 0, .ofs_y = 0},
    {.bitmap_index = 1880, .adv_w = 255, .box_w = 16, .box_h = 19, .ofs_x = 0, .ofs_y = 0},
    {.bitmap_index = 2032, .adv_w = 280, .box_w = 18, .box_h = 19, .ofs_x = 0, .ofs_y = 0},
    {.bitmap_index = 2203, .adv_w = 258, .box_w = 16, .box_h = 19, .ofs_x = 0, .ofs_y = 0},
    {.bitmap_index = 2355, .adv_w = 254, .box_w = 16, .box_h = 19, .ofs_x = 0, .ofs_y = 0},
    {.bitmap_index = 2507, .adv_w = 229, .box_w = 14, .box_h = 19, .ofs_x = 0, .ofs_y = 0},
    {.bitmap_index = 2640, .adv_w = 256, .box_w = 16, .box_h = 19, .ofs_x = 0, .ofs_y = 0},
    {.bitmap_index = 2792, .adv_w = 254, .box_w = 16, .box_h = 19, .ofs_x = 0, .ofs_y = 0},
    {.bitmap_index = 2944, .adv_w = 110, .box_w = 6, .box_h = 14, .ofs_x = 0, .ofs_y = 0},
    {.bitmap_index = 2986, .adv_w = 110, .box_w = 8, .box_h = 17, .ofs_x = -1, .ofs_y = -3},
    {.bitmap_index = 3054, .adv_w = 179, .box_w = 9, .box_h = 13, .ofs_x = 1, .ofs_y = 3},
    {.bitmap_index = 3113, .adv_w = 191, .box_w = 10, .box_h = 8, .ofs_x = 1, .ofs_y = 6},
    {.bitmap_index = 3153, .adv_w = 179, .box_w = 10, .box_h = 13, .ofs_x = 1, .ofs_y = 3},
    {.bitmap_index = 3218, .adv_w = 230, .box_w = 14, .box_h = 19, .ofs_x = 0, .ofs_y = 0},
    {.bitmap_index = 3351, .adv_w = 398, .box_w = 23, .box_h = 23, .ofs_x = 1, .ofs_y = -4},
    {.bitmap_index = 3616, .adv_w = 322, .box_w = 22, .box_h = 19, .ofs_x = -1, .ofs_y = 0},
    {.bitmap_index = 3825, .adv_w = 294, .box_w = 17, .box_h = 19, .ofs_x = 1, .ofs_y = 0},
    {.bitmap_index = 3987, .adv_w = 302, .box_w = 19, .box_h = 19, .ofs_x = 0, .ofs_y = 0},
    {.bitmap_index = 4168, .adv_w = 310, .box_w = 18, .box_h = 19, .ofs_x = 1, .ofs_y = 0},
    {.bitmap_index = 4339, .adv_w = 259, .box_w = 15, .box_h = 19, .ofs_x = 1, .ofs_y = 0},
    {.bitmap_index = 4482, .adv_w = 250, .box_w = 15, .box_h = 19, .ofs_x = 1, .ofs_y = 0},
    {.bitmap_index = 4625, .adv_w = 323, .box_w = 20, .box_h = 19, .ofs_x = 0, .ofs_y = 0},
    {.bitmap_index = 4815, .adv_w = 318, .box_w = 18, .box_h = 19, .ofs_x = 1, .ofs_y = 0},
    {.bitmap_index = 4986, .adv_w = 117, .box_w = 6, .box_h = 19, .ofs_x = 1, .ofs_y = 0},
    {.bitmap_index = 5043, .adv_w = 275, .box_w = 17, .box_h = 19, .ofs_x = 0, .ofs_y = 0},
    {.bitmap_index = 5205, .adv_w = 312, .box_w = 19, .box_h = 19, .ofs_x = 1, .ofs_y = 0},
    {.bitmap_index = 5386, .adv_w = 240, .box_w = 14, .box_h = 19, .ofs_x = 1, .ofs_y = 0},
    {.bitmap_index = 5519, .adv_w = 379, .box_w = 22, .box_h = 19, .ofs_x = 1, .ofs_y = 0},
    {.bitmap_index = 5728, .adv_w = 319, .box_w = 18, .box_h = 19, .ofs_x = 1, .ofs_y = 0},
    {.bitmap_index = 5899, .adv_w = 329, .box_w = 20, .box_h = 19, .ofs_x = 0, .ofs_y = 0},
    {.bitmap_index = 6089, .adv_w = 282, .box_w = 17, .box_h = 19, .ofs_x = 1, .ofs_y = 0},
    {.bitmap_index = 6251, .adv_w = 329, .box_w = 20, .box_h = 24, .ofs_x = 0, .ofs_y = -5},
    {.bitmap_index = 6491, .adv_w = 292, .box_w = 17, .box_h = 19, .ofs_x = 1, .ofs_y = 0},
    {.bitmap_index = 6653, .adv_w = 285, .box_w = 18, .box_h = 19, .ofs_x = 0, .ofs_y = 0},
    {.bitmap_index = 6824, .adv_w = 286, .box_w = 18, .box_h = 19, .ofs_x = 0, .ofs_y = 0},
    {.bitmap_index = 6995, .adv_w = 315, .box_w = 19, .box_h = 19, .ofs_x = 0, .ofs_y = 0},
    {.bitmap_index = 7176, .adv_w = 322, .box_w = 22, .box_h = 19, .ofs_x = -1, .ofs_y = 0},
    {.bitmap_index = 7385, .adv_w = 434, .box_w = 27, .box_h = 19, .ofs_x = 0, .ofs_y = 0},
    {.bitmap_index = 7642, .adv_w = 324, .box_w = 21, .box_h = 19, .ofs_x = 0, .ofs_y = 0},
    {.bitmap_index = 7842, .adv_w = 305, .box_w = 21, .box_h = 19, .ofs_x = -1, .ofs_y = 0},
    {.bitmap_index = 8042, .adv_w = 291, .box_w = 18, .box_h = 19, .ofs_x = 0, .ofs_y = 0},
    {.bitmap_index = 8213, .adv_w = 185, .box_w = 11, .box_h = 25, .ofs_x = 1, .ofs_y = -3},
    {.bitmap_index = 8351, .adv_w = 159, .box_w = 12, .box_h = 25, .ofs_x = -1, .ofs_y = -3},
    {.bitmap_index = 8501, .adv_w = 185, .box_w = 11, .box_h = 25, .ofs_x = 0, .ofs_y = -3},
    {.bitmap_index = 8639, .adv_w = 191, .box_w = 12, .box_h = 7, .ofs_x = 0, .ofs_y = 12},
    {.bitmap_index = 8681, .adv_w = 225, .box_w = 16, .box_h = 5, .ofs_x = -1, .ofs_y = -5},
    {.bitmap_index = 8721, .adv_w = 208, .box_w = 8, .box_h = 6, .ofs_x = 2, .ofs_y = 14},
    {.bitmap_index = 8745, .adv_w = 229, .box_w = 14, .box_h = 14, .ofs_x = 0, .ofs_y = 0},
    {.bitmap_index = 8843, .adv_w = 256, .box_w = 16, .box_h = 19, .ofs_x = 0, .ofs_y = 0},
    {.bitmap_index = 8995, .adv_w = 228, .box_w = 15, .box_h = 14, .ofs_x = 0, .ofs_y = 0},
    {.bitmap_index = 9100, .adv_w = 256, .box_w = 16, .box_h = 19, .ofs_x = 0, .ofs_y = 0},
    {.bitmap_index = 9252, .adv_w = 238, .box_w = 15, .box_h = 14, .ofs_x = 0, .ofs_y = 0},
    {.bitmap_index = 9357, .adv_w = 154, .box_w = 10, .box_h = 19, .ofs_x = 0, .ofs_y = 0},
    {.bitmap_index = 9452, .adv_w = 255, .box_w = 16, .box_h = 19, .ofs_x = 0, .ofs_y = -5},
    {.bitmap_index = 9604, .adv_w = 241, .box_w = 15, .box_h = 19, .ofs_x = 0, .ofs_y = 0},
    {.bitmap_index = 9747, .adv_w = 104, .box_w = 6, .box_h = 19, .ofs_x = 0, .ofs_y = 0},
    {.bitmap_index = 9804, .adv_w = 106, .box_w = 8, .box_h = 24, .ofs_x = -2, .ofs_y = -5},
    {.bitmap_index = 9900, .adv_w = 238, .box_w = 16, .box_h = 19, .ofs_x = 0, .ofs_y = 0},
    {.bitmap_index = 10052, .adv_w = 104, .box_w = 6, .box_h = 19, .ofs_x = 0, .ofs_y = 0},
    {.bitmap_index = 10109, .adv_w = 361, .box_w = 22, .box_h = 14, .ofs_x = 0, .ofs_y = 0},
    {.bitmap_index = 10263, .adv_w = 241, .box_w = 15, .box_h = 14, .ofs_x = 0, .ofs_y = 0},
    {.bitmap_index = 10368, .adv_w = 250, .box_w = 16, .box_h = 14, .ofs_x = 0, .ofs_y = 0},
    {.bitmap_index = 10480, .adv_w = 256, .box_w = 16, .box_h = 19, .ofs_x = 0, .ofs_y = -5},
    {.bitmap_index = 10632, .adv_w = 256, .box_w = 16, .box_h = 19, .ofs_x = 0, .ofs_y = -5},
    {.bitmap_index = 10784, .adv_w = 164, .box_w = 10, .box_h = 14, .ofs_x = 0, .ofs_y = 0},
    {.bitmap_index = 10854, .adv_w = 207, .box_w = 13, .box_h = 14, .ofs_x = 0, .ofs_y = 0},
    {.bitmap_index = 10945, .adv_w = 157, .box_w = 10, .box_h = 17, .ofs_x = 0, .ofs_y = 0},
    {.bitmap_index = 11030, .adv_w = 241, .box_w = 15, .box_h = 14, .ofs_x = 0, .ofs_y = 0},
    {.bitmap_index = 11135, .adv_w = 248, .box_w = 16, .box_h = 14, .ofs_x = 0, .ofs_y = 0},
    {.bitmap_index = 11247, .adv_w = 347, .box_w = 22, .box_h = 14, .ofs_x = 0, .ofs_y = 0},
    {.bitmap_index = 11401, .adv_w = 245, .box_w = 16, .box_h = 14, .ofs_x = 0, .ofs_y = 0},
    {.bitmap_index = 11513, .adv_w = 248, .box_w = 16, .box_h = 19, .ofs_x = 0, .ofs_y = -5},
    {.bitmap_index = 11665, .adv_w = 209, .box_w = 13, .box_h = 14, .ofs_x = 0, .ofs_y = 0},
    {.bitmap_index = 11756, .adv_w = 225, .box_w = 14, .box_h = 25, .ofs_x = 0, .ofs_y = -3},
    {.bitmap_index = 11931, .adv_w = 144, .box_w = 5, .box_h = 26, .ofs_x = 2, .ofs_y = -3},
    {.bitmap_index = 11996, .adv_w = 225, .box_w = 14, .box_h = 25, .ofs_x = 0, .ofs_y = -3},
    {.bitmap_index = 12171, .adv_w = 191, .box_w = 12, .box_h = 6, .ofs_x = 0, .ofs_y = 6}
};

/*---------------------
 *  CHARACTER MAPPING
 *--------------------*/



/*Collect the unicode lists and glyph_id offsets*/
static const lv_font_fmt_txt_cmap_t cmaps[] =
{
    {
        .range_start = 32, .range_length = 95, .glyph_id_start = 1,
        .unicode_list = NULL, .glyph_id_ofs_list = NULL, .list_length = 0, .type = LV_FONT_FMT_TXT_CMAP_FORMAT0_TINY
    }
};

/*-----------------
 *    KERNING
 *----------------*/


/*Map glyph_ids to kern left classes*/
static const uint8_t kern_left_class_mapping[] =
{
    0, 1, 0, 2, 3, 0, 4, 5,
    2, 6, 0, 7, 0, 8, 9, 8,
    10, 11, 0, 12, 13, 14, 15, 16,
    17, 18, 19, 20, 20, 0, 0, 0,
    21, 22, 23, 24, 25, 26, 27, 28,
    29, 30, 30, 31, 32, 33, 30, 30,
    34, 35, 34, 36, 37, 38, 39, 40,
    41, 42, 43, 44, 6, 0, 0, 0,
    0, 0, 45, 46, 47, 0, 48, 49,
    50, 51, 0, 52, 53, 0, 51, 51,
    46, 46, 54, 55, 56, 57, 58, 59,
    60, 61, 59, 62, 6, 0, 0, 0
};

/*Map glyph_ids to kern right classes*/
static const uint8_t kern_right_class_mapping[] =
{
    0, 1, 2, 3, 4, 0, 5, 6,
    3, 0, 7, 8, 0, 9, 10, 9,
    11, 12, 13, 14, 15, 16, 17, 18,
    19, 20, 21, 22, 22, 0, 0, 0,
    23, 24, 25, 0, 26, 0, 0, 0,
    26, 0, 0, 27, 0, 0, 0, 0,
    26, 0, 26, 0, 28, 29, 30, 31,
    32, 33, 34, 35, 0, 0, 7, 0,
    0, 0, 36, 0, 37, 37, 37, 38,
    39, 0, 0, 40, 0, 0, 41, 41,
    37, 41, 37, 41, 42, 43, 44, 45,
    46, 47, 45, 48, 0, 0, 7, 0
};

/*Kern values between classes*/
static const int8_t kern_class_values[] =
{
    0, 0, 0, 0, 0, 0, 0, 0,
    0, 0, 0, 0, 0, 0, 0, 0,
    0, 0, 0, 0, 0, 0, 0, 0,
    0, 0, -4, 0, -4, 0, 0, 0,
    0, -6, 0, 0, 0, 0, 0, 0,
    0, 0, 0, 0, 0, 0, 0, 0,
    0, 0, 0, 0, 0, 0, 0, 0,
    0, 0, 0, -8, 0, -2, -4, -27,
    -4, -15, 0, -4, -2, 0, 0, 0,
    0, 0, 0, 0, 0, 0, 0, 0,
    0, 0, 0, 0, 0, 0, 0, 0,
    0, 0, 0, 0, 0, 0, 0, 0,
    0, 0, 0, 0, 0, 0, 0, 0,
    0, 0, 0, 0, 0, 0, 0, 0,
    0, 0, 4, 0, 2, 0, 0, 0,
    0, 0, 0, 0, 0, 0, 0, 0,
    0, 0, 0, 0, 0, 0, 0, 0,
    0, 0, 0, 0, 0, 0, 0, 0,
    0, 0, 0, 0, 0, 0, 0, -17,
    0, 0, 0, 0, 0, 0, 0, 0,
    0, 0, 0, 0, 0, 0, 0, 0,
    0, 0, 0, 0, 0, 0, 0, 0,
    0, 0, 0, 0, 0, 0, 0, 0,
    0, 0, 0, 0, 0, 0, 0, 0,
    0, 0, 0, 0, 0, 0, 0, 0,
    0, 0, 0, 0, 0, 0, 0, 0,
    0, 0, 0, 0, 0, 0, 0, 0,
    -4, 0, 0, -4, -25, -2, -29, -12,
    -8, -40, 0, 0, 0, -8, 0, 0,
    0, 0, -4, 0, -15, -8, -8, 0,
    0, 0, 0, 0, 0, 0, 0, 0,
    0, -17, 0, -4, 0, 0, -2, -12,
    0, -4, 0, 0, -4, 0, -17, 0,
    0, -12, 0, -8, 0, 0, 0, 0,
    0, 0, 0, -4, -10, 0, -12, 21,
    0, 0, 0, -4, -17, -4, 0, 0,
    0, 0, 0, 0, 0, 0, 0, 0,
    -21, -4, -17, -4, 0, 0, 0, 0,
    0, -4, 0, 0, 0, 0, 0, 0,
    -29, -6, -42, 0, 0, 0, 0, 0,
    -8, -4, 0, -10, -12, 2, -2, 0,
    0, -6, 4, 0, 0, 0, -4, 0,
    0, 0, 0, 0, 0, 0, 0, -21,
    0, 0, 0, -4, -12, 0, 0, 0,
    0, 0, -4, 0, -6, 0, -29, 0,
    0, -8, 0, 2, -42, -6, -25, -12,
    0, -37, 0, 0, 0, -12, 0, 0,
    0, 0, 0, 0, -25, -8, 0, 0,
    0, 0, 0, 0, 0, 0, -17, -4,
    0, 0, -4, 2, -4, -8, 0, 0,
    0, 0, -15, 0, 0, 0, 0, 0,
    -8, 2, 8, 0, -27, 0, -12, -4,
    -21, -25, -4, 0, 4, 0, 0, 0,
    0, 4, 0, 0, -4, 0, -15, 0,
    0, 0, 0, 0, 0, 0, 0, 0,
    0, -4, -21, 0, 8, -2, 0, -6,
    0, -6, 0, 0, 0, 0, 0, 0,
    0, -4, -29, 0, 4, 2, 6, 0,
    0, 4, 0, -23, -23, 0, -21, 0,
    -10, -19, 0, -4, -8, -8, -8, -8,
    0, 0, -4, 0, 0, 0, -4, -4,
    -4, 2, 0, 0, -4, 0, 2, 0,
    -2, 0, -6, 0, 0, 0, 0, 0,
    0, 0, 0, 0, 0, 0, 0, 0,
    0, 0, 0, 0, 0, 0, 0, 0,
    0, 0, 0, 0, 0, 0, 0, 0,
    0, 0, -6, 0, 0, 0, 0, -4,
    0, -8, 0, -4, 0, 0, 0, 0,
    0, -2, 0, 0, 0, 0, 0, 0,
    0, 0, 0, 0, 0, 0, 0, 0,
    0, 0, 0, 0, 0, 0, 0, 0,
    0, 0, 0, 0, 0, 0, 0, 0,
    0, 0, -4, 0, 0, 0, -2, -2,
    0, 0, 0, 0, 0, 0, 2, 0,
    0, 0, 0, 0, 0, 0, 0, 0,
    0, 0, 0, 0, 0, 0, 0, 0,
    0, 0, 0, 0, 0, 0, 0, 0,
    0, 0, 0, 0, 0, 0, 0, 0,
    0, 0, -17, 0, -6, 0, -2, -12,
    0, 0, 0, 0, -6, 2, 2, 0,
    0, 2, -8, 2, -6, 0, 0, 0,
    0, 0, 0, 0, 0, 0, 0, 0,
    0, 0, 0, 0, 0, 0, 0, 0,
    0, 0, 0, 0, 0, 0, 0, 0,
    0, 0, -12, 0, -8, 0, 0, -10,
    -2, 0, 0, 0, -4, -2, 0, 0,
    -4, 0, -8, 0, -4, 0, 0, 0,
    0, 0, 0, 0, 0, 0, 0, 0,
    0, 0, 0, 0, 0, 0, 0, 0,
    0, 0, 0, 0, 0, 0, 0, 0,
    0, 0, -10, 0, -4, 0, -4, -8,
    0, 0, 0, 0, -6, -2, 0, 0,
    -2, 0, -10, 0, -4, 0, 0, 0,
    0, 0, 0, 0, 0, 0, 0, 0,
    0, 0, 0, 0, 0, 0, 0, 0,
    0, 0, 0, 0, 0, 0, 0, 0,
    0, 0, 0, -8, 0, 0, 0, 0,
    -17, -10, -8, -4, 2, 0, -4, -25,
    -6, -15, 0, 0, 0, -4, 0, 0,
    0, 0, 0, 0, 0, 0, 0, 0,
    0, 0, 0, 0, 0, 0, 0, 0,
    0, 0, 0, 0, 0, 0, 0, 0,
    0, 0, -4, 0, 0, 0, 0, -4,
    0, 0, 0, 0, -2, 0, 0, 0,
    0, 0, 0, 0, 0, 0, 0, 0,
    0, 0, 0, 0, 0, 0, 0, 0,
    0, 0, 0, 0, 0, 0, 0, 0,
    0, 0, 0, 0, 0, 0, 0, 0,
    0, 0, 0, -2, 0, 0, -4, 0,
    -12, 0, -4, 0, 0, 0, 0, -4,
    -2, -6, 0, 0, 0, 0, 0, 0,
    0, 0, 0, 0, 0, 0, 0, 0,
    0, 0, 0, 0, 0, 0, 0, 0,
    0, 0, 0, 0, 0, 0, 0, 0,
    0, 0, 0, 0, 0, 0, 0, 0,
    0, 0, 0, 0, 0, 0, 0, 0,
    0, 0, -4, 0, 0, 0, 0, 0,
    0, 0, 0, 0, 0, 0, 0, 0,
    0, 0, 0, 0, 0, 0, 0, 0,
    0, 0, 0, 0, 0, 0, 0, 0,
    0, 0, 0, 0, 0, 0, -4, 0,
    0, -4, 0, 0, 0, 0, 0, 0,
    0, 0, 0, 0, 0, 0, 0, 0,
    0, 0, 0, 0, 0, 0, 0, 0,
    0, 0, 0, 0, 0, 0, 0, 0,
    0, 0, 0, 0, 0, 0, 0, 0,
    0, 0, 0, 0, 0, 0, 0, 0,
    0, 0, 0, 0, 0, 0, 0, 0,
    0, 0, 0, 0, 0, 0, 0, 0,
    -25, 0, 0, 0, -4, 0, -12, -8,
    -25, -17, -6, 0, 0, 0, 0, 0,
    0, 0, 0, 0, -2, -4, -4, -6,
    0, 0, 0, 0, 0, -4, 0, -29,
    0, -8, 0, 0, 0, 0, 0, 0,
    0, 0, 0, 0, 0, 0, -25, -2,
    -4, -19, -10, -2, -42, -17, -42, -23,
    -12, -48, 0, 0, -6, -8, -8, 0,
    0, 0, -12, -4, -21, -12, -8, 0,
    0, 0, 0, 0, 0, 4, -6, 0,
    0, 4, 0, 0, 0, 0, 0, 0,
    0, 0, 0, 0, 0, 0, 0, 0,
    -2, 0, 0, 0, 0, 0, -8, -4,
    -15, -15, 0, 4, 0, 0, 0, 0,
    0, 0, 0, 0, 0, -2, 0, 0,
    0, 0, 0, 0, 0, 8, -8, 0,
    0, -4, 0, 0, 0, 0, 0, 0,
    0, 0, 0, 0, 0, 0, 0, -4,
    -4, -4, -2, 0, -2, 0, -4, -2,
    -10, -12, 0, 2, 0, 0, 0, 0,
    0, -2, -2, 0, -4, -2, 0, 0,
    0, 0, 0, 0, 0, 0, -12, 0,
    -10, 2, -4, 0, 0, 0, 0, 0,
    0, 0, 0, 0, 0, 0, 0, 0,
    -19, 0, 0, -4, -12, 0, -19, -8,
    -27, -29, -6, 0, 0, 2, 0, 0,
    0, 0, 2, 0, 0, 0, -4, 0,
    0, 0, 0, 0, 0, 2, 0, 0,
    0, 0, 0, 0, 0, 0, 0, 0,
    0, 0, 0, 0, 0, 0, 0, -2,
    0, -2, 0, 0, 0, 0, 0, 0,
    0, 0, 0, 0, 0, 0, 0, 0,
    0, 0, -2, 0, 0, -2, 0, 0,
    0, 2, 0, 0, 0, 0, 0, 0,
    -21, 0, -17, 0, 0, 0, 0, 0,
    0, 0, 0, 0, 0, 0, 0, 0,
    -25, 0, -12, -4, 2, 0, 0, 0,
    -2, 0, 0, -8, -2, 0, -2, 0,
    -2, -2, 0, -2, 0, -2, -4, 0,
    0, 0, 0, 0, 0, 4, -10, -6,
    -2, 4, -2, 0, 0, 0, 0, 0,
    0, 0, 0, 0, 0, 0, -6, 0,
    -17, 0, 0, -2, -12, 0, -12, -8,
    -19, -21, -6, -2, 0, 2, 0, 0,
    0, 0, 2, 0, -4, -2, -6, 2,
    0, 0, 0, 0, 0, 0, 0, 0,
    0, 0, 0, 0, 0, 0, 0, 0,
    0, 0, 0, 0, 0, 0, 0, 0,
    -2, 0, 0, 0, 0, 0, 0, 0,
    0, 0, 0, 0, 0, 0, 0, 0,
    0, 0, 0, 0, 0, 0, 0, 0,
    0, 0, 0, 0, 0, 0, 0, 0,
    -4, 0, 0, 0, 0, 0, 0, 0,
    0, 0, 0, 0, 0, 0, 0, 0,
    -12, 0, 0, 0, 0, 0, 0, 0,
    -2, 0, 0, -2, 0, 0, 0, 0,
    0, 0, 0, 0, 0, 0, -2, 0,
    0, 0, 0, 0, 0, -12, 0, -6,
    0, -25, 0, 0, 0, 0, 0, 0,
    0, 0, 0, 0, 0, 0, -21, -27,
    -12, -27, -23, -19, -4, -8, -12, -6,
    -10, -12, -4, -10, -21, -10, -21, 0,
    0, -4, -19, -10, -19, -19, -12, -2,
    -4, 0, 0, 0, 0, 4, 0, -46,
    0, -12, 0, 0, 0, 0, 0, 0,
    0, 0, 0, 0, 0, 0, -29, -8,
    0, -6, -4, 2, -46, -6, -37, -21,
    0, -44, 0, 4, 0, -8, 0, 0,
    0, 0, -8, 0, -17, -6, 0, 0,
    0, 0, 0, 0, 0, 2, -12, -6,
    -8, 2, -4, 0, 0, 0, 0, 0,
    0, 0, 0, 0, 0, 0, 0, 0,
    -19, 0, 0, -4, -10, 0, -17, -8,
    -25, -29, -6, 0, 0, 0, 0, 0,
    0, 0, 2, 0, 0, 0, -4, 0,
    0, 0, 0, 0, 0, -12, -12, 2,
    -31, 4, -23, 0, 0, 0, 0, 0,
    0, 0, 0, 0, 0, 0, 4, -4,
    -31, 0, -21, -2, 0, 0, -4, 0,
    -23, -17, -4, -6, -6, 8, -4, 0,
    0, 0, 8, 0, 4, 0, 0, 0,
    0, 0, 0, 0, 0, -4, 0, -2,
    0, -2, 0, 0, 0, 0, 0, 0,
    0, 0, 0, 0, 0, 0, 0, 0,
    -4, -4, -10, -2, -4, -2, -8, -6,
    -6, -17, -4, 0, -6, 0, -8, 0,
    0, 0, 0, 0, 0, 0, 0, 0,
    0, 0, 0, 0, 0, 2, -6, -6,
    0, 4, 0, 0, 0, 0, 0, 0,
    0, 0, 0, 0, 0, 0, -6, 0,
    -10, -2, 0, -4, -8, 0, -6, -4,
    -17, -12, 0, 0, 0, -2, 0, 0,
    0, -2, -4, 0, -8, -4, -10, 0,
    -4, 0, 0, 0, 0, -23, 0, 0,
    -42, -27, -27, 0, 0, 0, 0, 0,
    0, 0, 0, 0, 0, -12, 0, -17,
    -42, -10, -46, -8, 0, 0, 2, 0,
    -4, 0, 0, -33, -40, -4, -35, 0,
    -21, -25, -4, -21, -17, -21, -17, -12,
    0, 0, 0, 0, 0, 0, 0, 0,
    -6, 0, -4, 0, 0, 0, 0, 0,
    0, 0, 0, 0, 0, 0, 0, 0,
    -17, 0, 0, -2, 0, 0, 0, 0,
    -4, 0, 0, -2, 0, 0, 0, 0,
    0, -2, 0, 0, 0, 0, -2, 0,
    0, 0, 0, 0, 0, -21, 0, 0,
    -25, -12, -23, 0, 0, 0, 0, 0,
    0, 0, 0, 0, 0, -8, -6, -21,
    -42, -17, -42, -12, 2, 0, -4, -4,
    -10, -8, -4, -23, -25, -8, -29, -2,
    -12, -19, -8, -8, -12, -12, -15, -10,
    0, 0, 0, 0, 0, -8, 0, 0,
    -12, -4, -8, 0, 0, 0, 0, 0,
    0, 0, 0, 0, 0, 0, -2, -17,
    -23, -8, -25, -10, 0, 0, -4, -4,
    -6, -6, -2, -12, -17, -4, -17, -4,
    -6, -10, -4, -10, -8, -8, -8, -8,
    0, 0, 0, 0, 0, -12, 0, -8,
    0, -21, 0, 0, 0, 0, 0, 0,
    0, 0, 0, 0, 0, 0, -21, -29,
    -12, -25, -23, -10, -4, -4, -10, -6,
    -8, -8, -2, -6, -15, -10, -19, 0,
    0, -6, -19, -10, -21, -17, -12, 0,
    -6, 0, 0, 0, 0, -33, 0, -4,
    -37, -25, -35, 0, 0, 0, 0, 0,
    0, 0, 0, 0, 0, -21, -12, -33,
    -48, -29, -54, -21, 0, 0, -8, -6,
    -8, -12, 0, -48, -50, -27, -46, -10,
    -35, -46, -25, -33, -29, -25, -37, -33,
    0, 0, 0, 0, 0, 0, 0, 0,
    0, -17, 0, 0, 0, 0, 0, 0,
    0, 0, 0, 0, 0, 0, 0, -6,
    0, -8, -8, 0, 0, 0, 0, 0,
    -2, -2, 0, 0, -2, -6, -4, 0,
    0, 0, -4, 0, -4, -4, 0, 0,
    0, 0, 0, 0, 0, 0, 0, -12,
    0, 0, 0, 0, 0, 0, 0, 0,
    0, 0, 0, 0, 0, 0, -8, 0,
    0, 0, -2, 0, -31, 0, -21, -10,
    0, -46, 0, 0, 0, -2, 0, 0,
    0, 0, -2, 0, -10, -6, 0, 0,
    0, 0, 0, 0, 0, 0, -10, -12,
    0, 4, -4, 0, 0, 0, 0, 0,
    0, 0, 0, 0, 0, 0, -17, 0,
    -4, 0, 0, 0, -37, 0, -23, -15,
    -17, -48, 0, 0, 0, -4, 0, 0,
    0, 0, -2, 0, -12, -8, -19, -4,
    0, 0, 0, 0, 0, 4, -8, -6,
    0, 0, 0, 0, 0, 0, 0, 0,
    0, 0, 0, 0, 0, 0, -2, 0,
    -4, 0, 0, 0, -37, 0, -23, -12,
    -12, -48, 0, 2, 0, 0, 0, 0,
    0, 0, 0, 0, -6, -4, -2, 4,
    0, 0, 0, 0, 0, 4, -10, -8,
    2, 4, 0, 0, 0, 0, 0, 0,
    0, 0, 0, 0, 0, 0, -12, 0,
    -4, 0, 0, 0, -37, 0, -23, -15,
    -12, -48, 0, 0, 0, -2, 0, 0,
    0, 0, -2, 0, -8, -4, -12, 2,
    0, 0, 0, 0, 0, -8, 0, 6,
    -19, 2, -10, 0, 0, 0, 0, 0,
    0, 0, 0, 0, 0, 0, 2, 0,
    -10, 2, -8, 0, 2, 0, 0, 0,
    -4, 0, 2, -8, -4, 0, -2, 0,
    0, 0, 0, 0, 0, 0, -2, 0,
    0, 0, 0, 0, 0, 0, 0, 0,
    0, 0, 0, 0, 0, 0, 0, 0,
    0, 0, 0, 0, 0, 0, 0, 0,
    0, 0, 0, 0, -19, 0, -10, -4,
    0, -33, 0, 0, 0, 0, 0, 4,
    0, 0, 0, 0, 0, 0, 0, 0,
    0, 0, 0, 0, 0, 0, 0, -8,
    0, 0, 0, 0, 0, 0, 0, 0,
    0, 0, 0, 0, 0, 0, -6, 0,
    0, 0, -2, 0, -31, 0, -21, -10,
    0, -46, 0, 0, 0, 0, 0, 0,
    0, 0, 0, 0, -8, -4, 0, 0,
    0, 0, 0, 0, 0, 0, 0, 0,
    0, 0, 0, 0, 0, 0, 0, 0,
    0, 0, 0, 0, 0, 0, 0, 0,
    0, 0, 0, 0, 0, 0, -2, -2,
    0, -8, 0, 0, 0, 0, 0, 0,
    0, 0, 0, 0, 0, 0, 0, 0,
    0, 0, 0, 0, 0, -4, 0, 0,
    0, -15, 0, 0, 0, 0, 0, 0,
    0, 0, 0, 0, 0, 0, 4, -8,
    -10, 0, -10, 0, -15, 0, -12, -6,
    -10, -35, 0, -6, -19, 0, -19, 0,
    0, 0, 0, 0, -10, -6, 0, 4,
    0, 0, 0, 0, 0, 0, 0, 0,
    0, 0, 0, 0, 0, 0, 0, 0,
    0, 0, 0, 0, 0, 0, 0, 0,
    0, 0, 0, 0, -19, 0, -10, -4,
    0, -33, 0, 0, 0, 0, 0, 17,
    0, 0, 0, 0, 0, 0, 0, 0,
    0, 0, 0, 0, 0, -6, -12, 0,
    -29, 4, -12, 0, 0, 0, 0, 0,
    0, 0, 0, 0, 0, 0, 0, 0,
    -17, 4, -12, 0, -12, 0, -8, -6,
    -12, -31, -6, -8, -4, 0, -2, 0,
    0, 0, 0, 0, 0, 0, -2, 0,
    0, 0, 0, 0, 0, 0, -4, -4,
    0, 4, 0, 0, 0, 0, 0, 0,
    0, 0, 0, 0, 0, 0, -4, 0,
    0, 0, 0, 0, -23, 0, -17, -8,
    -4, -44, 0, 0, 0, -2, 0, 0,
    0, 0, -2, 0, -6, -6, -8, 0,
    0, 0, 0, 0, 0, 2, 0, 0,
    0, 0, 6, 0, 0, 0, 0, 0,
    0, 0, 0, 0, 0, 4, 0, 0,
    -2, 4, -4, 2, -2, 0, -6, -2,
    -4, -23, -2, 2, -2, 0, -2, 0,
    0, 0, 0, 0, 0, 0, 0, 0,
    0, 0, 0, 0, 0, 0, 0, 0,
    0, 0, 0, 0, 0, 0, 0, 0,
    0, 0, 0, 0, 0, 0, 0, 0,
    0, 0, 0, 0, -19, 0, -6, -8,
    0, -31, 0, 0, 0, 0, 0, 0,
    0, 0, 0, 0, 0, 0, 0, 0,
    0, 0, 0, 0, 0, -12, -17, 0,
    -25, -4, -17, 0, 0, 0, 0, 0,
    0, 0, 0, 0, 0, 0, 0, -12,
    -19, 0, -15, 0, -15, 0, -10, -6,
    -19, -27, -2, -10, -12, 0, -10, 0,
    0, -8, 0, 0, -10, -4, -15, 0,
    0, 0, 0, 0, 0, -10, -4, 0,
    -8, 0, -6, 0, 0, 0, 0, 0,
    0, 0, 0, 0, 0, 0, 0, -8,
    -10, 0, -4, -2, -19, 0, -10, -6,
    -15, -23, -2, -12, -8, 0, -6, 0,
    0, -4, 0, 0, -4, 0, -8, -2,
    0, 0, 0, 0, 0, -8, 0, -4,
    0, -15, 0, 0, 0, 0, 0, 0,
    0, 0, 0, 0, 0, 0, 0, -17,
    -10, -2, -10, 0, -15, 0, -12, -6,
    -10, -35, 0, -10, -19, 0, -17, 0,
    0, -6, 0, -4, -15, -8, -6, 0,
    0, 0, 0, 0, 0, 0, 0, 0,
    0, 0, 6, 0, 0, 0, 0, 0,
    0, 0, 0, 0, 0, 0, 0, -6,
    0, 0, 0, 2, -10, 0, -8, -6,
    0, -31, 0, 0, -6, 0, -6, 0,
    0, 0, 0, 0, 0, 0, 0, 0
};


/*Collect the kern class' data in one place*/
static const lv_font_fmt_txt_kern_classes_t kern_classes =
{
    .class_pair_values   = kern_class_values,
    .left_class_mapping  = kern_left_class_mapping,
    .right_class_mapping = kern_right_class_mapping,
    .left_class_cnt      = 62,
    .right_class_cnt     = 48,
};

/*--------------------
 *  ALL CUSTOM DATA
 *--------------------*/

#if LVGL_VERSION_MAJOR == 8
/*Store all the custom data of the font*/
static  lv_font_fmt_txt_glyph_cache_t cache;
#endif

#if LVGL_VERSION_MAJOR >= 8
static const lv_font_fmt_txt_dsc_t font_dsc = {
#else
static lv_font_fmt_txt_dsc_t font_dsc = {
#endif
    .glyph_bitmap = glyph_bitmap,
    .glyph_dsc = glyph_dsc,
    .cmaps = cmaps,
    .kern_dsc = &kern_classes,
    .kern_scale = 16,
    .cmap_num = 1,
    .bpp = 4,
    .kern_classes = 1,
    .bitmap_format = 0,
#if LVGL_VERSION_MAJOR == 8
    .cache = &cache
#endif

};



/*-----------------
 *  PUBLIC FONT
 *----------------*/

/*Initialize a public general font descriptor*/
#if LVGL_VERSION_MAJOR >= 8
const lv_font_t intelone_bold_26 = {
#else
lv_font_t intelone_bold_26 = {
#endif
    .get_glyph_dsc = lv_font_get_glyph_dsc_fmt_txt,    /*Function pointer to get glyph's data*/
    .get_glyph_bitmap = lv_font_get_bitmap_fmt_txt,    /*Function pointer to get glyph's bitmap*/
    .line_height = 28,          /*The maximum line height required by the font*/
    .base_line = 5,             /*Baseline measured from the bottom of the line*/
#if !(LVGL_VERSION_MAJOR == 6 && LVGL_VERSION_MINOR == 0)
    .subpx = LV_FONT_SUBPX_NONE,
#endif
#if LV_VERSION_CHECK(7, 4, 0) || LVGL_VERSION_MAJOR >= 8
    .underline_position = 0,
    .underline_thickness = 0,
#endif
    .dsc = &font_dsc,          /*The custom font data. Will be accessed by `get_glyph_bitmap/dsc` */
#if LV_VERSION_CHECK(8, 2, 0) || LVGL_VERSION_MAJOR >= 9
    .fallback = NULL,
#endif
    .user_data = NULL,
};



#endif /*#if INTELONE_BOLD_26*/
