/*******************************************************************************
 * Size: 36 px
 * Bpp: 4
 * Opts: --bpp 4 --size 36 --no-compress --stride 1 --align 1 --font intelone-display-medium.ttf --range 32-127 --format lvgl -o intelone_medium_36.c
 ******************************************************************************/

#ifdef __has_include
    #if __has_include("lvgl.h")
        #ifndef LV_LVGL_H_INCLUDE_SIMPLE
            #define LV_LVGL_H_INCLUDE_SIMPLE
        #endif
    #endif
#endif

#ifdef LV_LVGL_H_INCLUDE_SIMPLE
    #include "lvgl.h"
#else
    #include "lvgl/lvgl.h"
#endif



#ifndef INTELONE_MEDIUM_36
#define INTELONE_MEDIUM_36 1
#endif

#if INTELONE_MEDIUM_36

/*-----------------
 *    BITMAPS
 *----------------*/

/*Store the image of the glyphs*/
static LV_ATTRIBUTE_LARGE_CONST const uint8_t glyph_bitmap[] = {
    /* U+0020 " " */

    /* U+0021 "!" */
    0x5f, 0xff, 0xfc, 0x4f, 0xff, 0xfb, 0x3f, 0xff,
    0xfa, 0x2f, 0xff, 0xf9, 0x1f, 0xff, 0xf8, 0xf,
    0xff, 0xf7, 0xf, 0xff, 0xf6, 0xe, 0xff, 0xf5,
    0xe, 0xff, 0xf4, 0xd, 0xff, 0xf4, 0xc, 0xff,
    0xf3, 0xb, 0xff, 0xf2, 0xa, 0xff, 0xf1, 0x9,
    0xff, 0xf0, 0x8, 0xff, 0xf0, 0x7, 0xff, 0xe0,
    0x6, 0xff, 0xd0, 0x6, 0xff, 0xc0, 0x0, 0x0,
    0x0, 0x0, 0x0, 0x0, 0x17, 0x77, 0x75, 0x3f,
    0xff, 0xfb, 0x3f, 0xff, 0xfb, 0x3f, 0xff, 0xfb,
    0x3f, 0xff, 0xfb,

    /* U+0022 "\"" */
    0x2f, 0xff, 0xf8, 0xd, 0xff, 0xfd, 0x2f, 0xff,
    0xf6, 0xd, 0xff, 0xfb, 0x2f, 0xff, 0xf4, 0xd,
    0xff, 0xf8, 0x2f, 0xff, 0xf1, 0xd, 0xff, 0xf6,
    0x2f, 0xff, 0xf0, 0xd, 0xff, 0xf4, 0x2f, 0xff,
    0xd0, 0xd, 0xff, 0xf1, 0x2f, 0xff, 0xa0, 0xd,
    0xff, 0xf0, 0x2f, 0xff, 0x80, 0xd, 0xff, 0xd0,
    0x4, 0x44, 0x20, 0x4, 0x44, 0x30,

    /* U+0023 "#" */
    0x0, 0x0, 0x0, 0x5f, 0xff, 0x20, 0x0, 0x4f,
    0xff, 0x40, 0x0, 0x0, 0x0, 0x8f, 0xff, 0x0,
    0x0, 0x7f, 0xff, 0x10, 0x0, 0x0, 0x0, 0xbf,
    0xfc, 0x0, 0x0, 0xaf, 0xfe, 0x0, 0x0, 0x0,
    0x0, 0xef, 0xf9, 0x0, 0x0, 0xdf, 0xfb, 0x0,
    0x0, 0x0, 0x1, 0xff, 0xf6, 0x0, 0x0, 0xff,
    0xf8, 0x0, 0x0, 0x0, 0x4, 0xff, 0xf3, 0x0,
    0x3, 0xff, 0xf5, 0x0, 0x7, 0xff, 0xff, 0xff,
    0xff, 0xff, 0xff, 0xff, 0xff, 0xfe, 0x7, 0xff,
    0xff, 0xff, 0xff, 0xff, 0xff, 0xff, 0xff, 0xfe,
    0x7, 0xff, 0xff, 0xff, 0xff, 0xff, 0xff, 0xff,
    0xff, 0xfe, 0x6, 0xff, 0xff, 0xff, 0xff, 0xff,
    0xff, 0xff, 0xff, 0xfd, 0x0, 0x0, 0x3f, 0xff,
    0x40, 0x0, 0x2f, 0xff, 0x60, 0x0, 0x0, 0x0,
    0x7f, 0xff, 0x0, 0x0, 0x5f, 0xff, 0x20, 0x0,
    0x0, 0x0, 0xbf, 0xfd, 0x0, 0x0, 0x9f, 0xfe,
    0x0, 0x0, 0x0, 0x0, 0xef, 0xf9, 0x0, 0x0,
    0xcf, 0xfb, 0x0, 0x0, 0x0, 0x2, 0xff, 0xf6,
    0x0, 0x0, 0xff, 0xf7, 0x0, 0x0, 0xaf, 0xff,
    0xff, 0xff, 0xff, 0xff, 0xff, 0xff, 0xff, 0x90,
    0xbf, 0xff, 0xff, 0xff, 0xff, 0xff, 0xff, 0xff,
    0xff, 0xa0, 0xbf, 0xff, 0xff, 0xff, 0xff, 0xff,
    0xff, 0xff, 0xff, 0xa0, 0xbf, 0xff, 0xff, 0xff,
    0xff, 0xff, 0xff, 0xff, 0xff, 0xa0, 0x0, 0x2f,
    0xff, 0x60, 0x0, 0xf, 0xff, 0x70, 0x0, 0x0,
    0x0, 0x5f, 0xff, 0x30, 0x0, 0x3f, 0xff, 0x40,
    0x0, 0x0, 0x0, 0x8f, 0xff, 0x0, 0x0, 0x6f,
    0xff, 0x10, 0x0, 0x0, 0x0, 0xbf, 0xfd, 0x0,
    0x0, 0x9f, 0xfe, 0x0, 0x0, 0x0, 0x0, 0xef,
    0xfa, 0x0, 0x0, 0xcf, 0xfb, 0x0, 0x0, 0x0,
    0x1, 0xff, 0xf7, 0x0, 0x0, 0xff, 0xf8, 0x0,
    0x0, 0x0,

    /* U+0024 "$" */
    0x0, 0x0, 0x0, 0x0, 0x3, 0xff, 0xfa, 0x0,
    0x0, 0x0, 0x0, 0x0, 0x0, 0x0, 0x0, 0x3,
    0xff, 0xfa, 0x0, 0x0, 0x0, 0x0, 0x0, 0x0,
    0x0, 0x0, 0x3, 0xff, 0xfa, 0x0, 0x0, 0x0,
    0x0, 0x0, 0x0, 0x0, 0x2, 0x6a, 0xff, 0xfd,
    0x63, 0x0, 0x0, 0x0, 0x0, 0x0, 0x4, 0xcf,
    0xff, 0xff, 0xff, 0xff, 0xd7, 0x0, 0x0, 0x0,
    0x0, 0xaf, 0xff, 0xff, 0xff, 0xff, 0xff, 0xff,
    0xe5, 0x0, 0x0, 0xb, 0xff, 0xff, 0xff, 0xff,
    0xff, 0xff, 0xff, 0xff, 0x80, 0x0, 0x7f, 0xff,
    0xff, 0xa5, 0x32, 0x35, 0x9e, 0xff, 0xff, 0xd1,
    0x0, 0xef, 0xff, 0xd1, 0x0, 0x0, 0x0, 0x0,
    0x6e, 0xfe, 0x20, 0x3, 0xff, 0xff, 0x30, 0x0,
    0x0, 0x0, 0x0, 0x1, 0xb3, 0x0, 0x4, 0xff,
    0xff, 0x10, 0x0, 0x0, 0x0, 0x0, 0x0, 0x0,
    0x0, 0x3, 0xff, 0xff, 0x70, 0x0, 0x0, 0x0,
    0x0, 0x0, 0x0, 0x0, 0x1, 0xff, 0xff, 0xf9,
    0x30, 0x0, 0x0, 0x0, 0x0, 0x0, 0x0, 0x0,
    0xaf, 0xff, 0xff, 0xff, 0xfe, 0xdd, 0xca, 0x72,
    0x0, 0x0, 0x0, 0x1e, 0xff, 0xff, 0xff, 0xff,
    0xff, 0xff, 0xff, 0xc3, 0x0, 0x0, 0x1, 0xbf,
    0xff, 0xff, 0xff, 0xff, 0xff, 0xff, 0xff, 0x40,
    0x0, 0x0, 0x2, 0x7a, 0xde, 0xff, 0xff, 0xff,
    0xff, 0xff, 0xe1, 0x0, 0x0, 0x0, 0x0, 0x0,
    0x0, 0x1, 0x49, 0xff, 0xff, 0xf6, 0x0, 0x0,
    0x0, 0x0, 0x0, 0x0, 0x0, 0x0, 0x3f, 0xff,
    0xfb, 0x0, 0x0, 0x0, 0x0, 0x0, 0x0, 0x0,
    0x0, 0xa, 0xff, 0xfc, 0x0, 0x4, 0x0, 0x0,
    0x0, 0x0, 0x0, 0x0, 0x9, 0xff, 0xfd, 0x0,
    0x9f, 0x80, 0x0, 0x0, 0x0, 0x0, 0x0, 0xc,
    0xff, 0xfb, 0x5, 0xff, 0xfc, 0x30, 0x0, 0x0,
    0x0, 0x0, 0x6f, 0xff, 0xf6, 0x1e, 0xff, 0xff,
    0xfb, 0x50, 0x0, 0x0, 0x2a, 0xff, 0xff, 0xe1,
    0x6, 0xff, 0xff, 0xff, 0xff, 0xec, 0xce, 0xff,
    0xff, 0xff, 0x50, 0x0, 0x3d, 0xff, 0xff, 0xff,
    0xff, 0xff, 0xff, 0xff, 0xf6, 0x0, 0x0, 0x0,
    0x6d, 0xff, 0xff, 0xff, 0xff, 0xff, 0xfc, 0x30,
    0x0, 0x0, 0x0, 0x0, 0x38, 0xbe, 0xff, 0xff,
    0xc9, 0x30, 0x0, 0x0, 0x0, 0x0, 0x0, 0x0,
    0x3, 0xff, 0xfa, 0x0, 0x0, 0x0, 0x0, 0x0,
    0x0, 0x0, 0x0, 0x3, 0xff, 0xfa, 0x0, 0x0,
    0x0, 0x0, 0x0, 0x0, 0x0, 0x0, 0x3, 0xff,
    0xfa, 0x0, 0x0, 0x0, 0x0, 0x0, 0x0, 0x0,
    0x0, 0x3, 0xff, 0xfa, 0x0, 0x0, 0x0, 0x0,

    /* U+0025 "%" */
    0x0, 0x5, 0xbe, 0xfe, 0xa3, 0x0, 0x0, 0x0,
    0x0, 0x0, 0xcf, 0xfc, 0x0, 0x0, 0x1c, 0xff,
    0xff, 0xff, 0xf8, 0x0, 0x0, 0x0, 0x0, 0x8f,
    0xfe, 0x10, 0x0, 0xb, 0xff, 0xff, 0xff, 0xff,
    0xf6, 0x0, 0x0, 0x0, 0x3f, 0xff, 0x40, 0x0,
    0x5, 0xff, 0xfa, 0x10, 0x3d, 0xff, 0xf1, 0x0,
    0x0, 0xe, 0xff, 0x80, 0x0, 0x0, 0xaf, 0xfd,
    0x0, 0x0, 0x3f, 0xff, 0x50, 0x0, 0xa, 0xff,
    0xc0, 0x0, 0x0, 0xd, 0xff, 0x80, 0x0, 0x0,
    0xdf, 0xf8, 0x0, 0x5, 0xff, 0xe1, 0x0, 0x0,
    0x0, 0xef, 0xf6, 0x0, 0x0, 0xc, 0xff, 0x90,
    0x2, 0xff, 0xf4, 0x0, 0x0, 0x0, 0xe, 0xff,
    0x80, 0x0, 0x0, 0xdf, 0xf8, 0x0, 0xcf, 0xf8,
    0x0, 0x0, 0x0, 0x0, 0xbf, 0xfe, 0x0, 0x0,
    0x3f, 0xff, 0x50, 0x8f, 0xfb, 0x0, 0x0, 0x0,
    0x0, 0x5, 0xff, 0xfb, 0x20, 0x4e, 0xff, 0xe0,
    0x3f, 0xfe, 0x10, 0x0, 0x0, 0x0, 0x0, 0xb,
    0xff, 0xff, 0xff, 0xff, 0xf5, 0xe, 0xff, 0x40,
    0x0, 0x0, 0x0, 0x0, 0x0, 0x1c, 0xff, 0xff,
    0xff, 0xf6, 0xa, 0xff, 0x70, 0x0, 0x0, 0x0,
    0x0, 0x0, 0x0, 0x5, 0xbd, 0xed, 0x92, 0x6,
    0xff, 0xb0, 0x0, 0x0, 0x0, 0x0, 0x0, 0x0,
    0x0, 0x0, 0x0, 0x0, 0x2, 0xff, 0xe1, 0x1,
    0x8d, 0xff, 0xd9, 0x10, 0x0, 0x0, 0x0, 0x0,
    0x0, 0x0, 0xdf, 0xf4, 0x4, 0xef, 0xff, 0xff,
    0xff, 0x50, 0x0, 0x0, 0x0, 0x0, 0x0, 0xaf,
    0xf9, 0x2, 0xff, 0xff, 0xff, 0xff, 0xff, 0x30,
    0x0, 0x0, 0x0, 0x0, 0x6f, 0xfd, 0x0, 0xaf,
    0xff, 0x60, 0x6, 0xff, 0xfc, 0x0, 0x0, 0x0,
    0x0, 0x2f, 0xff, 0x20, 0xf, 0xff, 0x80, 0x0,
    0x7, 0xff, 0xf1, 0x0, 0x0, 0x0, 0xd, 0xff,
    0x60, 0x2, 0xff, 0xf3, 0x0, 0x0, 0x2f, 0xff,
    0x40, 0x0, 0x0, 0xa, 0xff, 0xb0, 0x0, 0x3f,
    0xff, 0x20, 0x0, 0x1, 0xff, 0xf4, 0x0, 0x0,
    0x6, 0xff, 0xe1, 0x0, 0x1, 0xff, 0xf5, 0x0,
    0x0, 0x3f, 0xff, 0x30, 0x0, 0x3, 0xff, 0xf4,
    0x0, 0x0, 0xe, 0xff, 0xd0, 0x0, 0xb, 0xff,
    0xe0, 0x0, 0x0, 0xdf, 0xf9, 0x0, 0x0, 0x0,
    0x7f, 0xff, 0xd8, 0x7d, 0xff, 0xf7, 0x0, 0x0,
    0xaf, 0xfd, 0x0, 0x0, 0x0, 0x0, 0xbf, 0xff,
    0xff, 0xff, 0xfb, 0x0, 0x0, 0x6f, 0xff, 0x20,
    0x0, 0x0, 0x0, 0x0, 0x8f, 0xff, 0xff, 0xf8,
    0x0, 0x0, 0x0, 0x0, 0x0, 0x0, 0x0, 0x0,
    0x0, 0x0, 0x15, 0x77, 0x51, 0x0, 0x0,

    /* U+0026 "&" */
    0x0, 0x0, 0x0, 0x0, 0x0, 0x46, 0x64, 0x10,
    0x0, 0x0, 0x0, 0x0, 0x0, 0x0, 0x0, 0x0,
    0x1a, 0xff, 0xff, 0xff, 0xa1, 0x0, 0x0, 0x0,
    0x0, 0x0, 0x0, 0x0, 0x3e, 0xff, 0xff, 0xff,
    0xff, 0xe3, 0x0, 0x0, 0x0, 0x0, 0x0, 0x0,
    0x1e, 0xff, 0xff, 0xff, 0xff, 0xff, 0xe1, 0x0,
    0x0, 0x0, 0x0, 0x0, 0xa, 0xff, 0xff, 0x61,
    0x17, 0xff, 0xff, 0x90, 0x0, 0x0, 0x0, 0x0,
    0x0, 0xff, 0xff, 0x50, 0x0, 0x7, 0xff, 0xfe,
    0x0, 0x0, 0x0, 0x0, 0x0, 0x2f, 0xff, 0xf0,
    0x0, 0x0, 0x1f, 0xff, 0xf0, 0x0, 0x0, 0x0,
    0x0, 0x2, 0xff, 0xff, 0x0, 0x0, 0x0, 0xff,
    0xff, 0x0, 0x0, 0x0, 0x0, 0x0, 0x1f, 0xff,
    0xf3, 0x0, 0x0, 0x4f, 0xff, 0xd0, 0x0, 0x0,
    0x0, 0x0, 0x0, 0xcf, 0xff, 0xc0, 0x0, 0x1d,
    0xff, 0xf7, 0x0, 0x0, 0x0, 0x0, 0x0, 0x5,
    0xff, 0xff, 0x70, 0x5e, 0xff, 0xfd, 0x0, 0x0,
    0x0, 0x0, 0x0, 0x0, 0xb, 0xff, 0xff, 0xef,
    0xff, 0xfd, 0x20, 0x0, 0x0, 0x0, 0x0, 0x0,
    0x2, 0x9f, 0xff, 0xff, 0xff, 0xf9, 0x10, 0x0,
    0x0, 0x0, 0x0, 0x0, 0x1a, 0xff, 0xff, 0xff,
    0xff, 0xa1, 0x0, 0x0, 0x66, 0x66, 0x0, 0x0,
    0x3e, 0xff, 0xff, 0xff, 0xff, 0xfe, 0x20, 0x0,
    0x4f, 0xff, 0xd0, 0x0, 0x1e, 0xff, 0xff, 0xa4,
    0x5f, 0xff, 0xfe, 0x20, 0x8, 0xff, 0xfa, 0x0,
    0x8, 0xff, 0xff, 0x40, 0x0, 0x6f, 0xff, 0xfd,
    0x10, 0xdf, 0xff, 0x50, 0x0, 0xef, 0xff, 0x70,
    0x0, 0x0, 0x7f, 0xff, 0xfd, 0x6f, 0xff, 0xe0,
    0x0, 0x1f, 0xff, 0xf3, 0x0, 0x0, 0x0, 0x9f,
    0xff, 0xff, 0xff, 0xf8, 0x0, 0x1, 0xff, 0xff,
    0x20, 0x0, 0x0, 0x0, 0xaf, 0xff, 0xff, 0xfe,
    0x10, 0x0, 0xf, 0xff, 0xf7, 0x0, 0x0, 0x0,
    0x0, 0xbf, 0xff, 0xff, 0x50, 0x0, 0x0, 0xcf,
    0xff, 0xf3, 0x0, 0x0, 0x0, 0x1b, 0xff, 0xff,
    0xf9, 0x0, 0x0, 0x5, 0xff, 0xff, 0xf9, 0x42,
    0x35, 0xaf, 0xff, 0xff, 0xff, 0xf8, 0x0, 0x0,
    0xb, 0xff, 0xff, 0xff, 0xff, 0xff, 0xff, 0xff,
    0xff, 0xff, 0xf7, 0x0, 0x0, 0xa, 0xff, 0xff,
    0xff, 0xff, 0xff, 0xfe, 0x51, 0xdf, 0xff, 0xf6,
    0x0, 0x0, 0x5, 0xcf, 0xff, 0xff, 0xff, 0xd6,
    0x0, 0x2, 0xef, 0xff, 0xf6, 0x0, 0x0, 0x0,
    0x15, 0x77, 0x65, 0x10, 0x0, 0x0, 0x0, 0x0,
    0x0, 0x0,

    /* U+0027 "'" */
    0x2f, 0xff, 0xf7, 0x2f, 0xff, 0xf5, 0x2f, 0xff,
    0xf2, 0x2f, 0xff, 0xf0, 0x2f, 0xff, 0xe0, 0x2f,
    0xff, 0xb0, 0x2f, 0xff, 0x90, 0x2f, 0xff, 0x70,
    0x4, 0x44, 0x10,

    /* U+0028 "(" */
    0x0, 0x0, 0x0, 0x0, 0x0, 0x0, 0x0, 0x0,
    0x0, 0x0, 0x0, 0x4, 0xe9, 0x0, 0x0, 0x0,
    0x0, 0x0, 0xaf, 0xff, 0x40, 0x0, 0x0, 0x0,
    0x2d, 0xff, 0xff, 0xd0, 0x0, 0x0, 0x2, 0xef,
    0xff, 0xfc, 0x20, 0x0, 0x0, 0x2e, 0xff, 0xff,
    0x90, 0x0, 0x0, 0x0, 0xdf, 0xff, 0xf7, 0x0,
    0x0, 0x0, 0xa, 0xff, 0xff, 0x80, 0x0, 0x0,
    0x0, 0x4f, 0xff, 0xfb, 0x0, 0x0, 0x0, 0x0,
    0xdf, 0xff, 0xe1, 0x0, 0x0, 0x0, 0x5, 0xff,
    0xff, 0x60, 0x0, 0x0, 0x0, 0xb, 0xff, 0xfd,
    0x0, 0x0, 0x0, 0x0, 0x1f, 0xff, 0xf7, 0x0,
    0x0, 0x0, 0x0, 0x4f, 0xff, 0xf1, 0x0, 0x0,
    0x0, 0x0, 0x8f, 0xff, 0xe0, 0x0, 0x0, 0x0,
    0x0, 0xaf, 0xff, 0xb0, 0x0, 0x0, 0x0, 0x0,
    0xbf, 0xff, 0x90, 0x0, 0x0, 0x0, 0x0, 0xcf,
    0xff, 0x90, 0x0, 0x0, 0x0, 0x0, 0xcf, 0xff,
    0x90, 0x0, 0x0, 0x0, 0x0, 0xbf, 0xff, 0xa0,
    0x0, 0x0, 0x0, 0x0, 0x9f, 0xff, 0xd0, 0x0,
    0x0, 0x0, 0x0, 0x5f, 0xff, 0xf1, 0x0, 0x0,
    0x0, 0x0, 0x2f, 0xff, 0xf6, 0x0, 0x0, 0x0,
    0x0, 0xc, 0xff, 0xfc, 0x0, 0x0, 0x0, 0x0,
    0x6, 0xff, 0xff, 0x50, 0x0, 0x0, 0x0, 0x0,
    0xef, 0xff, 0xd0, 0x0, 0x0, 0x0, 0x0, 0x6f,
    0xff, 0xf9, 0x0, 0x0, 0x0, 0x0, 0xb, 0xff,
    0xff, 0x70, 0x0, 0x0, 0x0, 0x1, 0xef, 0xff,
    0xf6, 0x0, 0x0, 0x0, 0x0, 0x3f, 0xff, 0xff,
    0x80, 0x0, 0x0, 0x0, 0x4, 0xff, 0xff, 0xfb,
    0x10, 0x0, 0x0, 0x0, 0x3e, 0xff, 0xff, 0xd0,
    0x0, 0x0, 0x0, 0x1, 0xcf, 0xff, 0x50, 0x0,
    0x0, 0x0, 0x0, 0x7, 0xf9, 0x0, 0x0, 0x0,
    0x0, 0x0, 0x0, 0x20, 0x0,

    /* U+0029 ")" */
    0x0, 0x0, 0x0, 0x0, 0x0, 0x0, 0x0, 0x0,
    0xcb, 0x10, 0x0, 0x0, 0x0, 0x0, 0x7, 0xff,
    0xf6, 0x0, 0x0, 0x0, 0x0, 0x2f, 0xff, 0xff,
    0x90, 0x0, 0x0, 0x0, 0x7, 0xff, 0xff, 0xfb,
    0x0, 0x0, 0x0, 0x0, 0x3e, 0xff, 0xff, 0xb0,
    0x0, 0x0, 0x0, 0x1, 0xdf, 0xff, 0xf9, 0x0,
    0x0, 0x0, 0x0, 0x1d, 0xff, 0xff, 0x40, 0x0,
    0x0, 0x0, 0x2, 0xff, 0xff, 0xe0, 0x0, 0x0,
    0x0, 0x0, 0x5f, 0xff, 0xf8, 0x0, 0x0, 0x0,
    0x0, 0xb, 0xff, 0xff, 0x0, 0x0, 0x0, 0x0,
    0x3, 0xff, 0xff, 0x60, 0x0, 0x0, 0x0, 0x0,
    0xdf, 0xff, 0xc0, 0x0, 0x0, 0x0, 0x0, 0x7f,
    0xff, 0xf0, 0x0, 0x0, 0x0, 0x0, 0x3f, 0xff,
    0xf3, 0x0, 0x0, 0x0, 0x0, 0xf, 0xff, 0xf5,
    0x0, 0x0, 0x0, 0x0, 0xe, 0xff, 0xf6, 0x0,
    0x0, 0x0, 0x0, 0xe, 0xff, 0xf7, 0x0, 0x0,
    0x0, 0x0, 0xe, 0xff, 0xf6, 0x0, 0x0, 0x0,
    0x0, 0xf, 0xff, 0xf5, 0x0, 0x0, 0x0, 0x0,
    0x2f, 0xff, 0xf3, 0x0, 0x0, 0x0, 0x0, 0x6f,
    0xff, 0xf0, 0x0, 0x0, 0x0, 0x0, 0xbf, 0xff,
    0xc0, 0x0, 0x0, 0x0, 0x1, 0xff, 0xff, 0x70,
    0x0, 0x0, 0x0, 0x9, 0xff, 0xff, 0x10, 0x0,
    0x0, 0x0, 0x2f, 0xff, 0xf9, 0x0, 0x0, 0x0,
    0x0, 0xdf, 0xff, 0xf1, 0x0, 0x0, 0x0, 0xa,
    0xff, 0xff, 0x70, 0x0, 0x0, 0x0, 0x9f, 0xff,
    0xfb, 0x0, 0x0, 0x0, 0xa, 0xff, 0xff, 0xd1,
    0x0, 0x0, 0x2, 0xdf, 0xff, 0xfd, 0x10, 0x0,
    0x0, 0x2f, 0xff, 0xff, 0xc1, 0x0, 0x0, 0x0,
    0xb, 0xff, 0xf9, 0x0, 0x0, 0x0, 0x0, 0x1,
    0xee, 0x50, 0x0, 0x0, 0x0, 0x0, 0x0, 0x30,
    0x0, 0x0, 0x0, 0x0, 0x0,

    /* U+002A "*" */
    0x0, 0x0, 0x8, 0xff, 0x0, 0x0, 0x0, 0x0,
    0x0, 0x7f, 0xf0, 0x0, 0x0, 0x3, 0x50, 0x7,
    0xff, 0x0, 0x16, 0x0, 0xaf, 0xd7, 0x7f, 0xf3,
    0xaf, 0xf3, 0xe, 0xff, 0xff, 0xff, 0xff, 0xff,
    0x70, 0x5, 0xaf, 0xff, 0xff, 0xd7, 0x20, 0x0,
    0x0, 0x4f, 0xff, 0xc0, 0x0, 0x0, 0x0, 0x2e,
    0xfd, 0xff, 0x90, 0x0, 0x0, 0x1d, 0xff, 0x28,
    0xff, 0x70, 0x0, 0xb, 0xff, 0x50, 0xc, 0xff,
    0x30, 0x0, 0x2d, 0x90, 0x0, 0x2e, 0x80, 0x0,
    0x0, 0x0, 0x0, 0x0, 0x10, 0x0,

    /* U+002B "+" */
    0x0, 0x0, 0x5, 0xff, 0xe0, 0x0, 0x0, 0x0,
    0x0, 0x5, 0xff, 0xe0, 0x0, 0x0, 0x0, 0x0,
    0x5, 0xff, 0xe0, 0x0, 0x0, 0x0, 0x0, 0x5,
    0xff, 0xe0, 0x0, 0x0, 0x0, 0x0, 0x5, 0xff,
    0xe0, 0x0, 0x0, 0x5e, 0xee, 0xef, 0xff, 0xfe,
    0xee, 0xed, 0x6f, 0xff, 0xff, 0xff, 0xff, 0xff,
    0xff, 0x6f, 0xff, 0xff, 0xff, 0xff, 0xff, 0xff,
    0x0, 0x0, 0x5, 0xff, 0xe0, 0x0, 0x0, 0x0,
    0x0, 0x5, 0xff, 0xe0, 0x0, 0x0, 0x0, 0x0,
    0x5, 0xff, 0xe0, 0x0, 0x0, 0x0, 0x0, 0x5,
    0xff, 0xe0, 0x0, 0x0, 0x0, 0x0, 0x5, 0xff,
    0xe0, 0x0, 0x0,

    /* U+002C "," */
    0x0, 0x34, 0x44, 0x40, 0x0, 0xef, 0xff, 0xc0,
    0x2, 0xff, 0xff, 0x60, 0x6, 0xff, 0xff, 0x0,
    0xa, 0xff, 0xfa, 0x0, 0xd, 0xff, 0xf4, 0x0,
    0x1f, 0xff, 0xd0, 0x0, 0x5f, 0xff, 0x80, 0x0,
    0x9f, 0xff, 0x20, 0x0, 0xcf, 0xfc, 0x0, 0x0,

    /* U+002D "-" */
    0x1f, 0xff, 0xff, 0xff, 0xff, 0x81, 0xff, 0xff,
    0xff, 0xff, 0xf8, 0x1f, 0xff, 0xff, 0xff, 0xff,
    0x81, 0xff, 0xff, 0xff, 0xff, 0xf8,

    /* U+002E "." */
    0x7e, 0xee, 0xe7, 0x8f, 0xff, 0xf7, 0x8f, 0xff,
    0xf7, 0x8f, 0xff, 0xf7, 0x8f, 0xff, 0xf7,

    /* U+002F "/" */
    0x0, 0x0, 0x0, 0x0, 0x0, 0x8, 0x88, 0x70,
    0x0, 0x0, 0x0, 0x0, 0x5, 0xff, 0xfa, 0x0,
    0x0, 0x0, 0x0, 0x0, 0xaf, 0xff, 0x50, 0x0,
    0x0, 0x0, 0x0, 0xf, 0xff, 0xf0, 0x0, 0x0,
    0x0, 0x0, 0x5, 0xff, 0xfb, 0x0, 0x0, 0x0,
    0x0, 0x0, 0xaf, 0xff, 0x60, 0x0, 0x0, 0x0,
    0x0, 0xe, 0xff, 0xf1, 0x0, 0x0, 0x0, 0x0,
    0x4, 0xff, 0xfb, 0x0, 0x0, 0x0, 0x0, 0x0,
    0x9f, 0xff, 0x60, 0x0, 0x0, 0x0, 0x0, 0xe,
    0xff, 0xf1, 0x0, 0x0, 0x0, 0x0, 0x3, 0xff,
    0xfc, 0x0, 0x0, 0x0, 0x0, 0x0, 0x9f, 0xff,
    0x70, 0x0, 0x0, 0x0, 0x0, 0xe, 0xff, 0xf2,
    0x0, 0x0, 0x0, 0x0, 0x3, 0xff, 0xfd, 0x0,
    0x0, 0x0, 0x0, 0x0, 0x8f, 0xff, 0x80, 0x0,
    0x0, 0x0, 0x0, 0xd, 0xff, 0xf2, 0x0, 0x0,
    0x0, 0x0, 0x2, 0xff, 0xfd, 0x0, 0x0, 0x0,
    0x0, 0x0, 0x7f, 0xff, 0x80, 0x0, 0x0, 0x0,
    0x0, 0xd, 0xff, 0xf3, 0x0, 0x0, 0x0, 0x0,
    0x2, 0xff, 0xfe, 0x0, 0x0, 0x0, 0x0, 0x0,
    0x7f, 0xff, 0x90, 0x0, 0x0, 0x0, 0x0, 0xc,
    0xff, 0xf4, 0x0, 0x0, 0x0, 0x0, 0x1, 0xff,
    0xfe, 0x0, 0x0, 0x0, 0x0, 0x0, 0x6f, 0xff,
    0x90, 0x0, 0x0, 0x0, 0x0, 0xb, 0xff, 0xf4,
    0x0, 0x0, 0x0, 0x0, 0x1, 0xff, 0xff, 0x0,
    0x0, 0x0, 0x0, 0x0, 0x6f, 0xff, 0xa0, 0x0,
    0x0, 0x0, 0x0, 0xb, 0xff, 0xf5, 0x0, 0x0,
    0x0, 0x0, 0x0, 0xff, 0xff, 0x0, 0x0, 0x0,
    0x0, 0x0, 0x5f, 0xff, 0xa0, 0x0, 0x0, 0x0,
    0x0, 0xa, 0xff, 0xf5, 0x0, 0x0, 0x0, 0x0,
    0x0, 0xff, 0xff, 0x0, 0x0, 0x0, 0x0, 0x0,
    0x5f, 0xff, 0xb0, 0x0, 0x0, 0x0, 0x0, 0xa,
    0xff, 0xf6, 0x0, 0x0, 0x0, 0x0, 0x0,

    /* U+0030 "0" */
    0x0, 0x0, 0x0, 0x15, 0x9b, 0xcb, 0xa7, 0x20,
    0x0, 0x0, 0x0, 0x0, 0x0, 0x8, 0xff, 0xff,
    0xff, 0xff, 0xfa, 0x20, 0x0, 0x0, 0x0, 0x1,
    0xdf, 0xff, 0xff, 0xff, 0xff, 0xff, 0xf4, 0x0,
    0x0, 0x0, 0x1d, 0xff, 0xff, 0xff, 0xff, 0xff,
    0xff, 0xff, 0x40, 0x0, 0x0, 0xbf, 0xff, 0xfe,
    0x62, 0x1, 0x5c, 0xff, 0xff, 0xe1, 0x0, 0x5,
    0xff, 0xff, 0xc1, 0x0, 0x0, 0x0, 0xaf, 0xff,
    0xf9, 0x0, 0xc, 0xff, 0xff, 0x10, 0x0, 0x0,
    0x0, 0xd, 0xff, 0xff, 0x10, 0x3f, 0xff, 0xf7,
    0x0, 0x0, 0x0, 0x0, 0x4, 0xff, 0xff, 0x60,
    0x7f, 0xff, 0xf2, 0x0, 0x0, 0x0, 0x0, 0x0,
    0xef, 0xff, 0xa0, 0xaf, 0xff, 0xe0, 0x0, 0x0,
    0x0, 0x0, 0x0, 0xaf, 0xff, 0xe0, 0xcf, 0xff,
    0xb0, 0x0, 0x0, 0x0, 0x0, 0x0, 0x8f, 0xff,
    0xf0, 0xdf, 0xff, 0xa0, 0x0, 0x0, 0x0, 0x0,
    0x0, 0x6f, 0xff, 0xf1, 0xef, 0xff, 0x90, 0x0,
    0x0, 0x0, 0x0, 0x0, 0x6f, 0xff, 0xf2, 0xff,
    0xff, 0x90, 0x0, 0x0, 0x0, 0x0, 0x0, 0x5f,
    0xff, 0xf2, 0xef, 0xff, 0x90, 0x0, 0x0, 0x0,
    0x0, 0x0, 0x6f, 0xff, 0xf2, 0xdf, 0xff, 0xa0,
    0x0, 0x0, 0x0, 0x0, 0x0, 0x7f, 0xff, 0xf1,
    0xcf, 0xff, 0xc0, 0x0, 0x0, 0x0, 0x0, 0x0,
    0x8f, 0xff, 0xf0, 0x9f, 0xff, 0xf0, 0x0, 0x0,
    0x0, 0x0, 0x0, 0xbf, 0xff, 0xc0, 0x6f, 0xff,
    0xf4, 0x0, 0x0, 0x0, 0x0, 0x0, 0xff, 0xff,
    0x90, 0x1f, 0xff, 0xfa, 0x0, 0x0, 0x0, 0x0,
    0x7, 0xff, 0xff, 0x40, 0xb, 0xff, 0xff, 0x40,
    0x0, 0x0, 0x0, 0x1e, 0xff, 0xfd, 0x0, 0x3,
    0xff, 0xff, 0xf4, 0x0, 0x0, 0x2, 0xdf, 0xff,
    0xf6, 0x0, 0x0, 0x8f, 0xff, 0xff, 0xb7, 0x56,
    0xaf, 0xff, 0xff, 0xb0, 0x0, 0x0, 0xb, 0xff,
    0xff, 0xff, 0xff, 0xff, 0xff, 0xfc, 0x10, 0x0,
    0x0, 0x0, 0xaf, 0xff, 0xff, 0xff, 0xff, 0xff,
    0xb0, 0x0, 0x0, 0x0, 0x0, 0x3, 0xbf, 0xff,
    0xff, 0xff, 0xc5, 0x0, 0x0, 0x0, 0x0, 0x0,
    0x0, 0x1, 0x46, 0x76, 0x51, 0x0, 0x0, 0x0,
    0x0,

    /* U+0031 "1" */
    0x4f, 0xff, 0xff, 0xff, 0xf0, 0x4f, 0xff, 0xff,
    0xff, 0xf0, 0x4f, 0xff, 0xff, 0xff, 0xf0, 0x3d,
    0xdd, 0xef, 0xff, 0xf0, 0x0, 0x0, 0x6f, 0xff,
    0xf0, 0x0, 0x0, 0x6f, 0xff, 0xf0, 0x0, 0x0,
    0x6f, 0xff, 0xf0, 0x0, 0x0, 0x6f, 0xff, 0xf0,
    0x0, 0x0, 0x6f, 0xff, 0xf0, 0x0, 0x0, 0x6f,
    0xff, 0xf0, 0x0, 0x0, 0x6f, 0xff, 0xf0, 0x0,
    0x0, 0x6f, 0xff, 0xf0, 0x0, 0x0, 0x6f, 0xff,
    0xf0, 0x0, 0x0, 0x6f, 0xff, 0xf0, 0x0, 0x0,
    0x6f, 0xff, 0xf0, 0x0, 0x0, 0x6f, 0xff, 0xf0,
    0x0, 0x0, 0x6f, 0xff, 0xf0, 0x0, 0x0, 0x6f,
    0xff, 0xf0, 0x0, 0x0, 0x6f, 0xff, 0xf0, 0x0,
    0x0, 0x6f, 0xff, 0xf0, 0x0, 0x0, 0x6f, 0xff,
    0xf0, 0x0, 0x0, 0x6f, 0xff, 0xf0, 0x0, 0x0,
    0x6f, 0xff, 0xf0, 0x0, 0x0, 0x6f, 0xff, 0xf0,
    0x0, 0x0, 0x6f, 0xff, 0xf0,

    /* U+0032 "2" */
    0x0, 0x0, 0x3, 0x9c, 0xef, 0xed, 0xa5, 0x0,
    0x0, 0x0, 0x0, 0x2c, 0xff, 0xff, 0xff, 0xff,
    0xfd, 0x40, 0x0, 0x0, 0x3f, 0xff, 0xff, 0xff,
    0xff, 0xff, 0xff, 0x50, 0x0, 0x2e, 0xff, 0xff,
    0xfe, 0xdf, 0xff, 0xff, 0xff, 0x20, 0xa, 0xff,
    0xff, 0xc3, 0x0, 0x4, 0xdf, 0xff, 0xfa, 0x2,
    0xff, 0xff, 0xc0, 0x0, 0x0, 0x0, 0xdf, 0xff,
    0xf0, 0x7f, 0xff, 0xf2, 0x0, 0x0, 0x0, 0x7,
    0xff, 0xff, 0x2a, 0xff, 0xfd, 0x0, 0x0, 0x0,
    0x0, 0x5f, 0xff, 0xf3, 0xcf, 0xff, 0xa0, 0x0,
    0x0, 0x0, 0x7, 0xff, 0xff, 0x11, 0x11, 0x11,
    0x0, 0x0, 0x0, 0x0, 0xdf, 0xff, 0xd0, 0x0,
    0x0, 0x0, 0x0, 0x0, 0x0, 0x7f, 0xff, 0xf7,
    0x0, 0x0, 0x0, 0x0, 0x0, 0x0, 0x5f, 0xff,
    0xfd, 0x0, 0x0, 0x0, 0x0, 0x0, 0x0, 0x5f,
    0xff, 0xff, 0x20, 0x0, 0x0, 0x0, 0x0, 0x0,
    0x6f, 0xff, 0xff, 0x30, 0x0, 0x0, 0x0, 0x0,
    0x0, 0x8f, 0xff, 0xff, 0x40, 0x0, 0x0, 0x0,
    0x0, 0x0, 0xaf, 0xff, 0xfe, 0x30, 0x0, 0x0,
    0x0, 0x0, 0x1, 0xcf, 0xff, 0xfd, 0x20, 0x0,
    0x0, 0x0, 0x0, 0x2, 0xdf, 0xff, 0xfb, 0x10,
    0x0, 0x0, 0x0, 0x0, 0x4, 0xff, 0xff, 0xf9,
    0x0, 0x0, 0x0, 0x0, 0x0, 0x6, 0xff, 0xff,
    0xf6, 0x0, 0x0, 0x0, 0x0, 0x0, 0x8, 0xff,
    0xff, 0xf4, 0x0, 0x0, 0x0, 0x0, 0x0, 0x9,
    0xff, 0xff, 0xfe, 0xdd, 0xdd, 0xdd, 0xdd, 0xdd,
    0xdd, 0xdf, 0xff, 0xff, 0xff, 0xff, 0xff, 0xff,
    0xff, 0xff, 0xfd, 0xff, 0xff, 0xff, 0xff, 0xff,
    0xff, 0xff, 0xff, 0xff, 0xdf, 0xff, 0xff, 0xff,
    0xff, 0xff, 0xff, 0xff, 0xff, 0xf0,

    /* U+0033 "3" */
    0x0, 0x0, 0x0, 0x4, 0x8b, 0xcc, 0xb8, 0x40,
    0x0, 0x0, 0x0, 0x0, 0x0, 0x5e, 0xff, 0xff,
    0xff, 0xff, 0xd5, 0x0, 0x0, 0x0, 0x0, 0x9f,
    0xff, 0xff, 0xff, 0xff, 0xff, 0xf9, 0x0, 0x0,
    0x0, 0x9f, 0xff, 0xff, 0xff, 0xff, 0xff, 0xff,
    0xf7, 0x0, 0x0, 0x4f, 0xff, 0xfe, 0x72, 0x1,
    0x4b, 0xff, 0xff, 0xf2, 0x0, 0xd, 0xff, 0xfe,
    0x20, 0x0, 0x0, 0x9, 0xff, 0xff, 0x70, 0x2,
    0xff, 0xff, 0x60, 0x0, 0x0, 0x0, 0xf, 0xff,
    0xfa, 0x0, 0x6f, 0xff, 0xf0, 0x0, 0x0, 0x0,
    0x0, 0xdf, 0xff, 0xb0, 0x8, 0xff, 0xfc, 0x0,
    0x0, 0x0, 0x0, 0xe, 0xff, 0xf9, 0x0, 0x0,
    0x0, 0x0, 0x0, 0x0, 0x0, 0x4, 0xff, 0xff,
    0x50, 0x0, 0x0, 0x0, 0x0, 0x0, 0x0, 0x3,
    0xef, 0xff, 0xd0, 0x0, 0x0, 0x0, 0x0, 0x3,
    0x66, 0x8c, 0xff, 0xff, 0xe1, 0x0, 0x0, 0x0,
    0x0, 0x0, 0x9f, 0xff, 0xff, 0xff, 0xb1, 0x0,
    0x0, 0x0, 0x0, 0x0, 0x9, 0xff, 0xff, 0xff,
    0xe5, 0x0, 0x0, 0x0, 0x0, 0x0, 0x0, 0x9f,
    0xff, 0xff, 0xff, 0xfd, 0x20, 0x0, 0x0, 0x0,
    0x0, 0x0, 0x0, 0x13, 0x9f, 0xff, 0xfe, 0x20,
    0x0, 0x0, 0x0, 0x0, 0x0, 0x0, 0x0, 0x3f,
    0xff, 0xfb, 0x0, 0x55, 0x55, 0x10, 0x0, 0x0,
    0x0, 0x0, 0x8f, 0xff, 0xf0, 0xf, 0xff, 0xf5,
    0x0, 0x0, 0x0, 0x0, 0x5, 0xff, 0xff, 0x30,
    0xdf, 0xff, 0x90, 0x0, 0x0, 0x0, 0x0, 0x6f,
    0xff, 0xf3, 0x9, 0xff, 0xff, 0x20, 0x0, 0x0,
    0x0, 0xc, 0xff, 0xff, 0x10, 0x3f, 0xff, 0xfd,
    0x20, 0x0, 0x0, 0xa, 0xff, 0xff, 0xc0, 0x0,
    0xbf, 0xff, 0xff, 0xb7, 0x56, 0x9e, 0xff, 0xff,
    0xf4, 0x0, 0x1, 0xdf, 0xff, 0xff, 0xff, 0xff,
    0xff, 0xff, 0xf7, 0x0, 0x0, 0x1, 0xcf, 0xff,
    0xff, 0xff, 0xff, 0xff, 0xf6, 0x0, 0x0, 0x0,
    0x0, 0x6d, 0xff, 0xff, 0xff, 0xfe, 0x91, 0x0,
    0x0, 0x0, 0x0, 0x0, 0x1, 0x56, 0x77, 0x53,
    0x0, 0x0, 0x0, 0x0,

    /* U+0034 "4" */
    0x0, 0x0, 0x0, 0x0, 0x0, 0x5, 0xff, 0xff,
    0xff, 0x50, 0x0, 0x0, 0x0, 0x0, 0x0, 0x0,
    0x1, 0xef, 0xff, 0xff, 0xf5, 0x0, 0x0, 0x0,
    0x0, 0x0, 0x0, 0x0, 0xbf, 0xff, 0xff, 0xff,
    0x50, 0x0, 0x0, 0x0, 0x0, 0x0, 0x0, 0x7f,
    0xff, 0xef, 0xff, 0xf5, 0x0, 0x0, 0x0, 0x0,
    0x0, 0x0, 0x2f, 0xff, 0xf4, 0xff, 0xff, 0x50,
    0x0, 0x0, 0x0, 0x0, 0x0, 0xd, 0xff, 0xf8,
    0xf, 0xff, 0xf5, 0x0, 0x0, 0x0, 0x0, 0x0,
    0x9, 0xff, 0xfd, 0x0, 0xff, 0xff, 0x50, 0x0,
    0x0, 0x0, 0x0, 0x4, 0xff, 0xff, 0x20, 0xf,
    0xff, 0xf5, 0x0, 0x0, 0x0, 0x0, 0x1, 0xef,
    0xff, 0x70, 0x0, 0xff, 0xff, 0x50, 0x0, 0x0,
    0x0, 0x0, 0xbf, 0xff, 0xb0, 0x0, 0xf, 0xff,
    0xf5, 0x0, 0x0, 0x0, 0x0, 0x6f, 0xff, 0xe1,
    0x0, 0x0, 0xff, 0xff, 0x50, 0x0, 0x0, 0x0,
    0x2f, 0xff, 0xf5, 0x0, 0x0, 0xf, 0xff, 0xf5,
    0x0, 0x0, 0x0, 0xc, 0xff, 0xfa, 0x0, 0x0,
    0x0, 0xff, 0xff, 0x50, 0x0, 0x0, 0x8, 0xff,
    0xfe, 0x0, 0x0, 0x0, 0xf, 0xff, 0xf5, 0x0,
    0x0, 0x3, 0xff, 0xff, 0x30, 0x0, 0x0, 0x0,
    0xff, 0xff, 0x50, 0x0, 0x1, 0xef, 0xff, 0x80,
    0x0, 0x0, 0x0, 0xf, 0xff, 0xf5, 0x0, 0x0,
    0x6f, 0xff, 0xff, 0xff, 0xff, 0xff, 0xff, 0xff,
    0xff, 0xff, 0xff, 0x77, 0xff, 0xff, 0xff, 0xff,
    0xff, 0xff, 0xff, 0xff, 0xff, 0xff, 0xf7, 0x7f,
    0xff, 0xff, 0xff, 0xff, 0xff, 0xff, 0xff, 0xff,
    0xff, 0xff, 0x74, 0xaa, 0xaa, 0xaa, 0xaa, 0xaa,
    0xaa, 0xbf, 0xff, 0xfc, 0xaa, 0xa4, 0x0, 0x0,
    0x0, 0x0, 0x0, 0x0, 0x2, 0xff, 0xff, 0x50,
    0x0, 0x0, 0x0, 0x0, 0x0, 0x0, 0x0, 0x0,
    0x2f, 0xff, 0xf5, 0x0, 0x0, 0x0, 0x0, 0x0,
    0x0, 0x0, 0x0, 0x2, 0xff, 0xff, 0x50, 0x0,
    0x0, 0x0, 0x0, 0x0, 0x0, 0x0, 0x0, 0x2f,
    0xff, 0xf5, 0x0, 0x0, 0x0, 0x0, 0x0, 0x0,
    0x0, 0x0, 0x2, 0xff, 0xff, 0x50, 0x0, 0x0,

    /* U+0035 "5" */
    0x0, 0x3f, 0xff, 0xff, 0xff, 0xff, 0xff, 0xff,
    0xff, 0xb0, 0x0, 0x4, 0xff, 0xff, 0xff, 0xff,
    0xff, 0xff, 0xff, 0xfb, 0x0, 0x0, 0x5f, 0xff,
    0xff, 0xff, 0xff, 0xff, 0xff, 0xff, 0xb0, 0x0,
    0x6, 0xff, 0xff, 0xee, 0xee, 0xee, 0xee, 0xee,
    0xe9, 0x0, 0x0, 0x7f, 0xff, 0x90, 0x0, 0x0,
    0x0, 0x0, 0x0, 0x0, 0x0, 0x8, 0xff, 0xf8,
    0x0, 0x0, 0x0, 0x0, 0x0, 0x0, 0x0, 0x0,
    0x9f, 0xff, 0x70, 0x0, 0x0, 0x0, 0x0, 0x0,
    0x0, 0x0, 0xa, 0xff, 0xf5, 0x0, 0x0, 0x0,
    0x0, 0x0, 0x0, 0x0, 0x0, 0xbf, 0xff, 0x40,
    0x0, 0x0, 0x0, 0x0, 0x0, 0x0, 0x0, 0xc,
    0xff, 0xf3, 0x27, 0xbe, 0xff, 0xda, 0x40, 0x0,
    0x0, 0x0, 0xdf, 0xff, 0xbf, 0xff, 0xff, 0xff,
    0xff, 0xd2, 0x0, 0x0, 0xe, 0xff, 0xff, 0xff,
    0xff, 0xff, 0xff, 0xff, 0xf4, 0x0, 0x0, 0xff,
    0xff, 0xff, 0xfe, 0xcd, 0xff, 0xff, 0xff, 0xf2,
    0x0, 0xf, 0xff, 0xff, 0x82, 0x0, 0x0, 0x6e,
    0xff, 0xff, 0xa0, 0x0, 0xad, 0xfc, 0x20, 0x0,
    0x0, 0x0, 0x2e, 0xff, 0xff, 0x0, 0x0, 0x0,
    0x0, 0x0, 0x0, 0x0, 0x0, 0x7f, 0xff, 0xf4,
    0x0, 0x0, 0x0, 0x0, 0x0, 0x0, 0x0, 0x2,
    0xff, 0xff, 0x50, 0x0, 0x0, 0x0, 0x0, 0x0,
    0x0, 0x0, 0x2f, 0xff, 0xf5, 0x0, 0x7, 0x90,
    0x0, 0x0, 0x0, 0x0, 0x5, 0xff, 0xff, 0x30,
    0x2c, 0xff, 0x60, 0x0, 0x0, 0x0, 0x0, 0xdf,
    0xff, 0xf0, 0xd, 0xff, 0xff, 0x80, 0x0, 0x0,
    0x1, 0xbf, 0xff, 0xf9, 0x0, 0x4f, 0xff, 0xff,
    0xf9, 0x64, 0x59, 0xef, 0xff, 0xfe, 0x10, 0x0,
    0x7f, 0xff, 0xff, 0xff, 0xff, 0xff, 0xff, 0xff,
    0x30, 0x0, 0x0, 0x5e, 0xff, 0xff, 0xff, 0xff,
    0xff, 0xfd, 0x20, 0x0, 0x0, 0x0, 0x18, 0xef,
    0xff, 0xff, 0xff, 0xd6, 0x0, 0x0, 0x0, 0x0,
    0x0, 0x0, 0x25, 0x77, 0x65, 0x10, 0x0, 0x0,
    0x0,

    /* U+0036 "6" */
    0x0, 0x0, 0x0, 0x0, 0x0, 0x4f, 0xff, 0xff,
    0x60, 0x0, 0x0, 0x0, 0x0, 0x0, 0x0, 0x3f,
    0xff, 0xff, 0x70, 0x0, 0x0, 0x0, 0x0, 0x0,
    0x0, 0x3f, 0xff, 0xff, 0x70, 0x0, 0x0, 0x0,
    0x0, 0x0, 0x0, 0x2e, 0xff, 0xff, 0x70, 0x0,
    0x0, 0x0, 0x0, 0x0, 0x0, 0x1e, 0xff, 0xff,
    0x70, 0x0, 0x0, 0x0, 0x0, 0x0, 0x0, 0xd,
    0xff, 0xff, 0x70, 0x0, 0x0, 0x0, 0x0, 0x0,
    0x0, 0xb, 0xff, 0xff, 0x70, 0x0, 0x0, 0x0,
    0x0, 0x0, 0x0, 0x8, 0xff, 0xff, 0x70, 0x0,
    0x0, 0x0, 0x0, 0x0, 0x0, 0x4, 0xff, 0xff,
    0xec, 0xef, 0xed, 0x94, 0x0, 0x0, 0x0, 0x1,
    0xef, 0xff, 0xff, 0xff, 0xff, 0xff, 0xfc, 0x20,
    0x0, 0x0, 0x9f, 0xff, 0xff, 0xff, 0xff, 0xff,
    0xff, 0xff, 0x40, 0x0, 0x1f, 0xff, 0xff, 0xfe,
    0x97, 0x8b, 0xff, 0xff, 0xff, 0x20, 0x7, 0xff,
    0xff, 0xf7, 0x0, 0x0, 0x1, 0xcf, 0xff, 0xfb,
    0x0, 0xbf, 0xff, 0xf6, 0x0, 0x0, 0x0, 0x0,
    0xdf, 0xff, 0xf1, 0xf, 0xff, 0xfd, 0x0, 0x0,
    0x0, 0x0, 0x5, 0xff, 0xff, 0x61, 0xff, 0xff,
    0x80, 0x0, 0x0, 0x0, 0x0, 0x1f, 0xff, 0xf7,
    0x1f, 0xff, 0xf6, 0x0, 0x0, 0x0, 0x0, 0x0,
    0xff, 0xff, 0x81, 0xff, 0xff, 0x80, 0x0, 0x0,
    0x0, 0x0, 0x2f, 0xff, 0xf7, 0xf, 0xff, 0xfc,
    0x0, 0x0, 0x0, 0x0, 0x6, 0xff, 0xff, 0x40,
    0xbf, 0xff, 0xf4, 0x0, 0x0, 0x0, 0x1, 0xef,
    0xff, 0xf0, 0x4, 0xff, 0xff, 0xe4, 0x0, 0x0,
    0x2, 0xdf, 0xff, 0xf7, 0x0, 0xb, 0xff, 0xff,
    0xfb, 0x65, 0x6a, 0xff, 0xff, 0xfd, 0x0, 0x0,
    0x1d, 0xff, 0xff, 0xff, 0xff, 0xff, 0xff, 0xfe,
    0x10, 0x0, 0x0, 0x1b, 0xff, 0xff, 0xff, 0xff,
    0xff, 0xfb, 0x10, 0x0, 0x0, 0x0, 0x5, 0xdf,
    0xff, 0xff, 0xff, 0xc5, 0x0, 0x0, 0x0, 0x0,
    0x0, 0x0, 0x15, 0x67, 0x64, 0x10, 0x0, 0x0,
    0x0,

    /* U+0037 "7" */
    0x9f, 0xff, 0xff, 0xff, 0xff, 0xff, 0xff, 0xff,
    0xff, 0x89, 0xff, 0xff, 0xff, 0xff, 0xff, 0xff,
    0xff, 0xff, 0xf8, 0x9f, 0xff, 0xff, 0xff, 0xff,
    0xff, 0xff, 0xff, 0xff, 0x87, 0xdd, 0xdd, 0xdd,
    0xdd, 0xdd, 0xdd, 0xdf, 0xff, 0xf7, 0x0, 0x0,
    0x0, 0x0, 0x0, 0x0, 0x5, 0xff, 0xff, 0x10,
    0x0, 0x0, 0x0, 0x0, 0x0, 0x0, 0xdf, 0xff,
    0x90, 0x0, 0x0, 0x0, 0x0, 0x0, 0x0, 0x5f,
    0xff, 0xf2, 0x0, 0x0, 0x0, 0x0, 0x0, 0x0,
    0xd, 0xff, 0xfa, 0x0, 0x0, 0x0, 0x0, 0x0,
    0x0, 0x5, 0xff, 0xff, 0x20, 0x0, 0x0, 0x0,
    0x0, 0x0, 0x0, 0xdf, 0xff, 0xb0, 0x0, 0x0,
    0x0, 0x0, 0x0, 0x0, 0x5f, 0xff, 0xf3, 0x0,
    0x0, 0x0, 0x0, 0x0, 0x0, 0xd, 0xff, 0xfb,
    0x0, 0x0, 0x0, 0x0, 0x0, 0x0, 0x5, 0xff,
    0xff, 0x40, 0x0, 0x0, 0x0, 0x0, 0x0, 0x0,
    0xdf, 0xff, 0xc0, 0x0, 0x0, 0x0, 0x0, 0x0,
    0x0, 0x5f, 0xff, 0xf5, 0x0, 0x0, 0x0, 0x0,
    0x0, 0x0, 0xd, 0xff, 0xfd, 0x0, 0x0, 0x0,
    0x0, 0x0, 0x0, 0x5, 0xff, 0xff, 0x50, 0x0,
    0x0, 0x0, 0x0, 0x0, 0x0, 0xdf, 0xff, 0xd0,
    0x0, 0x0, 0x0, 0x0, 0x0, 0x0, 0x5f, 0xff,
    0xf6, 0x0, 0x0, 0x0, 0x0, 0x0, 0x0, 0xd,
    0xff, 0xfe, 0x0, 0x0, 0x0, 0x0, 0x0, 0x0,
    0x5, 0xff, 0xff, 0x70, 0x0, 0x0, 0x0, 0x0,
    0x0, 0x0, 0xdf, 0xff, 0xe0, 0x0, 0x0, 0x0,
    0x0, 0x0, 0x0, 0x5f, 0xff, 0xf8, 0x0, 0x0,
    0x0, 0x0, 0x0, 0x0, 0xd, 0xff, 0xff, 0x10,
    0x0, 0x0, 0x0, 0x0, 0x0, 0x5, 0xff, 0xff,
    0x80, 0x0, 0x0, 0x0, 0x0, 0x0,

    /* U+0038 "8" */
    0x0, 0x0, 0x0, 0x47, 0x9a, 0xa9, 0x74, 0x0,
    0x0, 0x0, 0x0, 0x0, 0x7e, 0xff, 0xff, 0xff,
    0xff, 0xe7, 0x0, 0x0, 0x0, 0x2d, 0xff, 0xff,
    0xff, 0xff, 0xff, 0xff, 0xd1, 0x0, 0x1, 0xef,
    0xff, 0xff, 0xff, 0xff, 0xff, 0xff, 0xfd, 0x0,
    0xa, 0xff, 0xff, 0xe7, 0x20, 0x13, 0x9f, 0xff,
    0xff, 0x80, 0xf, 0xff, 0xfd, 0x10, 0x0, 0x0,
    0x2, 0xef, 0xff, 0xe0, 0x3f, 0xff, 0xf5, 0x0,
    0x0, 0x0, 0x0, 0x7f, 0xff, 0xf1, 0x4f, 0xff,
    0xf2, 0x0, 0x0, 0x0, 0x0, 0x4f, 0xff, 0xf2,
    0x2f, 0xff, 0xf4, 0x0, 0x0, 0x0, 0x0, 0x6f,
    0xff, 0xf0, 0xd, 0xff, 0xfb, 0x0, 0x0, 0x0,
    0x0, 0xdf, 0xff, 0xb0, 0x6, 0xff, 0xff, 0xb2,
    0x0, 0x0, 0x3c, 0xff, 0xff, 0x30, 0x0, 0x9f,
    0xff, 0xff, 0xdb, 0xce, 0xff, 0xff, 0xf6, 0x0,
    0x0, 0x6, 0xef, 0xff, 0xff, 0xff, 0xff, 0xfd,
    0x40, 0x0, 0x0, 0x5, 0xef, 0xff, 0xff, 0xff,
    0xff, 0xfd, 0x50, 0x0, 0x0, 0xaf, 0xff, 0xff,
    0xff, 0xff, 0xff, 0xff, 0xfa, 0x0, 0xa, 0xff,
    0xff, 0xc5, 0x10, 0x2, 0x6d, 0xff, 0xff, 0x90,
    0x5f, 0xff, 0xf8, 0x0, 0x0, 0x0, 0x0, 0xaf,
    0xff, 0xf3, 0xbf, 0xff, 0xd0, 0x0, 0x0, 0x0,
    0x0, 0xe, 0xff, 0xf9, 0xef, 0xff, 0x90, 0x0,
    0x0, 0x0, 0x0, 0xb, 0xff, 0xfc, 0xef, 0xff,
    0x90, 0x0, 0x0, 0x0, 0x0, 0xb, 0xff, 0xfc,
    0xcf, 0xff, 0xe0, 0x0, 0x0, 0x0, 0x0, 0x1f,
    0xff, 0xfa, 0x8f, 0xff, 0xfb, 0x10, 0x0, 0x0,
    0x2, 0xdf, 0xff, 0xf5, 0x1e, 0xff, 0xff, 0xf9,
    0x53, 0x35, 0xaf, 0xff, 0xff, 0xd0, 0x4, 0xff,
    0xff, 0xff, 0xff, 0xff, 0xff, 0xff, 0xfe, 0x20,
    0x0, 0x4e, 0xff, 0xff, 0xff, 0xff, 0xff, 0xff,
    0xc2, 0x0, 0x0, 0x0, 0x7d, 0xff, 0xff, 0xff,
    0xff, 0xc5, 0x0, 0x0, 0x0, 0x0, 0x0, 0x14,
    0x67, 0x76, 0x41, 0x0, 0x0, 0x0,

    /* U+0039 "9" */
    0x0, 0x0, 0x0, 0x27, 0xbe, 0xff, 0xeb, 0x71,
    0x0, 0x0, 0x0, 0x0, 0x1, 0xaf, 0xff, 0xff,
    0xff, 0xff, 0xf8, 0x0, 0x0, 0x0, 0x4, 0xef,
    0xff, 0xff, 0xff, 0xff, 0xff, 0xfc, 0x0, 0x0,
    0x3, 0xff, 0xff, 0xff, 0xfd, 0xef, 0xff, 0xff,
    0xfb, 0x0, 0x0, 0xef, 0xff, 0xfc, 0x40, 0x0,
    0x18, 0xff, 0xff, 0xf6, 0x0, 0x7f, 0xff, 0xfa,
    0x0, 0x0, 0x0, 0x4, 0xff, 0xff, 0xe0, 0xd,
    0xff, 0xfe, 0x0, 0x0, 0x0, 0x0, 0x9, 0xff,
    0xff, 0x30, 0xff, 0xff, 0x80, 0x0, 0x0, 0x0,
    0x0, 0x3f, 0xff, 0xf6, 0x2f, 0xff, 0xf6, 0x0,
    0x0, 0x0, 0x0, 0x1, 0xff, 0xff, 0x72, 0xff,
    0xff, 0x60, 0x0, 0x0, 0x0, 0x0, 0x2f, 0xff,
    0xf6, 0xf, 0xff, 0xfa, 0x0, 0x0, 0x0, 0x0,
    0x6, 0xff, 0xff, 0x50, 0xcf, 0xff, 0xf2, 0x0,
    0x0, 0x0, 0x1, 0xef, 0xff, 0xf2, 0x6, 0xff,
    0xff, 0xe3, 0x0, 0x0, 0x3, 0xdf, 0xff, 0xfd,
    0x0, 0xd, 0xff, 0xff, 0xfc, 0x87, 0x8c, 0xff,
    0xff, 0xff, 0x70, 0x0, 0x1d, 0xff, 0xff, 0xff,
    0xff, 0xff, 0xff, 0xff, 0xe1, 0x0, 0x0, 0x1a,
    0xff, 0xff, 0xff, 0xff, 0xff, 0xff, 0xf6, 0x0,
    0x0, 0x0, 0x2, 0x8c, 0xef, 0xfd, 0xdf, 0xff,
    0xfc, 0x0, 0x0, 0x0, 0x0, 0x0, 0x0, 0x0,
    0x3e, 0xff, 0xfe, 0x10, 0x0, 0x0, 0x0, 0x0,
    0x0, 0x0, 0x3e, 0xff, 0xff, 0x30, 0x0, 0x0,
    0x0, 0x0, 0x0, 0x0, 0x3e, 0xff, 0xff, 0x50,
    0x0, 0x0, 0x0, 0x0, 0x0, 0x0, 0x2e, 0xff,
    0xff, 0x60, 0x0, 0x0, 0x0, 0x0, 0x0, 0x0,
    0x2e, 0xff, 0xff, 0x70, 0x0, 0x0, 0x0, 0x0,
    0x0, 0x0, 0x2e, 0xff, 0xff, 0x80, 0x0, 0x0,
    0x0, 0x0, 0x0, 0x0, 0x2e, 0xff, 0xff, 0x90,
    0x0, 0x0, 0x0, 0x0, 0x0, 0x0, 0x2e, 0xff,
    0xff, 0xa0, 0x0, 0x0, 0x0, 0x0, 0x0,

    /* U+003A ":" */
    0x4f, 0xff, 0xfb, 0x4f, 0xff, 0xfb, 0x4f, 0xff,
    0xfb, 0x4f, 0xff, 0xfb, 0x3f, 0xff, 0xfb, 0x0,
    0x0, 0x0, 0x0, 0x0, 0x0, 0x0, 0x0, 0x0,
    0x0, 0x0, 0x0, 0x0, 0x0, 0x0, 0x0, 0x0,
    0x0, 0x0, 0x0, 0x0, 0x0, 0x0, 0x0, 0x3e,
    0xee, 0xea, 0x4f, 0xff, 0xfb, 0x4f, 0xff, 0xfb,
    0x4f, 0xff, 0xfb, 0x4f, 0xff, 0xfb,

    /* U+003B ";" */
    0x4, 0xff, 0xff, 0xb0, 0x4, 0xff, 0xff, 0xb0,
    0x4, 0xff, 0xff, 0xb0, 0x4, 0xff, 0xff, 0xb0,
    0x3, 0xff, 0xff, 0xb0, 0x0, 0x0, 0x0, 0x0,
    0x0, 0x0, 0x0, 0x0, 0x0, 0x0, 0x0, 0x0,
    0x0, 0x0, 0x0, 0x0, 0x0, 0x0, 0x0, 0x0,
    0x0, 0x0, 0x0, 0x0, 0x0, 0x0, 0x0, 0x0,
    0x0, 0x34, 0x44, 0x40, 0x0, 0xdf, 0xff, 0xd0,
    0x1, 0xff, 0xff, 0x70, 0x5, 0xff, 0xff, 0x10,
    0x8, 0xff, 0xfb, 0x0, 0xc, 0xff, 0xf5, 0x0,
    0xf, 0xff, 0xe0, 0x0, 0x4f, 0xff, 0x90, 0x0,
    0x8f, 0xff, 0x30, 0x0, 0xbf, 0xfd, 0x0, 0x0,

    /* U+003C "<" */
    0x0, 0x0, 0x0, 0x0, 0x0, 0x0, 0x0, 0x0,
    0x0, 0x0, 0x0, 0x2, 0x9a, 0x0, 0x0, 0x0,
    0x0, 0x3a, 0xff, 0xb0, 0x0, 0x0, 0x3, 0xbf,
    0xff, 0xfb, 0x0, 0x0, 0x4c, 0xff, 0xff, 0xfe,
    0x60, 0x5, 0xcf, 0xff, 0xff, 0xd6, 0x0, 0x4d,
    0xff, 0xff, 0xfc, 0x50, 0x0, 0x9, 0xff, 0xff,
    0xa3, 0x0, 0x0, 0x0, 0x9f, 0xfe, 0x30, 0x0,
    0x0, 0x0, 0x9, 0xff, 0xff, 0xa3, 0x0, 0x0,
    0x0, 0x4d, 0xff, 0xff, 0xfc, 0x50, 0x0, 0x0,
    0x4, 0xcf, 0xff, 0xff, 0xd7, 0x0, 0x0, 0x0,
    0x4b, 0xff, 0xff, 0xff, 0x60, 0x0, 0x0, 0x3,
    0xaf, 0xff, 0xfb, 0x0, 0x0, 0x0, 0x0, 0x2a,
    0xff, 0xb0, 0x0, 0x0, 0x0, 0x0, 0x1, 0x9a,
    0x0, 0x0, 0x0, 0x0, 0x0, 0x0, 0x0,

    /* U+003D "=" */
    0x5f, 0xff, 0xff, 0xff, 0xff, 0xff, 0xfe, 0x6f,
    0xff, 0xff, 0xff, 0xff, 0xff, 0xff, 0x6f, 0xff,
    0xff, 0xff, 0xff, 0xff, 0xff, 0x0, 0x0, 0x0,
    0x0, 0x0, 0x0, 0x0, 0x0, 0x0, 0x0, 0x0,
    0x0, 0x0, 0x0, 0x0, 0x0, 0x0, 0x0, 0x0,
    0x0, 0x0, 0x5f, 0xff, 0xff, 0xff, 0xff, 0xff,
    0xfe, 0x6f, 0xff, 0xff, 0xff, 0xff, 0xff, 0xff,
    0x6f, 0xff, 0xff, 0xff, 0xff, 0xff, 0xff,

    /* U+003E ">" */
    0x0, 0x0, 0x0, 0x0, 0x0, 0x0, 0x0, 0x3d,
    0x50, 0x0, 0x0, 0x0, 0x0, 0x0, 0x3f, 0xfd,
    0x60, 0x0, 0x0, 0x0, 0x0, 0x3f, 0xff, 0xfe,
    0x70, 0x0, 0x0, 0x0, 0x1c, 0xff, 0xff, 0xfe,
    0x81, 0x0, 0x0, 0x0, 0x3a, 0xff, 0xff, 0xff,
    0x91, 0x0, 0x0, 0x0, 0x18, 0xff, 0xff, 0xff,
    0x90, 0x0, 0x0, 0x0, 0x6, 0xdf, 0xff, 0xf0,
    0x0, 0x0, 0x0, 0x0, 0xa, 0xff, 0xf0, 0x0,
    0x0, 0x0, 0x7, 0xef, 0xff, 0xf0, 0x0, 0x0,
    0x29, 0xff, 0xff, 0xff, 0x90, 0x0, 0x3a, 0xff,
    0xff, 0xff, 0x81, 0x0, 0x1c, 0xff, 0xff, 0xfe,
    0x71, 0x0, 0x0, 0x3f, 0xff, 0xfe, 0x60, 0x0,
    0x0, 0x0, 0x3f, 0xfd, 0x60, 0x0, 0x0, 0x0,
    0x0, 0x3c, 0x50, 0x0, 0x0, 0x0, 0x0, 0x0,
    0x0, 0x0, 0x0, 0x0, 0x0, 0x0, 0x0,

    /* U+003F "?" */
    0x0, 0x0, 0x3, 0x9c, 0xef, 0xfd, 0xa5, 0x0,
    0x0, 0x0, 0x2, 0xcf, 0xff, 0xff, 0xff, 0xff,
    0xe4, 0x0, 0x0, 0x3f, 0xff, 0xff, 0xff, 0xff,
    0xff, 0xff, 0x40, 0x1, 0xef, 0xff, 0xff, 0xfe,
    0xff, 0xff, 0xff, 0xe1, 0x9, 0xff, 0xff, 0xc3,
    0x0, 0x5, 0xef, 0xff, 0xf7, 0xf, 0xff, 0xfc,
    0x0, 0x0, 0x0, 0x2f, 0xff, 0xfb, 0x4f, 0xff,
    0xf3, 0x0, 0x0, 0x0, 0xd, 0xff, 0xfc, 0x6f,
    0xff, 0xe0, 0x0, 0x0, 0x0, 0xe, 0xff, 0xfb,
    0x49, 0x99, 0x70, 0x0, 0x0, 0x0, 0x4f, 0xff,
    0xf8, 0x0, 0x0, 0x0, 0x0, 0x0, 0x2, 0xef,
    0xff, 0xf2, 0x0, 0x0, 0x0, 0x0, 0x0, 0x6f,
    0xff, 0xff, 0x90, 0x0, 0x0, 0x0, 0x0, 0x1a,
    0xff, 0xff, 0xfb, 0x0, 0x0, 0x0, 0x0, 0x3,
    0xef, 0xff, 0xff, 0x80, 0x0, 0x0, 0x0, 0x0,
    0x1e, 0xff, 0xff, 0xe4, 0x0, 0x0, 0x0, 0x0,
    0x0, 0x4f, 0xff, 0xfb, 0x0, 0x0, 0x0, 0x0,
    0x0, 0x0, 0x3f, 0xff, 0xf0, 0x0, 0x0, 0x0,
    0x0, 0x0, 0x0, 0x2f, 0xff, 0xc0, 0x0, 0x0,
    0x0, 0x0, 0x0, 0x0, 0xf, 0xff, 0x90, 0x0,
    0x0, 0x0, 0x0, 0x0, 0x0, 0x2, 0x33, 0x10,
    0x0, 0x0, 0x0, 0x0, 0x0, 0x0, 0x0, 0x0,
    0x0, 0x0, 0x0, 0x0, 0x0, 0x0, 0x0, 0x47,
    0x77, 0x71, 0x0, 0x0, 0x0, 0x0, 0x0, 0x0,
    0xaf, 0xff, 0xf4, 0x0, 0x0, 0x0, 0x0, 0x0,
    0x0, 0xaf, 0xff, 0xf4, 0x0, 0x0, 0x0, 0x0,
    0x0, 0x0, 0xaf, 0xff, 0xf4, 0x0, 0x0, 0x0,
    0x0, 0x0, 0x0, 0xaf, 0xff, 0xf4, 0x0, 0x0,
    0x0,

    /* U+0040 "@" */
    0x0, 0x0, 0x0, 0x0, 0x0, 0x0, 0x0, 0x0,
    0x1, 0x10, 0x0, 0x0, 0x0, 0x0, 0x0, 0x0,
    0x0, 0x0, 0x0, 0x0, 0x0, 0x0, 0x38, 0xce,
    0xff, 0xff, 0xfc, 0x95, 0x0, 0x0, 0x0, 0x0,
    0x0, 0x0, 0x0, 0x0, 0x0, 0x7e, 0xfe, 0xa8,
    0x65, 0x56, 0x7b, 0xef, 0xe7, 0x0, 0x0, 0x0,
    0x0, 0x0, 0x0, 0x0, 0x6e, 0xfa, 0x40, 0x0,
    0x0, 0x0, 0x0, 0x4, 0xaf, 0xd3, 0x0, 0x0,
    0x0, 0x0, 0x0, 0x1b, 0xfb, 0x30, 0x0, 0x0,
    0x0, 0x0, 0x0, 0x0, 0x4, 0xef, 0x40, 0x0,
    0x0, 0x0, 0x2, 0xdf, 0x60, 0x0, 0x0, 0x0,
    0x0, 0x0, 0x0, 0x0, 0x0, 0x1d, 0xf3, 0x0,
    0x0, 0x0, 0x2e, 0xe3, 0x0, 0x0, 0x0, 0x0,
    0x0, 0x0, 0x0, 0x0, 0x0, 0x1, 0xee, 0x0,
    0x0, 0x0, 0xde, 0x20, 0x0, 0x0, 0x0, 0x0,
    0x0, 0x0, 0x0, 0x0, 0x0, 0x0, 0x5f, 0x80,
    0x0, 0x9, 0xf4, 0x0, 0x0, 0x0, 0x0, 0x46,
    0x75, 0x10, 0x0, 0x0, 0x0, 0x0, 0xd, 0xe0,
    0x0, 0x4f, 0x90, 0x0, 0x0, 0x0, 0x8f, 0xff,
    0xff, 0xf9, 0xc, 0xff, 0xc0, 0x0, 0x8, 0xf3,
    0x0, 0xcf, 0x10, 0x0, 0x0, 0x2d, 0xff, 0xff,
    0xff, 0xff, 0xbf, 0xff, 0x70, 0x0, 0x3, 0xf6,
    0x3, 0xf8, 0x0, 0x0, 0x1, 0xef, 0xff, 0xe9,
    0x8b, 0xff, 0xff, 0xff, 0x20, 0x0, 0x2, 0xf8,
    0x9, 0xf2, 0x0, 0x0, 0xc, 0xff, 0xf9, 0x0,
    0x0, 0x5f, 0xff, 0xfd, 0x0, 0x0, 0x1, 0xf9,
    0xe, 0xc0, 0x0, 0x0, 0x5f, 0xff, 0xa0, 0x0,
    0x0, 0xb, 0xff, 0xf8, 0x0, 0x0, 0x1, 0xf8,
    0x1f, 0x80, 0x0, 0x0, 0xbf, 0xff, 0x10, 0x0,
    0x0, 0x8, 0xff, 0xf3, 0x0, 0x0, 0x3, 0xf6,
    0x4f, 0x60, 0x0, 0x0, 0xff, 0xfc, 0x0, 0x0,
    0x0, 0x9, 0xff, 0xe0, 0x0, 0x0, 0x7, 0xf3,
    0x5f, 0x40, 0x0, 0x0, 0xff, 0xf9, 0x0, 0x0,
    0x0, 0xd, 0xff, 0x90, 0x0, 0x0, 0xc, 0xf0,
    0x6f, 0x30, 0x0, 0x1, 0xff, 0xfb, 0x0, 0x0,
    0x0, 0x5f, 0xff, 0x50, 0x0, 0x0, 0x3f, 0x80,
    0x5f, 0x40, 0x0, 0x0, 0xff, 0xff, 0x10, 0x0,
    0x3, 0xef, 0xff, 0x10, 0x0, 0x0, 0xdf, 0x10,
    0x4f, 0x60, 0x0, 0x0, 0xbf, 0xff, 0xd4, 0x12,
    0x8f, 0xff, 0xff, 0x0, 0x0, 0xa, 0xf6, 0x0,
    0x2f, 0x80, 0x0, 0x0, 0x3f, 0xff, 0xff, 0xff,
    0xff, 0xff, 0xff, 0x81, 0x4, 0xcf, 0x80, 0x0,
    0xe, 0xc0, 0x0, 0x0, 0x5, 0xff, 0xff, 0xff,
    0xfe, 0x3b, 0xff, 0xff, 0xff, 0xf6, 0x0, 0x0,
    0x9, 0xf2, 0x0, 0x0, 0x0, 0x29, 0xde, 0xdb,
    0x60, 0x0, 0x7c, 0xed, 0xc7, 0x10, 0x0, 0x0,
    0x2, 0xfa, 0x0, 0x0, 0x0, 0x0, 0x0, 0x0,
    0x0, 0x0, 0x0, 0x0, 0x0, 0x0, 0x0, 0x0,
    0x0, 0xaf, 0x30, 0x0, 0x0, 0x0, 0x0, 0x0,
    0x0, 0x0, 0x0, 0x0, 0x0, 0x0, 0x0, 0x0,
    0x0, 0x1e, 0xe2, 0x0, 0x0, 0x0, 0x0, 0x0,
    0x0, 0x0, 0x0, 0x0, 0x0, 0x0, 0x0, 0x0,
    0x0, 0x3, 0xfe, 0x30, 0x0, 0x0, 0x0, 0x0,
    0x0, 0x0, 0x0, 0x0, 0x0, 0x0, 0x0, 0x0,
    0x0, 0x0, 0x3e, 0xf9, 0x10, 0x0, 0x0, 0x0,
    0x0, 0x3, 0xa3, 0x0, 0x0, 0x0, 0x0, 0x0,
    0x0, 0x0, 0x1, 0x9f, 0xfb, 0x74, 0x32, 0x23,
    0x69, 0xef, 0xe5, 0x0, 0x0, 0x0, 0x0, 0x0,
    0x0, 0x0, 0x0, 0x1, 0x8c, 0xff, 0xff, 0xff,
    0xfe, 0xa5, 0x0, 0x0, 0x0, 0x0, 0x0, 0x0,
    0x0, 0x0, 0x0, 0x0, 0x0, 0x2, 0x34, 0x43,
    0x10, 0x0, 0x0, 0x0, 0x0, 0x0, 0x0, 0x0,

    /* U+0041 "A" */
    0x0, 0x0, 0x0, 0x0, 0x0, 0x2f, 0xff, 0xff,
    0x10, 0x0, 0x0, 0x0, 0x0, 0x0, 0x0, 0x0,
    0x0, 0x0, 0x8, 0xff, 0xff, 0xf8, 0x0, 0x0,
    0x0, 0x0, 0x0, 0x0, 0x0, 0x0, 0x0, 0x0,
    0xff, 0xff, 0xff, 0xe0, 0x0, 0x0, 0x0, 0x0,
    0x0, 0x0, 0x0, 0x0, 0x0, 0x6f, 0xff, 0xff,
    0xff, 0x60, 0x0, 0x0, 0x0, 0x0, 0x0, 0x0,
    0x0, 0x0, 0xd, 0xff, 0xff, 0xff, 0xfd, 0x0,
    0x0, 0x0, 0x0, 0x0, 0x0, 0x0, 0x0, 0x4,
    0xff, 0xff, 0xcf, 0xff, 0xf4, 0x0, 0x0, 0x0,
    0x0, 0x0, 0x0, 0x0, 0x0, 0xbf, 0xff, 0xe1,
    0xff, 0xff, 0xb0, 0x0, 0x0, 0x0, 0x0, 0x0,
    0x0, 0x0, 0x2f, 0xff, 0xf7, 0xa, 0xff, 0xff,
    0x20, 0x0, 0x0, 0x0, 0x0, 0x0, 0x0, 0x9,
    0xff, 0xff, 0x10, 0x3f, 0xff, 0xf9, 0x0, 0x0,
    0x0, 0x0, 0x0, 0x0, 0x1, 0xff, 0xff, 0x90,
    0x0, 0xcf, 0xff, 0xf0, 0x0, 0x0, 0x0, 0x0,
    0x0, 0x0, 0x7f, 0xff, 0xf2, 0x0, 0x5, 0xff,
    0xff, 0x70, 0x0, 0x0, 0x0, 0x0, 0x0, 0xe,
    0xff, 0xfb, 0x0, 0x0, 0xe, 0xff, 0xfd, 0x0,
    0x0, 0x0, 0x0, 0x0, 0x5, 0xff, 0xff, 0x50,
    0x0, 0x0, 0x8f, 0xff, 0xf4, 0x0, 0x0, 0x0,
    0x0, 0x0, 0xcf, 0xff, 0xe0, 0x0, 0x0, 0x1,
    0xff, 0xff, 0xb0, 0x0, 0x0, 0x0, 0x0, 0x3f,
    0xff, 0xf7, 0x0, 0x0, 0x0, 0xa, 0xff, 0xff,
    0x20, 0x0, 0x0, 0x0, 0xa, 0xff, 0xff, 0xff,
    0xff, 0xff, 0xff, 0xff, 0xff, 0xf9, 0x0, 0x0,
    0x0, 0x1, 0xff, 0xff, 0xff, 0xff, 0xff, 0xff,
    0xff, 0xff, 0xff, 0xf1, 0x0, 0x0, 0x0, 0x8f,
    0xff, 0xff, 0xff, 0xff, 0xff, 0xff, 0xff, 0xff,
    0xff, 0x70, 0x0, 0x0, 0xe, 0xff, 0xff, 0xee,
    0xee, 0xee, 0xee, 0xee, 0xef, 0xff, 0xfe, 0x0,
    0x0, 0x6, 0xff, 0xff, 0x50, 0x0, 0x0, 0x0,
    0x0, 0x0, 0x8f, 0xff, 0xf5, 0x0, 0x0, 0xdf,
    0xff, 0xe0, 0x0, 0x0, 0x0, 0x0, 0x0, 0x1,
    0xff, 0xff, 0xc0, 0x0, 0x4f, 0xff, 0xf7, 0x0,
    0x0, 0x0, 0x0, 0x0, 0x0, 0xa, 0xff, 0xff,
    0x30, 0xb, 0xff, 0xff, 0x10, 0x0, 0x0, 0x0,
    0x0, 0x0, 0x0, 0x3f, 0xff, 0xfa, 0x2, 0xff,
    0xff, 0x90, 0x0, 0x0, 0x0, 0x0, 0x0, 0x0,
    0x0, 0xcf, 0xff, 0xf1, 0x9f, 0xff, 0xf2, 0x0,
    0x0, 0x0, 0x0, 0x0, 0x0, 0x0, 0x5, 0xff,
    0xff, 0x80,

    /* U+0042 "B" */
    0xff, 0xff, 0xff, 0xff, 0xff, 0xff, 0xfe, 0xc9,
    0x40, 0x0, 0x0, 0xff, 0xff, 0xff, 0xff, 0xff,
    0xff, 0xff, 0xff, 0xfd, 0x40, 0x0, 0xff, 0xff,
    0xff, 0xff, 0xff, 0xff, 0xff, 0xff, 0xff, 0xf6,
    0x0, 0xff, 0xff, 0xfe, 0xee, 0xee, 0xee, 0xff,
    0xff, 0xff, 0xff, 0x20, 0xff, 0xff, 0xa0, 0x0,
    0x0, 0x0, 0x1, 0x5d, 0xff, 0xff, 0x90, 0xff,
    0xff, 0xa0, 0x0, 0x0, 0x0, 0x0, 0x1, 0xff,
    0xff, 0xc0, 0xff, 0xff, 0xa0, 0x0, 0x0, 0x0,
    0x0, 0x0, 0xbf, 0xff, 0xd0, 0xff, 0xff, 0xa0,
    0x0, 0x0, 0x0, 0x0, 0x0, 0xcf, 0xff, 0xc0,
    0xff, 0xff, 0xa0, 0x0, 0x0, 0x0, 0x0, 0x3,
    0xff, 0xff, 0x80, 0xff, 0xff, 0xa0, 0x0, 0x0,
    0x0, 0x1, 0x7f, 0xff, 0xfe, 0x10, 0xff, 0xff,
    0xfe, 0xee, 0xee, 0xee, 0xff, 0xff, 0xff, 0xe3,
    0x0, 0xff, 0xff, 0xff, 0xff, 0xff, 0xff, 0xff,
    0xff, 0xf8, 0x0, 0x0, 0xff, 0xff, 0xff, 0xff,
    0xff, 0xff, 0xff, 0xff, 0xfe, 0x80, 0x0, 0xff,
    0xff, 0xff, 0xff, 0xff, 0xff, 0xff, 0xff, 0xff,
    0xfc, 0x0, 0xff, 0xff, 0xa0, 0x0, 0x0, 0x0,
    0x1, 0x5c, 0xff, 0xff, 0xa0, 0xff, 0xff, 0xa0,
    0x0, 0x0, 0x0, 0x0, 0x0, 0xbf, 0xff, 0xf1,
    0xff, 0xff, 0xa0, 0x0, 0x0, 0x0, 0x0, 0x0,
    0x4f, 0xff, 0xf5, 0xff, 0xff, 0xa0, 0x0, 0x0,
    0x0, 0x0, 0x0, 0x1f, 0xff, 0xf7, 0xff, 0xff,
    0xa0, 0x0, 0x0, 0x0, 0x0, 0x0, 0x3f, 0xff,
    0xf6, 0xff, 0xff, 0xa0, 0x0, 0x0, 0x0, 0x0,
    0x0, 0xbf, 0xff, 0xf4, 0xff, 0xff, 0xa0, 0x0,
    0x0, 0x0, 0x0, 0x4b, 0xff, 0xff, 0xe0, 0xff,
    0xff, 0xfe, 0xee, 0xee, 0xee, 0xef, 0xff, 0xff,
    0xff, 0x60, 0xff, 0xff, 0xff, 0xff, 0xff, 0xff,
    0xff, 0xff, 0xff, 0xf8, 0x0, 0xff, 0xff, 0xff,
    0xff, 0xff, 0xff, 0xff, 0xff, 0xfe, 0x50, 0x0,
    0xff, 0xff, 0xff, 0xff, 0xff, 0xff, 0xfe, 0xc9,
    0x40, 0x0, 0x0,

    /* U+0043 "C" */
    0x0, 0x0, 0x0, 0x0, 0x27, 0xbd, 0xef, 0xed,
    0xa5, 0x0, 0x0, 0x0, 0x0, 0x0, 0x0, 0x3,
    0xcf, 0xff, 0xff, 0xff, 0xff, 0xfe, 0x70, 0x0,
    0x0, 0x0, 0x0, 0x9, 0xff, 0xff, 0xff, 0xff,
    0xff, 0xff, 0xff, 0xd2, 0x0, 0x0, 0x0, 0x1c,
    0xff, 0xff, 0xff, 0xff, 0xff, 0xff, 0xff, 0xff,
    0xe2, 0x0, 0x0, 0xc, 0xff, 0xff, 0xfc, 0x62,
    0x0, 0x14, 0x9f, 0xff, 0xff, 0xd0, 0x0, 0xa,
    0xff, 0xff, 0xf5, 0x0, 0x0, 0x0, 0x0, 0x2d,
    0xff, 0xff, 0x80, 0x3, 0xff, 0xff, 0xf3, 0x0,
    0x0, 0x0, 0x0, 0x0, 0x1d, 0xff, 0xf7, 0x0,
    0xcf, 0xff, 0xf5, 0x0, 0x0, 0x0, 0x0, 0x0,
    0x0, 0x3f, 0xa1, 0x0, 0x2f, 0xff, 0xfb, 0x0,
    0x0, 0x0, 0x0, 0x0, 0x0, 0x0, 0x10, 0x0,
    0x7, 0xff, 0xff, 0x40, 0x0, 0x0, 0x0, 0x0,
    0x0, 0x0, 0x0, 0x0, 0x0, 0xaf, 0xff, 0xf0,
    0x0, 0x0, 0x0, 0x0, 0x0, 0x0, 0x0, 0x0,
    0x0, 0xc, 0xff, 0xfd, 0x0, 0x0, 0x0, 0x0,
    0x0, 0x0, 0x0, 0x0, 0x0, 0x0, 0xdf, 0xff,
    0xc0, 0x0, 0x0, 0x0, 0x0, 0x0, 0x0, 0x0,
    0x0, 0x0, 0xd, 0xff, 0xfd, 0x0, 0x0, 0x0,
    0x0, 0x0, 0x0, 0x0, 0x0, 0x0, 0x0, 0xbf,
    0xff, 0xe0, 0x0, 0x0, 0x0, 0x0, 0x0, 0x0,
    0x0, 0x0, 0x0, 0xa, 0xff, 0xff, 0x20, 0x0,
    0x0, 0x0, 0x0, 0x0, 0x0, 0x0, 0x0, 0x0,
    0x5f, 0xff, 0xf8, 0x0, 0x0, 0x0, 0x0, 0x0,
    0x0, 0x0, 0x0, 0x0, 0x1, 0xff, 0xff, 0xf1,
    0x0, 0x0, 0x0, 0x0, 0x0, 0x0, 0x7, 0x40,
    0x0, 0xa, 0xff, 0xff, 0xb0, 0x0, 0x0, 0x0,
    0x0, 0x0, 0x5, 0xff, 0xb2, 0x0, 0x2f, 0xff,
    0xff, 0xa0, 0x0, 0x0, 0x0, 0x0, 0x5, 0xff,
    0xff, 0xc0, 0x0, 0x7f, 0xff, 0xff, 0xd4, 0x0,
    0x0, 0x0, 0x2a, 0xff, 0xff, 0xf3, 0x0, 0x0,
    0x9f, 0xff, 0xff, 0xfe, 0xa8, 0x79, 0xcf, 0xff,
    0xff, 0xf6, 0x0, 0x0, 0x0, 0x8f, 0xff, 0xff,
    0xff, 0xff, 0xff, 0xff, 0xff, 0xf5, 0x0, 0x0,
    0x0, 0x0, 0x5e, 0xff, 0xff, 0xff, 0xff, 0xff,
    0xff, 0xd3, 0x0, 0x0, 0x0, 0x0, 0x0, 0x6,
    0xcf, 0xff, 0xff, 0xff, 0xfb, 0x50, 0x0, 0x0,
    0x0, 0x0, 0x0, 0x0, 0x0, 0x14, 0x67, 0x76,
    0x41, 0x0, 0x0, 0x0, 0x0,

    /* U+0044 "D" */
    0xff, 0xff, 0xff, 0xff, 0xff, 0xfd, 0xc9, 0x51,
    0x0, 0x0, 0x0, 0x0, 0xff, 0xff, 0xff, 0xff,
    0xff, 0xff, 0xff, 0xff, 0xa2, 0x0, 0x0, 0x0,
    0xff, 0xff, 0xff, 0xff, 0xff, 0xff, 0xff, 0xff,
    0xff, 0x70, 0x0, 0x0, 0xff, 0xff, 0xff, 0xff,
    0xff, 0xff, 0xff, 0xff, 0xff, 0xfb, 0x0, 0x0,
    0xff, 0xff, 0xa0, 0x0, 0x0, 0x2, 0x5a, 0xff,
    0xff, 0xff, 0xa0, 0x0, 0xff, 0xff, 0xa0, 0x0,
    0x0, 0x0, 0x0, 0x2c, 0xff, 0xff, 0xf7, 0x0,
    0xff, 0xff, 0xa0, 0x0, 0x0, 0x0, 0x0, 0x0,
    0xaf, 0xff, 0xff, 0x10, 0xff, 0xff, 0xa0, 0x0,
    0x0, 0x0, 0x0, 0x0, 0xc, 0xff, 0xff, 0x80,
    0xff, 0xff, 0xa0, 0x0, 0x0, 0x0, 0x0, 0x0,
    0x3, 0xff, 0xff, 0xd0, 0xff, 0xff, 0xa0, 0x0,
    0x0, 0x0, 0x0, 0x0, 0x0, 0xcf, 0xff, 0xf1,
    0xff, 0xff, 0xa0, 0x0, 0x0, 0x0, 0x0, 0x0,
    0x0, 0x7f, 0xff, 0xf3, 0xff, 0xff, 0xa0, 0x0,
    0x0, 0x0, 0x0, 0x0, 0x0, 0x5f, 0xff, 0xf5,
    0xff, 0xff, 0xa0, 0x0, 0x0, 0x0, 0x0, 0x0,
    0x0, 0x4f, 0xff, 0xf6, 0xff, 0xff, 0xa0, 0x0,
    0x0, 0x0, 0x0, 0x0, 0x0, 0x5f, 0xff, 0xf5,
    0xff, 0xff, 0xa0, 0x0, 0x0, 0x0, 0x0, 0x0,
    0x0, 0x7f, 0xff, 0xf3, 0xff, 0xff, 0xa0, 0x0,
    0x0, 0x0, 0x0, 0x0, 0x0, 0xcf, 0xff, 0xf1,
    0xff, 0xff, 0xa0, 0x0, 0x0, 0x0, 0x0, 0x0,
    0x2, 0xff, 0xff, 0xc0, 0xff, 0xff, 0xa0, 0x0,
    0x0, 0x0, 0x0, 0x0, 0xb, 0xff, 0xff, 0x70,
    0xff, 0xff, 0xa0, 0x0, 0x0, 0x0, 0x0, 0x0,
    0x9f, 0xff, 0xfe, 0x0, 0xff, 0xff, 0xa0, 0x0,
    0x0, 0x0, 0x0, 0x1b, 0xff, 0xff, 0xf5, 0x0,
    0xff, 0xff, 0xa0, 0x0, 0x0, 0x2, 0x5a, 0xff,
    0xff, 0xff, 0x80, 0x0, 0xff, 0xff, 0xff, 0xff,
    0xff, 0xff, 0xff, 0xff, 0xff, 0xf9, 0x0, 0x0,
    0xff, 0xff, 0xff, 0xff, 0xff, 0xff, 0xff, 0xff,
    0xff, 0x50, 0x0, 0x0, 0xff, 0xff, 0xff, 0xff,
    0xff, 0xff, 0xff, 0xff, 0x81, 0x0, 0x0, 0x0,
    0xff, 0xff, 0xff, 0xff, 0xff, 0xfd, 0xc9, 0x50,
    0x0, 0x0, 0x0, 0x0,

    /* U+0045 "E" */
    0xff, 0xff, 0xff, 0xff, 0xff, 0xff, 0xff, 0xff,
    0xff, 0xef, 0xff, 0xff, 0xff, 0xff, 0xff, 0xff,
    0xff, 0xff, 0xfe, 0xff, 0xff, 0xff, 0xff, 0xff,
    0xff, 0xff, 0xff, 0xff, 0xef, 0xff, 0xff, 0xee,
    0xee, 0xee, 0xee, 0xee, 0xee, 0xed, 0xff, 0xff,
    0xa0, 0x0, 0x0, 0x0, 0x0, 0x0, 0x0, 0xf,
    0xff, 0xfa, 0x0, 0x0, 0x0, 0x0, 0x0, 0x0,
    0x0, 0xff, 0xff, 0xa0, 0x0, 0x0, 0x0, 0x0,
    0x0, 0x0, 0xf, 0xff, 0xfa, 0x0, 0x0, 0x0,
    0x0, 0x0, 0x0, 0x0, 0xff, 0xff, 0xa0, 0x0,
    0x0, 0x0, 0x0, 0x0, 0x0, 0xf, 0xff, 0xfa,
    0x0, 0x0, 0x0, 0x0, 0x0, 0x0, 0x0, 0xff,
    0xff, 0xfe, 0xee, 0xee, 0xee, 0xee, 0xee, 0xed,
    0xf, 0xff, 0xff, 0xff, 0xff, 0xff, 0xff, 0xff,
    0xff, 0xe0, 0xff, 0xff, 0xff, 0xff, 0xff, 0xff,
    0xff, 0xff, 0xfe, 0xf, 0xff, 0xff, 0xff, 0xff,
    0xff, 0xff, 0xff, 0xff, 0xe0, 0xff, 0xff, 0xa0,
    0x0, 0x0, 0x0, 0x0, 0x0, 0x0, 0xf, 0xff,
    0xfa, 0x0, 0x0, 0x0, 0x0, 0x0, 0x0, 0x0,
    0xff, 0xff, 0xa0, 0x0, 0x0, 0x0, 0x0, 0x0,
    0x0, 0xf, 0xff, 0xfa, 0x0, 0x0, 0x0, 0x0,
    0x0, 0x0, 0x0, 0xff, 0xff, 0xa0, 0x0, 0x0,
    0x0, 0x0, 0x0, 0x0, 0xf, 0xff, 0xfa, 0x0,
    0x0, 0x0, 0x0, 0x0, 0x0, 0x0, 0xff, 0xff,
    0xa0, 0x0, 0x0, 0x0, 0x0, 0x0, 0x0, 0xf,
    0xff, 0xff, 0xee, 0xee, 0xee, 0xee, 0xee, 0xee,
    0xed, 0xff, 0xff, 0xff, 0xff, 0xff, 0xff, 0xff,
    0xff, 0xff, 0xef, 0xff, 0xff, 0xff, 0xff, 0xff,
    0xff, 0xff, 0xff, 0xfe, 0xff, 0xff, 0xff, 0xff,
    0xff, 0xff, 0xff, 0xff, 0xff, 0xe0,

    /* U+0046 "F" */
    0xff, 0xff, 0xff, 0xff, 0xff, 0xff, 0xff, 0xff,
    0xff, 0xaf, 0xff, 0xff, 0xff, 0xff, 0xff, 0xff,
    0xff, 0xff, 0xfa, 0xff, 0xff, 0xff, 0xff, 0xff,
    0xff, 0xff, 0xff, 0xff, 0xaf, 0xff, 0xff, 0xee,
    0xee, 0xee, 0xee, 0xee, 0xee, 0xe9, 0xff, 0xff,
    0xa0, 0x0, 0x0, 0x0, 0x0, 0x0, 0x0, 0xf,
    0xff, 0xfa, 0x0, 0x0, 0x0, 0x0, 0x0, 0x0,
    0x0, 0xff, 0xff, 0xa0, 0x0, 0x0, 0x0, 0x0,
    0x0, 0x0, 0xf, 0xff, 0xfa, 0x0, 0x0, 0x0,
    0x0, 0x0, 0x0, 0x0, 0xff, 0xff, 0xa0, 0x0,
    0x0, 0x0, 0x0, 0x0, 0x0, 0xf, 0xff, 0xfa,
    0x0, 0x0, 0x0, 0x0, 0x0, 0x0, 0x0, 0xff,
    0xff, 0xa0, 0x0, 0x0, 0x0, 0x0, 0x0, 0x0,
    0xf, 0xff, 0xff, 0xff, 0xff, 0xff, 0xff, 0xff,
    0xff, 0xa0, 0xff, 0xff, 0xff, 0xff, 0xff, 0xff,
    0xff, 0xff, 0xfa, 0xf, 0xff, 0xff, 0xff, 0xff,
    0xff, 0xff, 0xff, 0xff, 0xa0, 0xff, 0xff, 0xfe,
    0xee, 0xee, 0xee, 0xee, 0xee, 0xe8, 0xf, 0xff,
    0xfa, 0x0, 0x0, 0x0, 0x0, 0x0, 0x0, 0x0,
    0xff, 0xff, 0xa0, 0x0, 0x0, 0x0, 0x0, 0x0,
    0x0, 0xf, 0xff, 0xfa, 0x0, 0x0, 0x0, 0x0,
    0x0, 0x0, 0x0, 0xff, 0xff, 0xa0, 0x0, 0x0,
    0x0, 0x0, 0x0, 0x0, 0xf, 0xff, 0xfa, 0x0,
    0x0, 0x0, 0x0, 0x0, 0x0, 0x0, 0xff, 0xff,
    0xa0, 0x0, 0x0, 0x0, 0x0, 0x0, 0x0, 0xf,
    0xff, 0xfa, 0x0, 0x0, 0x0, 0x0, 0x0, 0x0,
    0x0, 0xff, 0xff, 0xa0, 0x0, 0x0, 0x0, 0x0,
    0x0, 0x0, 0xf, 0xff, 0xfa, 0x0, 0x0, 0x0,
    0x0, 0x0, 0x0, 0x0, 0xff, 0xff, 0xa0, 0x0,
    0x0, 0x0, 0x0, 0x0, 0x0, 0x0,

    /* U+0047 "G" */
    0x0, 0x0, 0x0, 0x0, 0x26, 0xad, 0xef, 0xfd,
    0xb7, 0x20, 0x0, 0x0, 0x0, 0x0, 0x0, 0x0,
    0x3b, 0xff, 0xff, 0xff, 0xff, 0xff, 0xfb, 0x20,
    0x0, 0x0, 0x0, 0x0, 0x8, 0xff, 0xff, 0xff,
    0xff, 0xff, 0xff, 0xff, 0xf8, 0x0, 0x0, 0x0,
    0x1, 0xcf, 0xff, 0xff, 0xff, 0xff, 0xff, 0xff,
    0xff, 0xff, 0xa0, 0x0, 0x0, 0xc, 0xff, 0xff,
    0xfd, 0x72, 0x0, 0x2, 0x7d, 0xff, 0xff, 0xf9,
    0x0, 0x0, 0x9f, 0xff, 0xff, 0x70, 0x0, 0x0,
    0x0, 0x0, 0x6f, 0xff, 0xfe, 0x10, 0x3, 0xff,
    0xff, 0xf4, 0x0, 0x0, 0x0, 0x0, 0x0, 0x2,
    0xef, 0xa1, 0x0, 0xc, 0xff, 0xff, 0x60, 0x0,
    0x0, 0x0, 0x0, 0x0, 0x0, 0x36, 0x0, 0x0,
    0x2f, 0xff, 0xfc, 0x0, 0x0, 0x0, 0x0, 0x0,
    0x0, 0x0, 0x0, 0x0, 0x0, 0x7f, 0xff, 0xf5,
    0x0, 0x0, 0x0, 0x0, 0x0, 0x0, 0x0, 0x0,
    0x0, 0x0, 0xaf, 0xff, 0xf0, 0x0, 0x0, 0x0,
    0x0, 0x0, 0x0, 0x0, 0x0, 0x0, 0x0, 0xcf,
    0xff, 0xd0, 0x0, 0x0, 0x0, 0x5b, 0xbb, 0xbb,
    0xbb, 0xbb, 0xbb, 0xb6, 0xdf, 0xff, 0xc0, 0x0,
    0x0, 0x0, 0x7f, 0xff, 0xff, 0xff, 0xff, 0xff,
    0xf9, 0xdf, 0xff, 0xd0, 0x0, 0x0, 0x0, 0x7f,
    0xff, 0xff, 0xff, 0xff, 0xff, 0xf9, 0xbf, 0xff,
    0xe0, 0x0, 0x0, 0x0, 0x7f, 0xff, 0xff, 0xff,
    0xff, 0xff, 0xf8, 0x9f, 0xff, 0xf2, 0x0, 0x0,
    0x0, 0x0, 0x0, 0x0, 0x0, 0xf, 0xff, 0xf7,
    0x5f, 0xff, 0xf8, 0x0, 0x0, 0x0, 0x0, 0x0,
    0x0, 0x0, 0x3f, 0xff, 0xf3, 0x1f, 0xff, 0xff,
    0x10, 0x0, 0x0, 0x0, 0x0, 0x0, 0x0, 0x9f,
    0xff, 0xf0, 0x9, 0xff, 0xff, 0xb0, 0x0, 0x0,
    0x0, 0x0, 0x0, 0x3, 0xff, 0xff, 0x90, 0x1,
    0xff, 0xff, 0xfa, 0x0, 0x0, 0x0, 0x0, 0x0,
    0x2e, 0xff, 0xff, 0x20, 0x0, 0x6f, 0xff, 0xff,
    0xd4, 0x0, 0x0, 0x0, 0x6, 0xef, 0xff, 0xf8,
    0x0, 0x0, 0x8, 0xff, 0xff, 0xff, 0xea, 0x87,
    0x8a, 0xef, 0xff, 0xff, 0xb0, 0x0, 0x0, 0x0,
    0x7f, 0xff, 0xff, 0xff, 0xff, 0xff, 0xff, 0xff,
    0xfb, 0x0, 0x0, 0x0, 0x0, 0x4, 0xdf, 0xff,
    0xff, 0xff, 0xff, 0xff, 0xff, 0x70, 0x0, 0x0,
    0x0, 0x0, 0x0, 0x5, 0xbf, 0xff, 0xff, 0xff,
    0xfd, 0x81, 0x0, 0x0, 0x0, 0x0, 0x0, 0x0,
    0x0, 0x0, 0x45, 0x77, 0x65, 0x10, 0x0, 0x0,
    0x0, 0x0,

    /* U+0048 "H" */
    0xff, 0xff, 0xa0, 0x0, 0x0, 0x0, 0x0, 0x0,
    0x0, 0xaf, 0xff, 0xff, 0xff, 0xfa, 0x0, 0x0,
    0x0, 0x0, 0x0, 0x0, 0xa, 0xff, 0xff, 0xff,
    0xff, 0xa0, 0x0, 0x0, 0x0, 0x0, 0x0, 0x0,
    0xaf, 0xff, 0xff, 0xff, 0xfa, 0x0, 0x0, 0x0,
    0x0, 0x0, 0x0, 0xa, 0xff, 0xff, 0xff, 0xff,
    0xa0, 0x0, 0x0, 0x0, 0x0, 0x0, 0x0, 0xaf,
    0xff, 0xff, 0xff, 0xfa, 0x0, 0x0, 0x0, 0x0,
    0x0, 0x0, 0xa, 0xff, 0xff, 0xff, 0xff, 0xa0,
    0x0, 0x0, 0x0, 0x0, 0x0, 0x0, 0xaf, 0xff,
    0xff, 0xff, 0xfa, 0x0, 0x0, 0x0, 0x0, 0x0,
    0x0, 0xa, 0xff, 0xff, 0xff, 0xff, 0xa0, 0x0,
    0x0, 0x0, 0x0, 0x0, 0x0, 0xaf, 0xff, 0xff,
    0xff, 0xfa, 0x0, 0x0, 0x0, 0x0, 0x0, 0x0,
    0xa, 0xff, 0xff, 0xff, 0xff, 0xff, 0xff, 0xff,
    0xff, 0xff, 0xff, 0xff, 0xff, 0xff, 0xff, 0xff,
    0xff, 0xff, 0xff, 0xff, 0xff, 0xff, 0xff, 0xff,
    0xff, 0xff, 0xff, 0xff, 0xff, 0xff, 0xff, 0xff,
    0xff, 0xff, 0xff, 0xff, 0xff, 0xff, 0xff, 0xff,
    0xff, 0xff, 0xff, 0xff, 0xff, 0xff, 0xff, 0xff,
    0xff, 0xff, 0xff, 0xa0, 0x0, 0x0, 0x0, 0x0,
    0x0, 0x0, 0xaf, 0xff, 0xff, 0xff, 0xfa, 0x0,
    0x0, 0x0, 0x0, 0x0, 0x0, 0xa, 0xff, 0xff,
    0xff, 0xff, 0xa0, 0x0, 0x0, 0x0, 0x0, 0x0,
    0x0, 0xaf, 0xff, 0xff, 0xff, 0xfa, 0x0, 0x0,
    0x0, 0x0, 0x0, 0x0, 0xa, 0xff, 0xff, 0xff,
    0xff, 0xa0, 0x0, 0x0, 0x0, 0x0, 0x0, 0x0,
    0xaf, 0xff, 0xff, 0xff, 0xfa, 0x0, 0x0, 0x0,
    0x0, 0x0, 0x0, 0xa, 0xff, 0xff, 0xff, 0xff,
    0xa0, 0x0, 0x0, 0x0, 0x0, 0x0, 0x0, 0xaf,
    0xff, 0xff, 0xff, 0xfa, 0x0, 0x0, 0x0, 0x0,
    0x0, 0x0, 0xa, 0xff, 0xff, 0xff, 0xff, 0xa0,
    0x0, 0x0, 0x0, 0x0, 0x0, 0x0, 0xaf, 0xff,
    0xff, 0xff, 0xfa, 0x0, 0x0, 0x0, 0x0, 0x0,
    0x0, 0xa, 0xff, 0xff, 0xff, 0xff, 0xa0, 0x0,
    0x0, 0x0, 0x0, 0x0, 0x0, 0xaf, 0xff, 0xf0,

    /* U+0049 "I" */
    0xcf, 0xff, 0xdc, 0xff, 0xfd, 0xcf, 0xff, 0xdc,
    0xff, 0xfd, 0xcf, 0xff, 0xdc, 0xff, 0xfd, 0xcf,
    0xff, 0xdc, 0xff, 0xfd, 0xcf, 0xff, 0xdc, 0xff,
    0xfd, 0xcf, 0xff, 0xdc, 0xff, 0xfd, 0xcf, 0xff,
    0xdc, 0xff, 0xfd, 0xcf, 0xff, 0xdc, 0xff, 0xfd,
    0xcf, 0xff, 0xdc, 0xff, 0xfd, 0xcf, 0xff, 0xdc,
    0xff, 0xfd, 0xcf, 0xff, 0xdc, 0xff, 0xfd, 0xcf,
    0xff, 0xdc, 0xff, 0xfd, 0xcf, 0xff, 0xd0,

    /* U+004A "J" */
    0x0, 0x0, 0x0, 0x0, 0x0, 0x0, 0x0, 0x4,
    0xff, 0xff, 0x50, 0x0, 0x0, 0x0, 0x0, 0x0,
    0x0, 0x0, 0x4f, 0xff, 0xf5, 0x0, 0x0, 0x0,
    0x0, 0x0, 0x0, 0x0, 0x4, 0xff, 0xff, 0x50,
    0x0, 0x0, 0x0, 0x0, 0x0, 0x0, 0x0, 0x4f,
    0xff, 0xf5, 0x0, 0x0, 0x0, 0x0, 0x0, 0x0,
    0x0, 0x4, 0xff, 0xff, 0x50, 0x0, 0x0, 0x0,
    0x0, 0x0, 0x0, 0x0, 0x4f, 0xff, 0xf5, 0x0,
    0x0, 0x0, 0x0, 0x0, 0x0, 0x0, 0x4, 0xff,
    0xff, 0x50, 0x0, 0x0, 0x0, 0x0, 0x0, 0x0,
    0x0, 0x4f, 0xff, 0xf5, 0x0, 0x0, 0x0, 0x0,
    0x0, 0x0, 0x0, 0x4, 0xff, 0xff, 0x50, 0x0,
    0x0, 0x0, 0x0, 0x0, 0x0, 0x0, 0x4f, 0xff,
    0xf5, 0x0, 0x0, 0x0, 0x0, 0x0, 0x0, 0x0,
    0x4, 0xff, 0xff, 0x50, 0x0, 0x0, 0x0, 0x0,
    0x0, 0x0, 0x0, 0x4f, 0xff, 0xf5, 0x0, 0x0,
    0x0, 0x0, 0x0, 0x0, 0x0, 0x4, 0xff, 0xff,
    0x50, 0x0, 0x0, 0x0, 0x0, 0x0, 0x0, 0x0,
    0x4f, 0xff, 0xf5, 0x0, 0x0, 0x0, 0x0, 0x0,
    0x0, 0x0, 0x4, 0xff, 0xff, 0x51, 0xaa, 0xaa,
    0x30, 0x0, 0x0, 0x0, 0x0, 0x4f, 0xff, 0xf5,
    0x1f, 0xff, 0xf7, 0x0, 0x0, 0x0, 0x0, 0x5,
    0xff, 0xff, 0x40, 0xff, 0xff, 0xa0, 0x0, 0x0,
    0x0, 0x0, 0x7f, 0xff, 0xf3, 0xd, 0xff, 0xfe,
    0x0, 0x0, 0x0, 0x0, 0xc, 0xff, 0xff, 0x0,
    0x9f, 0xff, 0xf7, 0x0, 0x0, 0x0, 0x4, 0xff,
    0xff, 0xc0, 0x2, 0xff, 0xff, 0xf6, 0x0, 0x0,
    0x4, 0xff, 0xff, 0xf5, 0x0, 0xa, 0xff, 0xff,
    0xfd, 0x97, 0x8c, 0xff, 0xff, 0xfd, 0x0, 0x0,
    0x1e, 0xff, 0xff, 0xff, 0xff, 0xff, 0xff, 0xff,
    0x20, 0x0, 0x0, 0x1d, 0xff, 0xff, 0xff, 0xff,
    0xff, 0xfd, 0x20, 0x0, 0x0, 0x0, 0x6, 0xdf,
    0xff, 0xff, 0xff, 0xd7, 0x0, 0x0, 0x0, 0x0,
    0x0, 0x0, 0x25, 0x67, 0x65, 0x20, 0x0, 0x0,
    0x0,

    /* U+004B "K" */
    0xff, 0xff, 0xa0, 0x0, 0x0, 0x0, 0x0, 0x2,
    0xef, 0xff, 0xfe, 0x2f, 0xff, 0xfa, 0x0, 0x0,
    0x0, 0x0, 0x3, 0xef, 0xff, 0xfd, 0x20, 0xff,
    0xff, 0xa0, 0x0, 0x0, 0x0, 0x3, 0xff, 0xff,
    0xfc, 0x10, 0xf, 0xff, 0xfa, 0x0, 0x0, 0x0,
    0x4, 0xff, 0xff, 0xfb, 0x0, 0x0, 0xff, 0xff,
    0xa0, 0x0, 0x0, 0x5, 0xff, 0xff, 0xfa, 0x0,
    0x0, 0xf, 0xff, 0xfa, 0x0, 0x0, 0x6, 0xff,
    0xff, 0xf9, 0x0, 0x0, 0x0, 0xff, 0xff, 0xa0,
    0x0, 0x7, 0xff, 0xff, 0xf7, 0x0, 0x0, 0x0,
    0xf, 0xff, 0xfa, 0x0, 0x8, 0xff, 0xff, 0xf6,
    0x0, 0x0, 0x0, 0x0, 0xff, 0xff, 0xa0, 0x9,
    0xff, 0xff, 0xf4, 0x0, 0x0, 0x0, 0x0, 0xf,
    0xff, 0xfa, 0xa, 0xff, 0xff, 0xe3, 0x0, 0x0,
    0x0, 0x0, 0x0, 0xff, 0xff, 0xaa, 0xff, 0xff,
    0xe2, 0x0, 0x0, 0x0, 0x0, 0x0, 0xf, 0xff,
    0xff, 0xff, 0xff, 0xd1, 0x0, 0x0, 0x0, 0x0,
    0x0, 0x0, 0xff, 0xff, 0xff, 0xff, 0xf9, 0x0,
    0x0, 0x0, 0x0, 0x0, 0x0, 0xf, 0xff, 0xff,
    0xff, 0xff, 0xfa, 0x0, 0x0, 0x0, 0x0, 0x0,
    0x0, 0xff, 0xff, 0xa8, 0xff, 0xff, 0xfb, 0x0,
    0x0, 0x0, 0x0, 0x0, 0xf, 0xff, 0xfa, 0x7,
    0xff, 0xff, 0xfb, 0x0, 0x0, 0x0, 0x0, 0x0,
    0xff, 0xff, 0xa0, 0x6, 0xff, 0xff, 0xfc, 0x10,
    0x0, 0x0, 0x0, 0xf, 0xff, 0xfa, 0x0, 0x5,
    0xff, 0xff, 0xfd, 0x10, 0x0, 0x0, 0x0, 0xff,
    0xff, 0xa0, 0x0, 0x5, 0xff, 0xff, 0xfd, 0x10,
    0x0, 0x0, 0xf, 0xff, 0xfa, 0x0, 0x0, 0x4,
    0xff, 0xff, 0xfe, 0x20, 0x0, 0x0, 0xff, 0xff,
    0xa0, 0x0, 0x0, 0x3, 0xff, 0xff, 0xfe, 0x20,
    0x0, 0xf, 0xff, 0xfa, 0x0, 0x0, 0x0, 0x3,
    0xef, 0xff, 0xfe, 0x30, 0x0, 0xff, 0xff, 0xa0,
    0x0, 0x0, 0x0, 0x2, 0xef, 0xff, 0xff, 0x40,
    0xf, 0xff, 0xfa, 0x0, 0x0, 0x0, 0x0, 0x1,
    0xdf, 0xff, 0xff, 0x40, 0xff, 0xff, 0xa0, 0x0,
    0x0, 0x0, 0x0, 0x1, 0xdf, 0xff, 0xff, 0x50,

    /* U+004C "L" */
    0xff, 0xff, 0xa0, 0x0, 0x0, 0x0, 0x0, 0x0,
    0x0, 0xf, 0xff, 0xfa, 0x0, 0x0, 0x0, 0x0,
    0x0, 0x0, 0x0, 0xff, 0xff, 0xa0, 0x0, 0x0,
    0x0, 0x0, 0x0, 0x0, 0xf, 0xff, 0xfa, 0x0,
    0x0, 0x0, 0x0, 0x0, 0x0, 0x0, 0xff, 0xff,
    0xa0, 0x0, 0x0, 0x0, 0x0, 0x0, 0x0, 0xf,
    0xff, 0xfa, 0x0, 0x0, 0x0, 0x0, 0x0, 0x0,
    0x0, 0xff, 0xff, 0xa0, 0x0, 0x0, 0x0, 0x0,
    0x0, 0x0, 0xf, 0xff, 0xfa, 0x0, 0x0, 0x0,
    0x0, 0x0, 0x0, 0x0, 0xff, 0xff, 0xa0, 0x0,
    0x0, 0x0, 0x0, 0x0, 0x0, 0xf, 0xff, 0xfa,
    0x0, 0x0, 0x0, 0x0, 0x0, 0x0, 0x0, 0xff,
    0xff, 0xa0, 0x0, 0x0, 0x0, 0x0, 0x0, 0x0,
    0xf, 0xff, 0xfa, 0x0, 0x0, 0x0, 0x0, 0x0,
    0x0, 0x0, 0xff, 0xff, 0xa0, 0x0, 0x0, 0x0,
    0x0, 0x0, 0x0, 0xf, 0xff, 0xfa, 0x0, 0x0,
    0x0, 0x0, 0x0, 0x0, 0x0, 0xff, 0xff, 0xa0,
    0x0, 0x0, 0x0, 0x0, 0x0, 0x0, 0xf, 0xff,
    0xfa, 0x0, 0x0, 0x0, 0x0, 0x0, 0x0, 0x0,
    0xff, 0xff, 0xa0, 0x0, 0x0, 0x0, 0x0, 0x0,
    0x0, 0xf, 0xff, 0xfa, 0x0, 0x0, 0x0, 0x0,
    0x0, 0x0, 0x0, 0xff, 0xff, 0xa0, 0x0, 0x0,
    0x0, 0x0, 0x0, 0x0, 0xf, 0xff, 0xfa, 0x0,
    0x0, 0x0, 0x0, 0x0, 0x0, 0x0, 0xff, 0xff,
    0xa0, 0x0, 0x0, 0x0, 0x0, 0x0, 0x0, 0xf,
    0xff, 0xff, 0xff, 0xff, 0xff, 0xff, 0xff, 0xff,
    0xf0, 0xff, 0xff, 0xff, 0xff, 0xff, 0xff, 0xff,
    0xff, 0xff, 0xf, 0xff, 0xff, 0xff, 0xff, 0xff,
    0xff, 0xff, 0xff, 0xf0, 0xff, 0xff, 0xff, 0xff,
    0xff, 0xff, 0xff, 0xff, 0xff, 0x0,

    /* U+004D "M" */
    0xff, 0xff, 0xff, 0xd0, 0x0, 0x0, 0x0, 0x0,
    0x0, 0x0, 0xcf, 0xff, 0xff, 0xf0, 0xff, 0xff,
    0xff, 0xf6, 0x0, 0x0, 0x0, 0x0, 0x0, 0x4,
    0xff, 0xff, 0xff, 0xf0, 0xff, 0xff, 0xff, 0xfe,
    0x0, 0x0, 0x0, 0x0, 0x0, 0xd, 0xff, 0xff,
    0xff, 0xf0, 0xff, 0xff, 0xff, 0xff, 0x70, 0x0,
    0x0, 0x0, 0x0, 0x5f, 0xff, 0xff, 0xff, 0xf0,
    0xff, 0xff, 0xff, 0xff, 0xe0, 0x0, 0x0, 0x0,
    0x0, 0xdf, 0xff, 0xff, 0xff, 0xf0, 0xff, 0xff,
    0xdf, 0xff, 0xf7, 0x0, 0x0, 0x0, 0x6, 0xff,
    0xff, 0xcf, 0xff, 0xf0, 0xff, 0xff, 0x9b, 0xff,
    0xff, 0x10, 0x0, 0x0, 0xe, 0xff, 0xfc, 0x8f,
    0xff, 0xf0, 0xff, 0xff, 0x93, 0xff, 0xff, 0x80,
    0x0, 0x0, 0x7f, 0xff, 0xf3, 0x8f, 0xff, 0xf0,
    0xff, 0xff, 0x90, 0xaf, 0xff, 0xf1, 0x0, 0x1,
    0xef, 0xff, 0xb0, 0x8f, 0xff, 0xf0, 0xff, 0xff,
    0x90, 0x2f, 0xff, 0xf9, 0x0, 0x8, 0xff, 0xff,
    0x20, 0x8f, 0xff, 0xf0, 0xff, 0xff, 0x90, 0x9,
    0xff, 0xff, 0x20, 0x1f, 0xff, 0xfa, 0x0, 0x8f,
    0xff, 0xf0, 0xff, 0xff, 0x90, 0x1, 0xff, 0xff,
    0xa0, 0x9f, 0xff, 0xf2, 0x0, 0x8f, 0xff, 0xf0,
    0xff, 0xff, 0x90, 0x0, 0x8f, 0xff, 0xf5, 0xff,
    0xff, 0x90, 0x0, 0x8f, 0xff, 0xf0, 0xff, 0xff,
    0x90, 0x0, 0x1f, 0xff, 0xff, 0xff, 0xff, 0x10,
    0x0, 0x8f, 0xff, 0xf0, 0xff, 0xff, 0x90, 0x0,
    0x7, 0xff, 0xff, 0xff, 0xf8, 0x0, 0x0, 0x8f,
    0xff, 0xf0, 0xff, 0xff, 0x90, 0x0, 0x0, 0xef,
    0xff, 0xff, 0xe0, 0x0, 0x0, 0x8f, 0xff, 0xf0,
    0xff, 0xff, 0x90, 0x0, 0x0, 0x7f, 0xff, 0xff,
    0x70, 0x0, 0x0, 0x8f, 0xff, 0xf0, 0xff, 0xff,
    0x90, 0x0, 0x0, 0xe, 0xff, 0xfe, 0x0, 0x0,
    0x0, 0x8f, 0xff, 0xf0, 0xff, 0xff, 0x90, 0x0,
    0x0, 0x4, 0x88, 0x84, 0x0, 0x0, 0x0, 0x8f,
    0xff, 0xf0, 0xff, 0xff, 0x90, 0x0, 0x0, 0x0,
    0x0, 0x0, 0x0, 0x0, 0x0, 0x8f, 0xff, 0xf0,
    0xff, 0xff, 0x90, 0x0, 0x0, 0x0, 0x0, 0x0,
    0x0, 0x0, 0x0, 0x8f, 0xff, 0xf0, 0xff, 0xff,
    0x90, 0x0, 0x0, 0x0, 0x0, 0x0, 0x0, 0x0,
    0x0, 0x8f, 0xff, 0xf0, 0xff, 0xff, 0x90, 0x0,
    0x0, 0x0, 0x0, 0x0, 0x0, 0x0, 0x0, 0x8f,
    0xff, 0xf0, 0xff, 0xff, 0x90, 0x0, 0x0, 0x0,
    0x0, 0x0, 0x0, 0x0, 0x0, 0x8f, 0xff, 0xf0,
    0xff, 0xff, 0x90, 0x0, 0x0, 0x0, 0x0, 0x0,
    0x0, 0x0, 0x0, 0x8f, 0xff, 0xf0,

    /* U+004E "N" */
    0xff, 0xff, 0xf3, 0x0, 0x0, 0x0, 0x0, 0x0,
    0x0, 0x6f, 0xff, 0xf1, 0xff, 0xff, 0xfd, 0x10,
    0x0, 0x0, 0x0, 0x0, 0x0, 0x6f, 0xff, 0xf1,
    0xff, 0xff, 0xff, 0xb0, 0x0, 0x0, 0x0, 0x0,
    0x0, 0x6f, 0xff, 0xf1, 0xff, 0xff, 0xff, 0xf7,
    0x0, 0x0, 0x0, 0x0, 0x0, 0x6f, 0xff, 0xf1,
    0xff, 0xff, 0xff, 0xff, 0x30, 0x0, 0x0, 0x0,
    0x0, 0x6f, 0xff, 0xf1, 0xff, 0xff, 0xff, 0xff,
    0xe1, 0x0, 0x0, 0x0, 0x0, 0x6f, 0xff, 0xf1,
    0xff, 0xff, 0xff, 0xff, 0xfb, 0x0, 0x0, 0x0,
    0x0, 0x6f, 0xff, 0xf1, 0xff, 0xff, 0x8d, 0xff,
    0xff, 0x70, 0x0, 0x0, 0x0, 0x6f, 0xff, 0xf1,
    0xff, 0xff, 0x73, 0xff, 0xff, 0xf4, 0x0, 0x0,
    0x0, 0x6f, 0xff, 0xf1, 0xff, 0xff, 0x70, 0x6f,
    0xff, 0xfe, 0x10, 0x0, 0x0, 0x6f, 0xff, 0xf1,
    0xff, 0xff, 0x70, 0xa, 0xff, 0xff, 0xc0, 0x0,
    0x0, 0x6f, 0xff, 0xf1, 0xff, 0xff, 0x70, 0x0,
    0xdf, 0xff, 0xf8, 0x0, 0x0, 0x6f, 0xff, 0xf1,
    0xff, 0xff, 0x70, 0x0, 0x2f, 0xff, 0xff, 0x40,
    0x0, 0x6f, 0xff, 0xf1, 0xff, 0xff, 0x70, 0x0,
    0x6, 0xff, 0xff, 0xe1, 0x0, 0x6f, 0xff, 0xf1,
    0xff, 0xff, 0x70, 0x0, 0x0, 0x9f, 0xff, 0xfc,
    0x0, 0x6f, 0xff, 0xf1, 0xff, 0xff, 0x70, 0x0,
    0x0, 0xd, 0xff, 0xff, 0x90, 0x6f, 0xff, 0xf1,
    0xff, 0xff, 0x70, 0x0, 0x0, 0x2, 0xff, 0xff,
    0xf5, 0x6f, 0xff, 0xf1, 0xff, 0xff, 0x70, 0x0,
    0x0, 0x0, 0x5f, 0xff, 0xff, 0x8f, 0xff, 0xf1,
    0xff, 0xff, 0x70, 0x0, 0x0, 0x0, 0x9, 0xff,
    0xff, 0xff, 0xff, 0xf1, 0xff, 0xff, 0x70, 0x0,
    0x0, 0x0, 0x0, 0xcf, 0xff, 0xff, 0xff, 0xf1,
    0xff, 0xff, 0x70, 0x0, 0x0, 0x0, 0x0, 0x2e,
    0xff, 0xff, 0xff, 0xf1, 0xff, 0xff, 0x70, 0x0,
    0x0, 0x0, 0x0, 0x5, 0xff, 0xff, 0xff, 0xf1,
    0xff, 0xff, 0x70, 0x0, 0x0, 0x0, 0x0, 0x0,
    0x8f, 0xff, 0xff, 0xf1, 0xff, 0xff, 0x70, 0x0,
    0x0, 0x0, 0x0, 0x0, 0xc, 0xff, 0xff, 0xf1,
    0xff, 0xff, 0x70, 0x0, 0x0, 0x0, 0x0, 0x0,
    0x1, 0xef, 0xff, 0xf1,

    /* U+004F "O" */
    0x0, 0x0, 0x0, 0x0, 0x37, 0xbd, 0xff, 0xec,
    0x95, 0x0, 0x0, 0x0, 0x0, 0x0, 0x0, 0x0,
    0x4, 0xcf, 0xff, 0xff, 0xff, 0xff, 0xff, 0x80,
    0x0, 0x0, 0x0, 0x0, 0x0, 0xa, 0xff, 0xff,
    0xff, 0xff, 0xff, 0xff, 0xff, 0xe3, 0x0, 0x0,
    0x0, 0x0, 0x1c, 0xff, 0xff, 0xff, 0xff, 0xff,
    0xff, 0xff, 0xff, 0xf5, 0x0, 0x0, 0x0, 0xc,
    0xff, 0xff, 0xfc, 0x62, 0x0, 0x15, 0xaf, 0xff,
    0xff, 0xf4, 0x0, 0x0, 0xa, 0xff, 0xff, 0xf5,
    0x0, 0x0, 0x0, 0x0, 0x3d, 0xff, 0xff, 0xf2,
    0x0, 0x4, 0xff, 0xff, 0xf3, 0x0, 0x0, 0x0,
    0x0, 0x0, 0x1d, 0xff, 0xff, 0xa0, 0x0, 0xcf,
    0xff, 0xf5, 0x0, 0x0, 0x0, 0x0, 0x0, 0x0,
    0x2e, 0xff, 0xff, 0x30, 0x2f, 0xff, 0xfb, 0x0,
    0x0, 0x0, 0x0, 0x0, 0x0, 0x0, 0x7f, 0xff,
    0xf8, 0x7, 0xff, 0xff, 0x40, 0x0, 0x0, 0x0,
    0x0, 0x0, 0x0, 0x0, 0xff, 0xff, 0xd0, 0xaf,
    0xff, 0xf0, 0x0, 0x0, 0x0, 0x0, 0x0, 0x0,
    0x0, 0xb, 0xff, 0xff, 0xc, 0xff, 0xfd, 0x0,
    0x0, 0x0, 0x0, 0x0, 0x0, 0x0, 0x0, 0x8f,
    0xff, 0xf2, 0xdf, 0xff, 0xc0, 0x0, 0x0, 0x0,
    0x0, 0x0, 0x0, 0x0, 0x7, 0xff, 0xff, 0x3d,
    0xff, 0xfd, 0x0, 0x0, 0x0, 0x0, 0x0, 0x0,
    0x0, 0x0, 0x7f, 0xff, 0xf2, 0xbf, 0xff, 0xe0,
    0x0, 0x0, 0x0, 0x0, 0x0, 0x0, 0x0, 0x9,
    0xff, 0xff, 0x19, 0xff, 0xff, 0x20, 0x0, 0x0,
    0x0, 0x0, 0x0, 0x0, 0x0, 0xdf, 0xff, 0xf0,
    0x5f, 0xff, 0xf8, 0x0, 0x0, 0x0, 0x0, 0x0,
    0x0, 0x0, 0x2f, 0xff, 0xfa, 0x0, 0xff, 0xff,
    0xf1, 0x0, 0x0, 0x0, 0x0, 0x0, 0x0, 0xa,
    0xff, 0xff, 0x50, 0x9, 0xff, 0xff, 0xb0, 0x0,
    0x0, 0x0, 0x0, 0x0, 0x6, 0xff, 0xff, 0xd0,
    0x0, 0x1f, 0xff, 0xff, 0xb0, 0x0, 0x0, 0x0,
    0x0, 0x5, 0xff, 0xff, 0xf5, 0x0, 0x0, 0x5f,
    0xff, 0xff, 0xd4, 0x0, 0x0, 0x0, 0x1a, 0xff,
    0xff, 0xf9, 0x0, 0x0, 0x0, 0x7f, 0xff, 0xff,
    0xfe, 0xa8, 0x79, 0xcf, 0xff, 0xff, 0xfb, 0x0,
    0x0, 0x0, 0x0, 0x6f, 0xff, 0xff, 0xff, 0xff,
    0xff, 0xff, 0xff, 0xfa, 0x0, 0x0, 0x0, 0x0,
    0x0, 0x3c, 0xff, 0xff, 0xff, 0xff, 0xff, 0xff,
    0xe6, 0x0, 0x0, 0x0, 0x0, 0x0, 0x0, 0x5,
    0xbf, 0xff, 0xff, 0xff, 0xfd, 0x70, 0x0, 0x0,
    0x0, 0x0, 0x0, 0x0, 0x0, 0x0, 0x4, 0x57,
    0x76, 0x41, 0x0, 0x0, 0x0, 0x0, 0x0,

    /* U+0050 "P" */
    0xff, 0xff, 0xff, 0xff, 0xff, 0xff, 0xed, 0xa6,
    0x0, 0x0, 0xf, 0xff, 0xff, 0xff, 0xff, 0xff,
    0xff, 0xff, 0xff, 0x70, 0x0, 0xff, 0xff, 0xff,
    0xff, 0xff, 0xff, 0xff, 0xff, 0xff, 0xb0, 0xf,
    0xff, 0xff, 0xff, 0xff, 0xff, 0xff, 0xff, 0xff,
    0xff, 0x90, 0xff, 0xff, 0xa0, 0x0, 0x0, 0x0,
    0x14, 0xbf, 0xff, 0xff, 0x3f, 0xff, 0xfa, 0x0,
    0x0, 0x0, 0x0, 0x0, 0x9f, 0xff, 0xf9, 0xff,
    0xff, 0xa0, 0x0, 0x0, 0x0, 0x0, 0x0, 0xff,
    0xff, 0xcf, 0xff, 0xfa, 0x0, 0x0, 0x0, 0x0,
    0x0, 0xc, 0xff, 0xfe, 0xff, 0xff, 0xa0, 0x0,
    0x0, 0x0, 0x0, 0x0, 0xcf, 0xff, 0xef, 0xff,
    0xfa, 0x0, 0x0, 0x0, 0x0, 0x0, 0x1f, 0xff,
    0xfc, 0xff, 0xff, 0xa0, 0x0, 0x0, 0x0, 0x0,
    0xa, 0xff, 0xff, 0x7f, 0xff, 0xfa, 0x0, 0x0,
    0x0, 0x1, 0x5c, 0xff, 0xff, 0xf1, 0xff, 0xff,
    0xff, 0xff, 0xff, 0xff, 0xff, 0xff, 0xff, 0xf6,
    0xf, 0xff, 0xff, 0xff, 0xff, 0xff, 0xff, 0xff,
    0xff, 0xf7, 0x0, 0xff, 0xff, 0xff, 0xff, 0xff,
    0xff, 0xff, 0xff, 0xd4, 0x0, 0xf, 0xff, 0xff,
    0xff, 0xff, 0xff, 0xfe, 0xc9, 0x40, 0x0, 0x0,
    0xff, 0xff, 0xa0, 0x0, 0x0, 0x0, 0x0, 0x0,
    0x0, 0x0, 0xf, 0xff, 0xfa, 0x0, 0x0, 0x0,
    0x0, 0x0, 0x0, 0x0, 0x0, 0xff, 0xff, 0xa0,
    0x0, 0x0, 0x0, 0x0, 0x0, 0x0, 0x0, 0xf,
    0xff, 0xfa, 0x0, 0x0, 0x0, 0x0, 0x0, 0x0,
    0x0, 0x0, 0xff, 0xff, 0xa0, 0x0, 0x0, 0x0,
    0x0, 0x0, 0x0, 0x0, 0xf, 0xff, 0xfa, 0x0,
    0x0, 0x0, 0x0, 0x0, 0x0, 0x0, 0x0, 0xff,
    0xff, 0xa0, 0x0, 0x0, 0x0, 0x0, 0x0, 0x0,
    0x0, 0xf, 0xff, 0xfa, 0x0, 0x0, 0x0, 0x0,
    0x0, 0x0, 0x0, 0x0, 0xff, 0xff, 0xa0, 0x0,
    0x0, 0x0, 0x0, 0x0, 0x0, 0x0, 0x0,

    /* U+0051 "Q" */
    0x0, 0x0, 0x0, 0x0, 0x37, 0xbd, 0xff, 0xec,
    0x95, 0x0, 0x0, 0x0, 0x0, 0x0, 0x0, 0x0,
    0x4, 0xcf, 0xff, 0xff, 0xff, 0xff, 0xff, 0x70,
    0x0, 0x0, 0x0, 0x0, 0x0, 0xa, 0xff, 0xff,
    0xff, 0xff, 0xff, 0xff, 0xff, 0xe3, 0x0, 0x0,
    0x0, 0x0, 0x1c, 0xff, 0xff, 0xff, 0xff, 0xff,
    0xff, 0xff, 0xff, 0xf5, 0x0, 0x0, 0x0, 0xc,
    0xff, 0xff, 0xfc, 0x62, 0x0, 0x15, 0xaf, 0xff,
    0xff, 0xf4, 0x0, 0x0, 0xa, 0xff, 0xff, 0xf5,
    0x0, 0x0, 0x0, 0x0, 0x3d, 0xff, 0xff, 0xe2,
    0x0, 0x3, 0xff, 0xff, 0xf3, 0x0, 0x0, 0x0,
    0x0, 0x0, 0x1d, 0xff, 0xff, 0xa0, 0x0, 0xcf,
    0xff, 0xf5, 0x0, 0x0, 0x0, 0x0, 0x0, 0x0,
    0x2f, 0xff, 0xff, 0x30, 0x2f, 0xff, 0xfc, 0x0,
    0x0, 0x0, 0x0, 0x0, 0x0, 0x0, 0x7f, 0xff,
    0xf8, 0x7, 0xff, 0xff, 0x50, 0x0, 0x0, 0x0,
    0x0, 0x0, 0x0, 0x0, 0xff, 0xff, 0xd0, 0xaf,
    0xff, 0xf0, 0x0, 0x0, 0x0, 0x0, 0x0, 0x0,
    0x0, 0xb, 0xff, 0xff, 0xc, 0xff, 0xfd, 0x0,
    0x0, 0x0, 0x0, 0x0, 0x0, 0x0, 0x0, 0x8f,
    0xff, 0xf2, 0xdf, 0xff, 0xc0, 0x0, 0x0, 0x0,
    0x0, 0x0, 0x0, 0x0, 0x7, 0xff, 0xff, 0x3d,
    0xff, 0xfd, 0x0, 0x0, 0x0, 0x0, 0x0, 0x0,
    0x0, 0x0, 0x7f, 0xff, 0xf2, 0xcf, 0xff, 0xe0,
    0x0, 0x0, 0x0, 0x0, 0x0, 0x0, 0x0, 0x9,
    0xff, 0xff, 0x19, 0xff, 0xff, 0x20, 0x0, 0x0,
    0x0, 0x0, 0x0, 0x0, 0x0, 0xcf, 0xff, 0xe0,
    0x5f, 0xff, 0xf7, 0x0, 0x0, 0x0, 0x0, 0x0,
    0x0, 0x0, 0x2f, 0xff, 0xfa, 0x1, 0xff, 0xff,
    0xe1, 0x0, 0x0, 0x0, 0x0, 0x0, 0x0, 0x9,
    0xff, 0xff, 0x50, 0x9, 0xff, 0xff, 0xb0, 0x0,
    0x0, 0x0, 0x0, 0x0, 0x5, 0xff, 0xff, 0xd0,
    0x0, 0x1f, 0xff, 0xff, 0x90, 0x0, 0x0, 0x0,
    0x0, 0x4, 0xff, 0xff, 0xf5, 0x0, 0x0, 0x5f,
    0xff, 0xff, 0xc3, 0x0, 0x0, 0x0, 0x8, 0xff,
    0xff, 0xfa, 0x0, 0x0, 0x0, 0x8f, 0xff, 0xff,
    0xfc, 0x86, 0x67, 0xaf, 0xff, 0xff, 0xfc, 0x0,
    0x0, 0x0, 0x0, 0x7f, 0xff, 0xff, 0xff, 0xff,
    0xff, 0xff, 0xff, 0xfb, 0x0, 0x0, 0x0, 0x0,
    0x0, 0x3d, 0xff, 0xff, 0xff, 0xff, 0xff, 0xff,
    0xf6, 0x0, 0x0, 0x0, 0x0, 0x0, 0x0, 0x5,
    0xbf, 0xff, 0xff, 0xff, 0xfd, 0x71, 0x0, 0x0,
    0x0, 0x0, 0x0, 0x0, 0x0, 0x0, 0x3, 0xef,
    0xff, 0x81, 0x0, 0x0, 0x0, 0x0, 0x0, 0x0,
    0x0, 0x0, 0x0, 0x0, 0xb, 0xff, 0xf8, 0x0,
    0x0, 0x0, 0x0, 0x0, 0x0, 0x0, 0x0, 0x0,
    0x0, 0x0, 0x8f, 0xff, 0xf9, 0x54, 0x41, 0x0,
    0x0, 0x0, 0x0, 0x0, 0x0, 0x0, 0x0, 0x2,
    0xff, 0xff, 0xff, 0xff, 0x30, 0x0, 0x0, 0x0,
    0x0, 0x0, 0x0, 0x0, 0x0, 0x5, 0xff, 0xff,
    0xff, 0xf3, 0x0, 0x0, 0x0, 0x0, 0x0, 0x0,
    0x0, 0x0, 0x0, 0x2, 0x8c, 0xef, 0xff, 0x30,
    0x0, 0x0, 0x0,

    /* U+0052 "R" */
    0xff, 0xff, 0xff, 0xff, 0xff, 0xff, 0xfe, 0xb8,
    0x20, 0x0, 0x0, 0xff, 0xff, 0xff, 0xff, 0xff,
    0xff, 0xff, 0xff, 0xfb, 0x20, 0x0, 0xff, 0xff,
    0xff, 0xff, 0xff, 0xff, 0xff, 0xff, 0xff, 0xf3,
    0x0, 0xff, 0xff, 0xfe, 0xee, 0xee, 0xee, 0xff,
    0xff, 0xff, 0xfe, 0x10, 0xff, 0xff, 0x90, 0x0,
    0x0, 0x0, 0x2, 0x8f, 0xff, 0xff, 0x80, 0xff,
    0xff, 0x90, 0x0, 0x0, 0x0, 0x0, 0x4, 0xff,
    0xff, 0xd0, 0xff, 0xff, 0x90, 0x0, 0x0, 0x0,
    0x0, 0x0, 0xcf, 0xff, 0xf0, 0xff, 0xff, 0x90,
    0x0, 0x0, 0x0, 0x0, 0x0, 0x9f, 0xff, 0xf1,
    0xff, 0xff, 0x90, 0x0, 0x0, 0x0, 0x0, 0x0,
    0x9f, 0xff, 0xf1, 0xff, 0xff, 0x90, 0x0, 0x0,
    0x0, 0x0, 0x0, 0xdf, 0xff, 0xe0, 0xff, 0xff,
    0x90, 0x0, 0x0, 0x0, 0x0, 0x7, 0xff, 0xff,
    0x80, 0xff, 0xff, 0x90, 0x0, 0x0, 0x0, 0x14,
    0xbf, 0xff, 0xfe, 0x10, 0xff, 0xff, 0xff, 0xff,
    0xff, 0xff, 0xff, 0xff, 0xff, 0xf4, 0x0, 0xff,
    0xff, 0xff, 0xff, 0xff, 0xff, 0xff, 0xff, 0xfc,
    0x20, 0x0, 0xff, 0xff, 0xff, 0xff, 0xff, 0xff,
    0xff, 0xfa, 0x40, 0x0, 0x0, 0xff, 0xff, 0xfe,
    0xee, 0xee, 0xff, 0xff, 0xfa, 0x0, 0x0, 0x0,
    0xff, 0xff, 0x90, 0x0, 0x0, 0x3f, 0xff, 0xff,
    0x40, 0x0, 0x0, 0xff, 0xff, 0x90, 0x0, 0x0,
    0x8, 0xff, 0xff, 0xe0, 0x0, 0x0, 0xff, 0xff,
    0x90, 0x0, 0x0, 0x0, 0xdf, 0xff, 0xf9, 0x0,
    0x0, 0xff, 0xff, 0x90, 0x0, 0x0, 0x0, 0x3f,
    0xff, 0xff, 0x30, 0x0, 0xff, 0xff, 0x90, 0x0,
    0x0, 0x0, 0x9, 0xff, 0xff, 0xd0, 0x0, 0xff,
    0xff, 0x90, 0x0, 0x0, 0x0, 0x0, 0xef, 0xff,
    0xf8, 0x0, 0xff, 0xff, 0x90, 0x0, 0x0, 0x0,
    0x0, 0x4f, 0xff, 0xff, 0x30, 0xff, 0xff, 0x90,
    0x0, 0x0, 0x0, 0x0, 0x9, 0xff, 0xff, 0xc0,
    0xff, 0xff, 0x90, 0x0, 0x0, 0x0, 0x0, 0x1,
    0xef, 0xff, 0xf7,

    /* U+0053 "S" */
    0x0, 0x0, 0x0, 0x4, 0x9c, 0xef, 0xfe, 0xc9,
    0x51, 0x0, 0x0, 0x0, 0x0, 0x0, 0x6e, 0xff,
    0xff, 0xff, 0xff, 0xff, 0xf9, 0x10, 0x0, 0x0,
    0x0, 0xbf, 0xff, 0xff, 0xff, 0xff, 0xff, 0xff,
    0xff, 0x60, 0x0, 0x0, 0xbf, 0xff, 0xff, 0xff,
    0xff, 0xff, 0xff, 0xff, 0xff, 0xa0, 0x0, 0x7f,
    0xff, 0xff, 0xa4, 0x10, 0x1, 0x49, 0xef, 0xff,
    0xfa, 0x0, 0xd, 0xff, 0xfe, 0x20, 0x0, 0x0,
    0x0, 0x0, 0x6e, 0xfc, 0x0, 0x1, 0xff, 0xff,
    0x70, 0x0, 0x0, 0x0, 0x0, 0x0, 0x19, 0x10,
    0x0, 0x2f, 0xff, 0xf6, 0x0, 0x0, 0x0, 0x0,
    0x0, 0x0, 0x0, 0x0, 0x1, 0xff, 0xff, 0xc0,
    0x0, 0x0, 0x0, 0x0, 0x0, 0x0, 0x0, 0x0,
    0xe, 0xff, 0xff, 0xd6, 0x31, 0x0, 0x0, 0x0,
    0x0, 0x0, 0x0, 0x0, 0x7f, 0xff, 0xff, 0xff,
    0xff, 0xff, 0xed, 0xa7, 0x20, 0x0, 0x0, 0x0,
    0xbf, 0xff, 0xff, 0xff, 0xff, 0xff, 0xff, 0xff,
    0xb2, 0x0, 0x0, 0x0, 0x7e, 0xff, 0xff, 0xff,
    0xff, 0xff, 0xff, 0xff, 0xe3, 0x0, 0x0, 0x0,
    0x4, 0x9c, 0xef, 0xff, 0xff, 0xff, 0xff, 0xff,
    0xd0, 0x0, 0x0, 0x0, 0x0, 0x0, 0x2, 0x33,
    0x58, 0xdf, 0xff, 0xff, 0x40, 0x0, 0x0, 0x0,
    0x0, 0x0, 0x0, 0x0, 0x0, 0x9f, 0xff, 0xf9,
    0x0, 0x0, 0x0, 0x0, 0x0, 0x0, 0x0, 0x0,
    0x0, 0xef, 0xff, 0xb0, 0x0, 0x10, 0x0, 0x0,
    0x0, 0x0, 0x0, 0x0, 0xc, 0xff, 0xfb, 0x0,
    0x5f, 0x40, 0x0, 0x0, 0x0, 0x0, 0x0, 0x0,
    0xef, 0xff, 0x90, 0x2f, 0xff, 0x80, 0x0, 0x0,
    0x0, 0x0, 0x0, 0x6f, 0xff, 0xf5, 0xc, 0xff,
    0xff, 0xe6, 0x10, 0x0, 0x0, 0x0, 0x8f, 0xff,
    0xfe, 0x0, 0xaf, 0xff, 0xff, 0xff, 0xca, 0x87,
    0x8b, 0xff, 0xff, 0xff, 0x50, 0x0, 0x7f, 0xff,
    0xff, 0xff, 0xff, 0xff, 0xff, 0xff, 0xff, 0x80,
    0x0, 0x0, 0x3c, 0xff, 0xff, 0xff, 0xff, 0xff,
    0xff, 0xfe, 0x50, 0x0, 0x0, 0x0, 0x3, 0xae,
    0xff, 0xff, 0xff, 0xff, 0xe7, 0x10, 0x0, 0x0,
    0x0, 0x0, 0x0, 0x2, 0x56, 0x77, 0x65, 0x10,
    0x0, 0x0, 0x0,

    /* U+0054 "T" */
    0x5f, 0xff, 0xff, 0xff, 0xff, 0xff, 0xff, 0xff,
    0xff, 0xff, 0xff, 0xfb, 0x5f, 0xff, 0xff, 0xff,
    0xff, 0xff, 0xff, 0xff, 0xff, 0xff, 0xff, 0xfb,
    0x5f, 0xff, 0xff, 0xff, 0xff, 0xff, 0xff, 0xff,
    0xff, 0xff, 0xff, 0xfb, 0x5f, 0xff, 0xff, 0xff,
    0xff, 0xff, 0xff, 0xff, 0xff, 0xff, 0xff, 0xfb,
    0x0, 0x0, 0x0, 0x0, 0x2, 0xff, 0xff, 0x70,
    0x0, 0x0, 0x0, 0x0, 0x0, 0x0, 0x0, 0x0,
    0x2, 0xff, 0xff, 0x70, 0x0, 0x0, 0x0, 0x0,
    0x0, 0x0, 0x0, 0x0, 0x2, 0xff, 0xff, 0x70,
    0x0, 0x0, 0x0, 0x0, 0x0, 0x0, 0x0, 0x0,
    0x2, 0xff, 0xff, 0x70, 0x0, 0x0, 0x0, 0x0,
    0x0, 0x0, 0x0, 0x0, 0x2, 0xff, 0xff, 0x70,
    0x0, 0x0, 0x0, 0x0, 0x0, 0x0, 0x0, 0x0,
    0x2, 0xff, 0xff, 0x70, 0x0, 0x0, 0x0, 0x0,
    0x0, 0x0, 0x0, 0x0, 0x2, 0xff, 0xff, 0x70,
    0x0, 0x0, 0x0, 0x0, 0x0, 0x0, 0x0, 0x0,
    0x2, 0xff, 0xff, 0x70, 0x0, 0x0, 0x0, 0x0,
    0x0, 0x0, 0x0, 0x0, 0x2, 0xff, 0xff, 0x70,
    0x0, 0x0, 0x0, 0x0, 0x0, 0x0, 0x0, 0x0,
    0x2, 0xff, 0xff, 0x70, 0x0, 0x0, 0x0, 0x0,
    0x0, 0x0, 0x0, 0x0, 0x2, 0xff, 0xff, 0x70,
    0x0, 0x0, 0x0, 0x0, 0x0, 0x0, 0x0, 0x0,
    0x2, 0xff, 0xff, 0x70, 0x0, 0x0, 0x0, 0x0,
    0x0, 0x0, 0x0, 0x0, 0x2, 0xff, 0xff, 0x70,
    0x0, 0x0, 0x0, 0x0, 0x0, 0x0, 0x0, 0x0,
    0x2, 0xff, 0xff, 0x70, 0x0, 0x0, 0x0, 0x0,
    0x0, 0x0, 0x0, 0x0, 0x2, 0xff, 0xff, 0x70,
    0x0, 0x0, 0x0, 0x0, 0x0, 0x0, 0x0, 0x0,
    0x2, 0xff, 0xff, 0x70, 0x0, 0x0, 0x0, 0x0,
    0x0, 0x0, 0x0, 0x0, 0x2, 0xff, 0xff, 0x70,
    0x0, 0x0, 0x0, 0x0, 0x0, 0x0, 0x0, 0x0,
    0x2, 0xff, 0xff, 0x70, 0x0, 0x0, 0x0, 0x0,
    0x0, 0x0, 0x0, 0x0, 0x2, 0xff, 0xff, 0x70,
    0x0, 0x0, 0x0, 0x0, 0x0, 0x0, 0x0, 0x0,
    0x2, 0xff, 0xff, 0x70, 0x0, 0x0, 0x0, 0x0,
    0x0, 0x0, 0x0, 0x0, 0x2, 0xff, 0xff, 0x70,
    0x0, 0x0, 0x0, 0x0,

    /* U+0055 "U" */
    0x3f, 0xff, 0xf6, 0x0, 0x0, 0x0, 0x0, 0x0,
    0x0, 0x3, 0xff, 0xff, 0x53, 0xff, 0xff, 0x60,
    0x0, 0x0, 0x0, 0x0, 0x0, 0x0, 0x3f, 0xff,
    0xf5, 0x3f, 0xff, 0xf6, 0x0, 0x0, 0x0, 0x0,
    0x0, 0x0, 0x3, 0xff, 0xff, 0x53, 0xff, 0xff,
    0x60, 0x0, 0x0, 0x0, 0x0, 0x0, 0x0, 0x3f,
    0xff, 0xf5, 0x3f, 0xff, 0xf6, 0x0, 0x0, 0x0,
    0x0, 0x0, 0x0, 0x3, 0xff, 0xff, 0x53, 0xff,
    0xff, 0x60, 0x0, 0x0, 0x0, 0x0, 0x0, 0x0,
    0x3f, 0xff, 0xf5, 0x3f, 0xff, 0xf6, 0x0, 0x0,
    0x0, 0x0, 0x0, 0x0, 0x3, 0xff, 0xff, 0x53,
    0xff, 0xff, 0x60, 0x0, 0x0, 0x0, 0x0, 0x0,
    0x0, 0x3f, 0xff, 0xf5, 0x3f, 0xff, 0xf6, 0x0,
    0x0, 0x0, 0x0, 0x0, 0x0, 0x3, 0xff, 0xff,
    0x53, 0xff, 0xff, 0x60, 0x0, 0x0, 0x0, 0x0,
    0x0, 0x0, 0x3f, 0xff, 0xf5, 0x3f, 0xff, 0xf6,
    0x0, 0x0, 0x0, 0x0, 0x0, 0x0, 0x3, 0xff,
    0xff, 0x53, 0xff, 0xff, 0x60, 0x0, 0x0, 0x0,
    0x0, 0x0, 0x0, 0x3f, 0xff, 0xf5, 0x3f, 0xff,
    0xf6, 0x0, 0x0, 0x0, 0x0, 0x0, 0x0, 0x3,
    0xff, 0xff, 0x53, 0xff, 0xff, 0x60, 0x0, 0x0,
    0x0, 0x0, 0x0, 0x0, 0x3f, 0xff, 0xf5, 0x3f,
    0xff, 0xf6, 0x0, 0x0, 0x0, 0x0, 0x0, 0x0,
    0x4, 0xff, 0xff, 0x41, 0xff, 0xff, 0x80, 0x0,
    0x0, 0x0, 0x0, 0x0, 0x0, 0x6f, 0xff, 0xf3,
    0xf, 0xff, 0xfc, 0x0, 0x0, 0x0, 0x0, 0x0,
    0x0, 0x9, 0xff, 0xff, 0x10, 0xbf, 0xff, 0xf2,
    0x0, 0x0, 0x0, 0x0, 0x0, 0x0, 0xef, 0xff,
    0xd0, 0x7, 0xff, 0xff, 0xb0, 0x0, 0x0, 0x0,
    0x0, 0x0, 0x8f, 0xff, 0xf8, 0x0, 0xe, 0xff,
    0xff, 0x80, 0x0, 0x0, 0x0, 0x0, 0x5f, 0xff,
    0xff, 0x10, 0x0, 0x7f, 0xff, 0xff, 0xa1, 0x0,
    0x0, 0x1, 0x8f, 0xff, 0xff, 0x80, 0x0, 0x0,
    0xbf, 0xff, 0xff, 0xfc, 0x87, 0x8b, 0xff, 0xff,
    0xff, 0xb0, 0x0, 0x0, 0x0, 0xbf, 0xff, 0xff,
    0xff, 0xff, 0xff, 0xff, 0xff, 0xc1, 0x0, 0x0,
    0x0, 0x0, 0x8f, 0xff, 0xff, 0xff, 0xff, 0xff,
    0xff, 0x90, 0x0, 0x0, 0x0, 0x0, 0x0, 0x29,
    0xef, 0xff, 0xff, 0xff, 0xe9, 0x20, 0x0, 0x0,
    0x0, 0x0, 0x0, 0x0, 0x0, 0x25, 0x67, 0x65,
    0x20, 0x0, 0x0, 0x0, 0x0,

    /* U+0056 "V" */
    0x9f, 0xff, 0xf6, 0x0, 0x0, 0x0, 0x0, 0x0,
    0x0, 0x0, 0x5, 0xff, 0xff, 0x82, 0xff, 0xff,
    0xd0, 0x0, 0x0, 0x0, 0x0, 0x0, 0x0, 0x0,
    0xbf, 0xff, 0xf1, 0xb, 0xff, 0xff, 0x30, 0x0,
    0x0, 0x0, 0x0, 0x0, 0x0, 0x2f, 0xff, 0xfa,
    0x0, 0x4f, 0xff, 0xfa, 0x0, 0x0, 0x0, 0x0,
    0x0, 0x0, 0x9, 0xff, 0xff, 0x30, 0x0, 0xdf,
    0xff, 0xf1, 0x0, 0x0, 0x0, 0x0, 0x0, 0x1,
    0xff, 0xff, 0xc0, 0x0, 0x6, 0xff, 0xff, 0x80,
    0x0, 0x0, 0x0, 0x0, 0x0, 0x7f, 0xff, 0xf5,
    0x0, 0x0, 0xe, 0xff, 0xfe, 0x0, 0x0, 0x0,
    0x0, 0x0, 0xd, 0xff, 0xfe, 0x0, 0x0, 0x0,
    0x8f, 0xff, 0xf5, 0x0, 0x0, 0x0, 0x0, 0x4,
    0xff, 0xff, 0x70, 0x0, 0x0, 0x1, 0xff, 0xff,
    0xc0, 0x0, 0x0, 0x0, 0x0, 0xbf, 0xff, 0xf1,
    0x0, 0x0, 0x0, 0xa, 0xff, 0xff, 0x30, 0x0,
    0x0, 0x0, 0x2f, 0xff, 0xfa, 0x0, 0x0, 0x0,
    0x0, 0x3f, 0xff, 0xfa, 0x0, 0x0, 0x0, 0x9,
    0xff, 0xff, 0x30, 0x0, 0x0, 0x0, 0x0, 0xcf,
    0xff, 0xf1, 0x0, 0x0, 0x0, 0xff, 0xff, 0xc0,
    0x0, 0x0, 0x0, 0x0, 0x5, 0xff, 0xff, 0x70,
    0x0, 0x0, 0x6f, 0xff, 0xf5, 0x0, 0x0, 0x0,
    0x0, 0x0, 0xe, 0xff, 0xfe, 0x0, 0x0, 0xd,
    0xff, 0xfe, 0x0, 0x0, 0x0, 0x0, 0x0, 0x0,
    0x7f, 0xff, 0xf5, 0x0, 0x4, 0xff, 0xff, 0x70,
    0x0, 0x0, 0x0, 0x0, 0x0, 0x1, 0xff, 0xff,
    0xc0, 0x0, 0xbf, 0xff, 0xf1, 0x0, 0x0, 0x0,
    0x0, 0x0, 0x0, 0x9, 0xff, 0xff, 0x30, 0x2f,
    0xff, 0xf9, 0x0, 0x0, 0x0, 0x0, 0x0, 0x0,
    0x0, 0x2f, 0xff, 0xf9, 0x8, 0xff, 0xff, 0x20,
    0x0, 0x0, 0x0, 0x0, 0x0, 0x0, 0x0, 0xbf,
    0xff, 0xf1, 0xff, 0xff, 0xb0, 0x0, 0x0, 0x0,
    0x0, 0x0, 0x0, 0x0, 0x4, 0xff, 0xff, 0xdf,
    0xff, 0xf4, 0x0, 0x0, 0x0, 0x0, 0x0, 0x0,
    0x0, 0x0, 0xd, 0xff, 0xff, 0xff, 0xfd, 0x0,
    0x0, 0x0, 0x0, 0x0, 0x0, 0x0, 0x0, 0x0,
    0x6f, 0xff, 0xff, 0xff, 0x60, 0x0, 0x0, 0x0,
    0x0, 0x0, 0x0, 0x0, 0x0, 0x0, 0xff, 0xff,
    0xff, 0xf0, 0x0, 0x0, 0x0, 0x0, 0x0, 0x0,
    0x0, 0x0, 0x0, 0x8, 0xff, 0xff, 0xf8, 0x0,
    0x0, 0x0, 0x0, 0x0, 0x0, 0x0, 0x0, 0x0,
    0x0, 0x2f, 0xff, 0xff, 0x20, 0x0, 0x0, 0x0,
    0x0, 0x0,

    /* U+0057 "W" */
    0xf, 0xff, 0xfd, 0x0, 0x0, 0x0, 0x0, 0x6,
    0xff, 0xff, 0x50, 0x0, 0x0, 0x0, 0x0, 0xef,
    0xff, 0xd0, 0xbf, 0xff, 0xf1, 0x0, 0x0, 0x0,
    0x0, 0xbf, 0xff, 0xfa, 0x0, 0x0, 0x0, 0x0,
    0x1f, 0xff, 0xfa, 0x8, 0xff, 0xff, 0x40, 0x0,
    0x0, 0x0, 0x1f, 0xff, 0xff, 0xf0, 0x0, 0x0,
    0x0, 0x4, 0xff, 0xff, 0x60, 0x4f, 0xff, 0xf7,
    0x0, 0x0, 0x0, 0x5, 0xff, 0xff, 0xff, 0x50,
    0x0, 0x0, 0x0, 0x7f, 0xff, 0xf3, 0x1, 0xff,
    0xff, 0xa0, 0x0, 0x0, 0x0, 0xaf, 0xff, 0xff,
    0xfa, 0x0, 0x0, 0x0, 0xb, 0xff, 0xff, 0x0,
    0xd, 0xff, 0xfd, 0x0, 0x0, 0x0, 0xf, 0xff,
    0xff, 0xff, 0xf0, 0x0, 0x0, 0x0, 0xef, 0xff,
    0xb0, 0x0, 0x9f, 0xff, 0xf0, 0x0, 0x0, 0x5,
    0xff, 0xfe, 0xff, 0xff, 0x40, 0x0, 0x0, 0x1f,
    0xff, 0xf8, 0x0, 0x6, 0xff, 0xff, 0x40, 0x0,
    0x0, 0xaf, 0xff, 0x8c, 0xff, 0xf9, 0x0, 0x0,
    0x4, 0xff, 0xff, 0x40, 0x0, 0x2f, 0xff, 0xf7,
    0x0, 0x0, 0xf, 0xff, 0xf3, 0x6f, 0xff, 0xe0,
    0x0, 0x0, 0x7f, 0xff, 0xf1, 0x0, 0x0, 0xef,
    0xff, 0xa0, 0x0, 0x4, 0xff, 0xfe, 0x1, 0xff,
    0xff, 0x30, 0x0, 0xb, 0xff, 0xfd, 0x0, 0x0,
    0xb, 0xff, 0xfd, 0x0, 0x0, 0x9f, 0xff, 0x80,
    0xc, 0xff, 0xf9, 0x0, 0x0, 0xef, 0xff, 0x90,
    0x0, 0x0, 0x7f, 0xff, 0xf0, 0x0, 0xe, 0xff,
    0xf3, 0x0, 0x6f, 0xff, 0xe0, 0x0, 0x1f, 0xff,
    0xf6, 0x0, 0x0, 0x4, 0xff, 0xff, 0x30, 0x4,
    0xff, 0xfe, 0x0, 0x1, 0xff, 0xff, 0x30, 0x4,
    0xff, 0xff, 0x20, 0x0, 0x0, 0xf, 0xff, 0xf7,
    0x0, 0x9f, 0xff, 0x80, 0x0, 0xb, 0xff, 0xf8,
    0x0, 0x7f, 0xff, 0xe0, 0x0, 0x0, 0x0, 0xdf,
    0xff, 0xa0, 0xe, 0xff, 0xf3, 0x0, 0x0, 0x6f,
    0xff, 0xd0, 0xb, 0xff, 0xfb, 0x0, 0x0, 0x0,
    0x9, 0xff, 0xfd, 0x3, 0xff, 0xfe, 0x0, 0x0,
    0x1, 0xff, 0xff, 0x20, 0xef, 0xff, 0x70, 0x0,
    0x0, 0x0, 0x6f, 0xff, 0xf0, 0x8f, 0xff, 0x80,
    0x0, 0x0, 0xb, 0xff, 0xf7, 0x1f, 0xff, 0xf4,
    0x0, 0x0, 0x0, 0x2, 0xff, 0xff, 0x3d, 0xff,
    0xf3, 0x0, 0x0, 0x0, 0x6f, 0xff, 0xc4, 0xff,
    0xff, 0x0, 0x0, 0x0, 0x0, 0xe, 0xff, 0xfa,
    0xff, 0xfe, 0x0, 0x0, 0x0, 0x1, 0xff, 0xff,
    0xaf, 0xff, 0xc0, 0x0, 0x0, 0x0, 0x0, 0xbf,
    0xff, 0xff, 0xff, 0x80, 0x0, 0x0, 0x0, 0xb,
    0xff, 0xff, 0xff, 0xf9, 0x0, 0x0, 0x0, 0x0,
    0x7, 0xff, 0xff, 0xff, 0xf3, 0x0, 0x0, 0x0,
    0x0, 0x6f, 0xff, 0xff, 0xff, 0x50, 0x0, 0x0,
    0x0, 0x0, 0x4f, 0xff, 0xff, 0xfe, 0x0, 0x0,
    0x0, 0x0, 0x1, 0xff, 0xff, 0xff, 0xf2, 0x0,
    0x0, 0x0, 0x0, 0x0, 0xff, 0xff, 0xff, 0x90,
    0x0, 0x0, 0x0, 0x0, 0xb, 0xff, 0xff, 0xfe,
    0x0, 0x0, 0x0, 0x0, 0x0, 0xd, 0xff, 0xff,
    0xf3, 0x0, 0x0, 0x0, 0x0, 0x0, 0x6f, 0xff,
    0xff, 0xa0, 0x0, 0x0, 0x0, 0x0, 0x0, 0x9f,
    0xff, 0xfe, 0x0, 0x0, 0x0, 0x0, 0x0, 0x1,
    0xff, 0xff, 0xf7, 0x0, 0x0, 0x0,

    /* U+0058 "X" */
    0x9, 0xff, 0xff, 0xe1, 0x0, 0x0, 0x0, 0x0,
    0x0, 0xb, 0xff, 0xff, 0xb0, 0x0, 0xcf, 0xff,
    0xfb, 0x0, 0x0, 0x0, 0x0, 0x0, 0x7f, 0xff,
    0xfe, 0x10, 0x0, 0x2e, 0xff, 0xff, 0x70, 0x0,
    0x0, 0x0, 0x3, 0xff, 0xff, 0xf3, 0x0, 0x0,
    0x4, 0xff, 0xff, 0xf3, 0x0, 0x0, 0x0, 0x1e,
    0xff, 0xff, 0x60, 0x0, 0x0, 0x0, 0x8f, 0xff,
    0xfe, 0x10, 0x0, 0x0, 0xbf, 0xff, 0xfa, 0x0,
    0x0, 0x0, 0x0, 0xb, 0xff, 0xff, 0xa0, 0x0,
    0x6, 0xff, 0xff, 0xd0, 0x0, 0x0, 0x0, 0x0,
    0x1, 0xef, 0xff, 0xf6, 0x0, 0x3f, 0xff, 0xff,
    0x20, 0x0, 0x0, 0x0, 0x0, 0x0, 0x3f, 0xff,
    0xff, 0x20, 0xdf, 0xff, 0xf5, 0x0, 0x0, 0x0,
    0x0, 0x0, 0x0, 0x6, 0xff, 0xff, 0xda, 0xff,
    0xff, 0x90, 0x0, 0x0, 0x0, 0x0, 0x0, 0x0,
    0x0, 0xaf, 0xff, 0xff, 0xff, 0xfc, 0x0, 0x0,
    0x0, 0x0, 0x0, 0x0, 0x0, 0x0, 0xd, 0xff,
    0xff, 0xff, 0xe2, 0x0, 0x0, 0x0, 0x0, 0x0,
    0x0, 0x0, 0x0, 0x2, 0xff, 0xff, 0xff, 0x40,
    0x0, 0x0, 0x0, 0x0, 0x0, 0x0, 0x0, 0x0,
    0x0, 0xdf, 0xff, 0xff, 0x30, 0x0, 0x0, 0x0,
    0x0, 0x0, 0x0, 0x0, 0x0, 0xa, 0xff, 0xff,
    0xff, 0xd1, 0x0, 0x0, 0x0, 0x0, 0x0, 0x0,
    0x0, 0x0, 0x7f, 0xff, 0xff, 0xff, 0xfb, 0x0,
    0x0, 0x0, 0x0, 0x0, 0x0, 0x0, 0x3, 0xff,
    0xff, 0xdd, 0xff, 0xff, 0x70, 0x0, 0x0, 0x0,
    0x0, 0x0, 0x0, 0x1e, 0xff, 0xff, 0x32, 0xff,
    0xff, 0xf4, 0x0, 0x0, 0x0, 0x0, 0x0, 0x0,
    0xcf, 0xff, 0xf7, 0x0, 0x6f, 0xff, 0xfe, 0x10,
    0x0, 0x0, 0x0, 0x0, 0x8, 0xff, 0xff, 0xb0,
    0x0, 0xa, 0xff, 0xff, 0xc0, 0x0, 0x0, 0x0,
    0x0, 0x5f, 0xff, 0xfe, 0x10, 0x0, 0x0, 0xdf,
    0xff, 0xf9, 0x0, 0x0, 0x0, 0x2, 0xff, 0xff,
    0xf3, 0x0, 0x0, 0x0, 0x3f, 0xff, 0xff, 0x50,
    0x0, 0x0, 0xd, 0xff, 0xff, 0x70, 0x0, 0x0,
    0x0, 0x6, 0xff, 0xff, 0xf2, 0x0, 0x0, 0xaf,
    0xff, 0xfb, 0x0, 0x0, 0x0, 0x0, 0x0, 0xbf,
    0xff, 0xfd, 0x0, 0x6, 0xff, 0xff, 0xe1, 0x0,
    0x0, 0x0, 0x0, 0x0, 0x1e, 0xff, 0xff, 0xa0,
    0x3f, 0xff, 0xff, 0x40, 0x0, 0x0, 0x0, 0x0,
    0x0, 0x3, 0xff, 0xff, 0xf6,

    /* U+0059 "Y" */
    0xaf, 0xff, 0xfc, 0x0, 0x0, 0x0, 0x0, 0x0,
    0x0, 0x9, 0xff, 0xff, 0xb0, 0x1e, 0xff, 0xff,
    0x60, 0x0, 0x0, 0x0, 0x0, 0x0, 0x3f, 0xff,
    0xfe, 0x10, 0x3, 0xff, 0xff, 0xf2, 0x0, 0x0,
    0x0, 0x0, 0x0, 0xdf, 0xff, 0xf5, 0x0, 0x0,
    0x8f, 0xff, 0xfc, 0x0, 0x0, 0x0, 0x0, 0x9,
    0xff, 0xff, 0x90, 0x0, 0x0, 0xc, 0xff, 0xff,
    0x70, 0x0, 0x0, 0x0, 0x4f, 0xff, 0xfd, 0x0,
    0x0, 0x0, 0x2, 0xff, 0xff, 0xf2, 0x0, 0x0,
    0x0, 0xdf, 0xff, 0xf3, 0x0, 0x0, 0x0, 0x0,
    0x6f, 0xff, 0xfc, 0x0, 0x0, 0x9, 0xff, 0xff,
    0x80, 0x0, 0x0, 0x0, 0x0, 0xb, 0xff, 0xff,
    0x70, 0x0, 0x4f, 0xff, 0xfc, 0x0, 0x0, 0x0,
    0x0, 0x0, 0x1, 0xef, 0xff, 0xf2, 0x0, 0xdf,
    0xff, 0xf2, 0x0, 0x0, 0x0, 0x0, 0x0, 0x0,
    0x4f, 0xff, 0xfc, 0x9, 0xff, 0xff, 0x60, 0x0,
    0x0, 0x0, 0x0, 0x0, 0x0, 0x9, 0xff, 0xff,
    0xaf, 0xff, 0xfa, 0x0, 0x0, 0x0, 0x0, 0x0,
    0x0, 0x0, 0x0, 0xdf, 0xff, 0xff, 0xff, 0xe1,
    0x0, 0x0, 0x0, 0x0, 0x0, 0x0, 0x0, 0x0,
    0x3f, 0xff, 0xff, 0xff, 0x40, 0x0, 0x0, 0x0,
    0x0, 0x0, 0x0, 0x0, 0x0, 0x7, 0xff, 0xff,
    0xf8, 0x0, 0x0, 0x0, 0x0, 0x0, 0x0, 0x0,
    0x0, 0x0, 0x0, 0xdf, 0xff, 0xe0, 0x0, 0x0,
    0x0, 0x0, 0x0, 0x0, 0x0, 0x0, 0x0, 0x0,
    0xcf, 0xff, 0xd0, 0x0, 0x0, 0x0, 0x0, 0x0,
    0x0, 0x0, 0x0, 0x0, 0x0, 0xcf, 0xff, 0xd0,
    0x0, 0x0, 0x0, 0x0, 0x0, 0x0, 0x0, 0x0,
    0x0, 0x0, 0xcf, 0xff, 0xd0, 0x0, 0x0, 0x0,
    0x0, 0x0, 0x0, 0x0, 0x0, 0x0, 0x0, 0xcf,
    0xff, 0xd0, 0x0, 0x0, 0x0, 0x0, 0x0, 0x0,
    0x0, 0x0, 0x0, 0x0, 0xcf, 0xff, 0xd0, 0x0,
    0x0, 0x0, 0x0, 0x0, 0x0, 0x0, 0x0, 0x0,
    0x0, 0xcf, 0xff, 0xd0, 0x0, 0x0, 0x0, 0x0,
    0x0, 0x0, 0x0, 0x0, 0x0, 0x0, 0xcf, 0xff,
    0xd0, 0x0, 0x0, 0x0, 0x0, 0x0, 0x0, 0x0,
    0x0, 0x0, 0x0, 0xcf, 0xff, 0xd0, 0x0, 0x0,
    0x0, 0x0, 0x0, 0x0, 0x0, 0x0, 0x0, 0x0,
    0xcf, 0xff, 0xd0, 0x0, 0x0, 0x0, 0x0, 0x0,
    0x0, 0x0, 0x0, 0x0, 0x0, 0xcf, 0xff, 0xd0,
    0x0, 0x0, 0x0, 0x0, 0x0,

    /* U+005A "Z" */
    0x6f, 0xff, 0xff, 0xff, 0xff, 0xff, 0xff, 0xff,
    0xff, 0xff, 0xff, 0x46, 0xff, 0xff, 0xff, 0xff,
    0xff, 0xff, 0xff, 0xff, 0xff, 0xff, 0xf4, 0x6f,
    0xff, 0xff, 0xff, 0xff, 0xff, 0xff, 0xff, 0xff,
    0xff, 0xff, 0x45, 0xcc, 0xcc, 0xcc, 0xcc, 0xcc,
    0xcc, 0xcc, 0xcf, 0xff, 0xff, 0xe1, 0x0, 0x0,
    0x0, 0x0, 0x0, 0x0, 0x0, 0x9, 0xff, 0xff,
    0xf3, 0x0, 0x0, 0x0, 0x0, 0x0, 0x0, 0x0,
    0x8, 0xff, 0xff, 0xf4, 0x0, 0x0, 0x0, 0x0,
    0x0, 0x0, 0x0, 0x6, 0xff, 0xff, 0xf6, 0x0,
    0x0, 0x0, 0x0, 0x0, 0x0, 0x0, 0x4, 0xff,
    0xff, 0xf7, 0x0, 0x0, 0x0, 0x0, 0x0, 0x0,
    0x0, 0x3, 0xff, 0xff, 0xf9, 0x0, 0x0, 0x0,
    0x0, 0x0, 0x0, 0x0, 0x2, 0xef, 0xff, 0xfa,
    0x0, 0x0, 0x0, 0x0, 0x0, 0x0, 0x0, 0x1,
    0xef, 0xff, 0xfb, 0x0, 0x0, 0x0, 0x0, 0x0,
    0x0, 0x0, 0x0, 0xdf, 0xff, 0xfc, 0x0, 0x0,
    0x0, 0x0, 0x0, 0x0, 0x0, 0x0, 0xbf, 0xff,
    0xfd, 0x10, 0x0, 0x0, 0x0, 0x0, 0x0, 0x0,
    0x0, 0xaf, 0xff, 0xfe, 0x20, 0x0, 0x0, 0x0,
    0x0, 0x0, 0x0, 0x0, 0x9f, 0xff, 0xff, 0x30,
    0x0, 0x0, 0x0, 0x0, 0x0, 0x0, 0x0, 0x7f,
    0xff, 0xff, 0x40, 0x0, 0x0, 0x0, 0x0, 0x0,
    0x0, 0x0, 0x5f, 0xff, 0xff, 0x50, 0x0, 0x0,
    0x0, 0x0, 0x0, 0x0, 0x0, 0x4f, 0xff, 0xff,
    0x70, 0x0, 0x0, 0x0, 0x0, 0x0, 0x0, 0x0,
    0x3f, 0xff, 0xff, 0x80, 0x0, 0x0, 0x0, 0x0,
    0x0, 0x0, 0x0, 0x2e, 0xff, 0xff, 0xa0, 0x0,
    0x0, 0x0, 0x0, 0x0, 0x0, 0x0, 0x1d, 0xff,
    0xff, 0xb0, 0x0, 0x0, 0x0, 0x0, 0x0, 0x0,
    0x0, 0xc, 0xff, 0xff, 0xfc, 0xcc, 0xcc, 0xcc,
    0xcc, 0xcc, 0xcc, 0xcc, 0xca, 0xff, 0xff, 0xff,
    0xff, 0xff, 0xff, 0xff, 0xff, 0xff, 0xff, 0xff,
    0xef, 0xff, 0xff, 0xff, 0xff, 0xff, 0xff, 0xff,
    0xff, 0xff, 0xff, 0xfe, 0xff, 0xff, 0xff, 0xff,
    0xff, 0xff, 0xff, 0xff, 0xff, 0xff, 0xff, 0xe0,

    /* U+005B "[" */
    0x29, 0x99, 0x99, 0x99, 0x99, 0x94, 0x4f, 0xff,
    0xff, 0xff, 0xff, 0xf6, 0x4f, 0xff, 0xff, 0xff,
    0xff, 0xf6, 0x4f, 0xff, 0xff, 0xff, 0xff, 0xf6,
    0x4f, 0xff, 0xf0, 0x0, 0x0, 0x0, 0x4f, 0xff,
    0xf0, 0x0, 0x0, 0x0, 0x4f, 0xff, 0xf0, 0x0,
    0x0, 0x0, 0x4f, 0xff, 0xf0, 0x0, 0x0, 0x0,
    0x4f, 0xff, 0xf0, 0x0, 0x0, 0x0, 0x4f, 0xff,
    0xf0, 0x0, 0x0, 0x0, 0x4f, 0xff, 0xf0, 0x0,
    0x0, 0x0, 0x4f, 0xff, 0xf0, 0x0, 0x0, 0x0,
    0x4f, 0xff, 0xf0, 0x0, 0x0, 0x0, 0x4f, 0xff,
    0xf0, 0x0, 0x0, 0x0, 0x4f, 0xff, 0xf0, 0x0,
    0x0, 0x0, 0x4f, 0xff, 0xf0, 0x0, 0x0, 0x0,
    0x4f, 0xff, 0xf0, 0x0, 0x0, 0x0, 0x4f, 0xff,
    0xf0, 0x0, 0x0, 0x0, 0x4f, 0xff, 0xf0, 0x0,
    0x0, 0x0, 0x4f, 0xff, 0xf0, 0x0, 0x0, 0x0,
    0x4f, 0xff, 0xf0, 0x0, 0x0, 0x0, 0x4f, 0xff,
    0xf0, 0x0, 0x0, 0x0, 0x4f, 0xff, 0xf0, 0x0,
    0x0, 0x0, 0x4f, 0xff, 0xf0, 0x0, 0x0, 0x0,
    0x4f, 0xff, 0xf0, 0x0, 0x0, 0x0, 0x4f, 0xff,
    0xf0, 0x0, 0x0, 0x0, 0x4f, 0xff, 0xf0, 0x0,
    0x0, 0x0, 0x4f, 0xff, 0xf0, 0x0, 0x0, 0x0,
    0x4f, 0xff, 0xf0, 0x0, 0x0, 0x0, 0x4f, 0xff,
    0xf0, 0x0, 0x0, 0x0, 0x4f, 0xff, 0xf9, 0x99,
    0x99, 0x94, 0x4f, 0xff, 0xff, 0xff, 0xff, 0xf6,
    0x4f, 0xff, 0xff, 0xff, 0xff, 0xf6, 0x4f, 0xff,
    0xff, 0xff, 0xff, 0xf6,

    /* U+005C "\\" */
    0x58, 0x88, 0x20, 0x0, 0x0, 0x0, 0x0, 0x7,
    0xff, 0xf8, 0x0, 0x0, 0x0, 0x0, 0x0, 0x2f,
    0xff, 0xd0, 0x0, 0x0, 0x0, 0x0, 0x0, 0xdf,
    0xff, 0x30, 0x0, 0x0, 0x0, 0x0, 0x8, 0xff,
    0xf8, 0x0, 0x0, 0x0, 0x0, 0x0, 0x3f, 0xff,
    0xd0, 0x0, 0x0, 0x0, 0x0, 0x0, 0xdf, 0xff,
    0x20, 0x0, 0x0, 0x0, 0x0, 0x8, 0xff, 0xf7,
    0x0, 0x0, 0x0, 0x0, 0x0, 0x3f, 0xff, 0xc0,
    0x0, 0x0, 0x0, 0x0, 0x0, 0xef, 0xff, 0x20,
    0x0, 0x0, 0x0, 0x0, 0x9, 0xff, 0xf7, 0x0,
    0x0, 0x0, 0x0, 0x0, 0x4f, 0xff, 0xc0, 0x0,
    0x0, 0x0, 0x0, 0x0, 0xef, 0xff, 0x10, 0x0,
    0x0, 0x0, 0x0, 0x9, 0xff, 0xf6, 0x0, 0x0,
    0x0, 0x0, 0x0, 0x4f, 0xff, 0xb0, 0x0, 0x0,
    0x0, 0x0, 0x0, 0xff, 0xff, 0x10, 0x0, 0x0,
    0x0, 0x0, 0xa, 0xff, 0xf6, 0x0, 0x0, 0x0,
    0x0, 0x0, 0x5f, 0xff, 0xb0, 0x0, 0x0, 0x0,
    0x0, 0x0, 0xff, 0xff, 0x0, 0x0, 0x0, 0x0,
    0x0, 0xb, 0xff, 0xf5, 0x0, 0x0, 0x0, 0x0,
    0x0, 0x5f, 0xff, 0xa0, 0x0, 0x0, 0x0, 0x0,
    0x1, 0xff, 0xff, 0x0, 0x0, 0x0, 0x0, 0x0,
    0xb, 0xff, 0xf4, 0x0, 0x0, 0x0, 0x0, 0x0,
    0x6f, 0xff, 0xa0, 0x0, 0x0, 0x0, 0x0, 0x1,
    0xff, 0xfe, 0x0, 0x0, 0x0, 0x0, 0x0, 0xc,
    0xff, 0xf4, 0x0, 0x0, 0x0, 0x0, 0x0, 0x7f,
    0xff, 0x90, 0x0, 0x0, 0x0, 0x0, 0x1, 0xff,
    0xfe, 0x0, 0x0, 0x0, 0x0, 0x0, 0xc, 0xff,
    0xf3, 0x0, 0x0, 0x0, 0x0, 0x0, 0x7f, 0xff,
    0x80, 0x0, 0x0, 0x0, 0x0, 0x2, 0xff, 0xfd,
    0x0, 0x0, 0x0, 0x0, 0x0, 0xd, 0xff, 0xf3,
    0x0, 0x0, 0x0, 0x0, 0x0, 0x8f, 0xff, 0x80,
    0x0, 0x0, 0x0, 0x0, 0x3, 0xff, 0xfd,

    /* U+005D "]" */
    0x19, 0x99, 0x99, 0x99, 0x99, 0x94, 0x3f, 0xff,
    0xff, 0xff, 0xff, 0xf7, 0x3f, 0xff, 0xff, 0xff,
    0xff, 0xf7, 0x3f, 0xff, 0xff, 0xff, 0xff, 0xf7,
    0x0, 0x0, 0x0, 0xc, 0xff, 0xf7, 0x0, 0x0,
    0x0, 0xc, 0xff, 0xf7, 0x0, 0x0, 0x0, 0xc,
    0xff, 0xf7, 0x0, 0x0, 0x0, 0xc, 0xff, 0xf7,
    0x0, 0x0, 0x0, 0xc, 0xff, 0xf7, 0x0, 0x0,
    0x0, 0xc, 0xff, 0xf7, 0x0, 0x0, 0x0, 0xc,
    0xff, 0xf7, 0x0, 0x0, 0x0, 0xc, 0xff, 0xf7,
    0x0, 0x0, 0x0, 0xc, 0xff, 0xf7, 0x0, 0x0,
    0x0, 0xc, 0xff, 0xf7, 0x0, 0x0, 0x0, 0xc,
    0xff, 0xf7, 0x0, 0x0, 0x0, 0xc, 0xff, 0xf7,
    0x0, 0x0, 0x0, 0xc, 0xff, 0xf7, 0x0, 0x0,
    0x0, 0xc, 0xff, 0xf7, 0x0, 0x0, 0x0, 0xc,
    0xff, 0xf7, 0x0, 0x0, 0x0, 0xc, 0xff, 0xf7,
    0x0, 0x0, 0x0, 0xc, 0xff, 0xf7, 0x0, 0x0,
    0x0, 0xc, 0xff, 0xf7, 0x0, 0x0, 0x0, 0xc,
    0xff, 0xf7, 0x0, 0x0, 0x0, 0xc, 0xff, 0xf7,
    0x0, 0x0, 0x0, 0xc, 0xff, 0xf7, 0x0, 0x0,
    0x0, 0xc, 0xff, 0xf7, 0x0, 0x0, 0x0, 0xc,
    0xff, 0xf7, 0x0, 0x0, 0x0, 0xc, 0xff, 0xf7,
    0x0, 0x0, 0x0, 0xc, 0xff, 0xf7, 0x0, 0x0,
    0x0, 0xc, 0xff, 0xf7, 0x19, 0x99, 0x99, 0x9e,
    0xff, 0xf7, 0x3f, 0xff, 0xff, 0xff, 0xff, 0xf7,
    0x3f, 0xff, 0xff, 0xff, 0xff, 0xf7, 0x3f, 0xff,
    0xff, 0xff, 0xff, 0xf7,

    /* U+005E "^" */
    0x0, 0x0, 0x2f, 0xff, 0xfb, 0x0, 0x0, 0x0,
    0x0, 0xb, 0xff, 0xff, 0xf4, 0x0, 0x0, 0x0,
    0x4, 0xff, 0xff, 0xff, 0xd0, 0x0, 0x0, 0x0,
    0xdf, 0xfe, 0x6f, 0xff, 0x60, 0x0, 0x0, 0x6f,
    0xff, 0x60, 0xdf, 0xfe, 0x0, 0x0, 0x1e, 0xff,
    0xd0, 0x4, 0xff, 0xf8, 0x0, 0x9, 0xff, 0xf5,
    0x0, 0xc, 0xff, 0xf2, 0x2, 0xff, 0xfc, 0x0,
    0x0, 0x3f, 0xff, 0xb0, 0xbf, 0xff, 0x40, 0x0,
    0x0, 0xbf, 0xff, 0x40,

    /* U+005F "_" */
    0xc, 0xcc, 0xcc, 0xcc, 0xcc, 0xcc, 0xcc, 0xcc,
    0xcc, 0xc9, 0x1f, 0xff, 0xff, 0xff, 0xff, 0xff,
    0xff, 0xff, 0xff, 0xfc, 0x1f, 0xff, 0xff, 0xff,
    0xff, 0xff, 0xff, 0xff, 0xff, 0xfc, 0x1f, 0xff,
    0xff, 0xff, 0xff, 0xff, 0xff, 0xff, 0xff, 0xfc,

    /* U+0060 "`" */
    0x6, 0x20, 0x0, 0x0, 0x1, 0xff, 0x91, 0x0,
    0x0, 0x9f, 0xff, 0xf7, 0x0, 0x3, 0xaf, 0xff,
    0xfe, 0x60, 0x0, 0x18, 0xff, 0xfc, 0x0, 0x0,
    0x0, 0x7d, 0x40, 0x0, 0x0, 0x0, 0x0, 0x0,

    /* U+0061 "a" */
    0x0, 0x0, 0x0, 0x4, 0x67, 0x75, 0x20, 0x0,
    0x0, 0x0, 0x0, 0x4b, 0xff, 0xff, 0xff, 0xfc,
    0x40, 0x0, 0x0, 0x1b, 0xff, 0xff, 0xff, 0xff,
    0xff, 0xf6, 0x0, 0x0, 0xbf, 0xff, 0xff, 0xff,
    0xff, 0xff, 0xff, 0x40, 0x0, 0x3f, 0xff, 0xb4,
    0x0, 0x17, 0xff, 0xff, 0xd0, 0x0, 0x9, 0xf5,
    0x0, 0x0, 0x0, 0x7f, 0xff, 0xf3, 0x0, 0x1,
    0x30, 0x0, 0x0, 0x0, 0xe, 0xff, 0xf7, 0x0,
    0x0, 0x0, 0x0, 0x0, 0x0, 0xb, 0xff, 0xf9,
    0x0, 0x0, 0x0, 0x0, 0x0, 0x0, 0x9, 0xff,
    0xfa, 0x0, 0x1, 0x6a, 0xde, 0xff, 0xff, 0xff,
    0xff, 0xfa, 0x0, 0x6f, 0xff, 0xff, 0xff, 0xff,
    0xff, 0xff, 0xfa, 0x6, 0xff, 0xff, 0xff, 0xff,
    0xff, 0xff, 0xff, 0xfa, 0xf, 0xff, 0xfc, 0x40,
    0x0, 0x0, 0x9, 0xff, 0xfa, 0x3f, 0xff, 0xf0,
    0x0, 0x0, 0x0, 0xe, 0xff, 0xfa, 0x4f, 0xff,
    0xf0, 0x0, 0x0, 0x0, 0x8f, 0xff, 0xfa, 0x2f,
    0xff, 0xf8, 0x0, 0x0, 0x19, 0xff, 0xff, 0xfa,
    0xc, 0xff, 0xff, 0xeb, 0xac, 0xff, 0xff, 0xff,
    0xfa, 0x2, 0xef, 0xff, 0xff, 0xff, 0xff, 0xc8,
    0xff, 0xfa, 0x0, 0x1a, 0xff, 0xff, 0xff, 0xe7,
    0x6, 0xff, 0xfa, 0x0, 0x0, 0x15, 0x77, 0x63,
    0x0, 0x0, 0x0, 0x0,

    /* U+0062 "b" */
    0x6f, 0xff, 0xf0, 0x0, 0x0, 0x0, 0x0, 0x0,
    0x0, 0x0, 0x6f, 0xff, 0xf0, 0x0, 0x0, 0x0,
    0x0, 0x0, 0x0, 0x0, 0x6f, 0xff, 0xf0, 0x0,
    0x0, 0x0, 0x0, 0x0, 0x0, 0x0, 0x6f, 0xff,
    0xf0, 0x0, 0x0, 0x0, 0x0, 0x0, 0x0, 0x0,
    0x6f, 0xff, 0xf0, 0x0, 0x0, 0x0, 0x0, 0x0,
    0x0, 0x0, 0x6f, 0xff, 0xf0, 0x0, 0x0, 0x0,
    0x0, 0x0, 0x0, 0x0, 0x6f, 0xff, 0xf0, 0x0,
    0x26, 0x76, 0x40, 0x0, 0x0, 0x0, 0x6f, 0xff,
    0xf0, 0x5d, 0xff, 0xff, 0xff, 0xa1, 0x0, 0x0,
    0x6f, 0xff, 0xfa, 0xff, 0xff, 0xff, 0xff, 0xff,
    0x40, 0x0, 0x6f, 0xff, 0xff, 0xff, 0xff, 0xff,
    0xff, 0xff, 0xf4, 0x0, 0x6f, 0xff, 0xff, 0xfd,
    0x62, 0x25, 0xcf, 0xff, 0xfe, 0x10, 0x6f, 0xff,
    0xff, 0xa0, 0x0, 0x0, 0x9, 0xff, 0xff, 0x80,
    0x6f, 0xff, 0xfc, 0x0, 0x0, 0x0, 0x0, 0xcf,
    0xff, 0xe0, 0x6f, 0xff, 0xf4, 0x0, 0x0, 0x0,
    0x0, 0x4f, 0xff, 0xf3, 0x6f, 0xff, 0xf0, 0x0,
    0x0, 0x0, 0x0, 0xf, 0xff, 0xf5, 0x6f, 0xff,
    0xd0, 0x0, 0x0, 0x0, 0x0, 0xe, 0xff, 0xf7,
    0x6f, 0xff, 0xd0, 0x0, 0x0, 0x0, 0x0, 0xe,
    0xff, 0xf6, 0x6f, 0xff, 0xf0, 0x0, 0x0, 0x0,
    0x0, 0xf, 0xff, 0xf5, 0x6f, 0xff, 0xf4, 0x0,
    0x0, 0x0, 0x0, 0x4f, 0xff, 0xf2, 0x6f, 0xff,
    0xfc, 0x0, 0x0, 0x0, 0x0, 0xcf, 0xff, 0xe0,
    0x6f, 0xff, 0xff, 0x90, 0x0, 0x0, 0x9, 0xff,
    0xff, 0x70, 0x6f, 0xff, 0xff, 0xfc, 0x62, 0x35,
    0xcf, 0xff, 0xfd, 0x0, 0x6f, 0xff, 0xff, 0xff,
    0xff, 0xff, 0xff, 0xff, 0xf3, 0x0, 0x6f, 0xff,
    0xda, 0xff, 0xff, 0xff, 0xff, 0xfe, 0x30, 0x0,
    0x6f, 0xff, 0xc0, 0x6e, 0xff, 0xff, 0xff, 0x91,
    0x0, 0x0, 0x0, 0x0, 0x0, 0x0, 0x36, 0x76,
    0x40, 0x0, 0x0, 0x0,

    /* U+0063 "c" */
    0x0, 0x0, 0x0, 0x0, 0x46, 0x76, 0x41, 0x0,
    0x0, 0x0, 0x0, 0x0, 0x2a, 0xff, 0xff, 0xff,
    0xfa, 0x20, 0x0, 0x0, 0x0, 0x7f, 0xff, 0xff,
    0xff, 0xff, 0xff, 0x50, 0x0, 0x0, 0x8f, 0xff,
    0xff, 0xff, 0xff, 0xff, 0xff, 0x40, 0x0, 0x5f,
    0xff, 0xff, 0x83, 0x24, 0xaf, 0xff, 0xfd, 0x0,
    0xe, 0xff, 0xfe, 0x20, 0x0, 0x0, 0x5f, 0xff,
    0xe2, 0x6, 0xff, 0xff, 0x30, 0x0, 0x0, 0x0,
    0x9f, 0x70, 0x0, 0xbf, 0xff, 0xb0, 0x0, 0x0,
    0x0, 0x1, 0x10, 0x0, 0xe, 0xff, 0xf7, 0x0,
    0x0, 0x0, 0x0, 0x0, 0x0, 0x0, 0xff, 0xff,
    0x50, 0x0, 0x0, 0x0, 0x0, 0x0, 0x0, 0xf,
    0xff, 0xf5, 0x0, 0x0, 0x0, 0x0, 0x0, 0x0,
    0x0, 0xff, 0xff, 0x70, 0x0, 0x0, 0x0, 0x0,
    0x0, 0x0, 0xc, 0xff, 0xfb, 0x0, 0x0, 0x0,
    0x0, 0x1, 0x0, 0x0, 0x8f, 0xff, 0xf4, 0x0,
    0x0, 0x0, 0x4, 0xf9, 0x10, 0x2, 0xff, 0xff,
    0xe2, 0x0, 0x0, 0x3, 0xef, 0xff, 0x40, 0x9,
    0xff, 0xff, 0xf8, 0x42, 0x49, 0xff, 0xff, 0xf1,
    0x0, 0xc, 0xff, 0xff, 0xff, 0xff, 0xff, 0xff,
    0xf5, 0x0, 0x0, 0xb, 0xff, 0xff, 0xff, 0xff,
    0xff, 0xf5, 0x0, 0x0, 0x0, 0x5, 0xdf, 0xff,
    0xff, 0xff, 0x91, 0x0, 0x0, 0x0, 0x0, 0x0,
    0x15, 0x77, 0x64, 0x0, 0x0, 0x0,

    /* U+0064 "d" */
    0x0, 0x0, 0x0, 0x0, 0x0, 0x0, 0x0, 0x7,
    0xff, 0xfd, 0x0, 0x0, 0x0, 0x0, 0x0, 0x0,
    0x0, 0x7, 0xff, 0xfd, 0x0, 0x0, 0x0, 0x0,
    0x0, 0x0, 0x0, 0x7, 0xff, 0xfd, 0x0, 0x0,
    0x0, 0x0, 0x0, 0x0, 0x0, 0x7, 0xff, 0xfd,
    0x0, 0x0, 0x0, 0x0, 0x0, 0x0, 0x0, 0x7,
    0xff, 0xfd, 0x0, 0x0, 0x0, 0x0, 0x0, 0x0,
    0x0, 0x7, 0xff, 0xfd, 0x0, 0x0, 0x0, 0x2,
    0x57, 0x75, 0x10, 0x7, 0xff, 0xfd, 0x0, 0x0,
    0x4, 0xdf, 0xff, 0xff, 0xfa, 0x27, 0xff, 0xfd,
    0x0, 0x0, 0xaf, 0xff, 0xff, 0xff, 0xff, 0xfc,
    0xff, 0xfd, 0x0, 0xb, 0xff, 0xff, 0xff, 0xff,
    0xff, 0xff, 0xff, 0xfd, 0x0, 0x7f, 0xff, 0xff,
    0x84, 0x24, 0x9f, 0xff, 0xff, 0xfd, 0x1, 0xff,
    0xff, 0xe2, 0x0, 0x0, 0x4, 0xff, 0xff, 0xfd,
    0x7, 0xff, 0xff, 0x30, 0x0, 0x0, 0x0, 0x5f,
    0xff, 0xfd, 0xb, 0xff, 0xfb, 0x0, 0x0, 0x0,
    0x0, 0xd, 0xff, 0xfd, 0xf, 0xff, 0xf7, 0x0,
    0x0, 0x0, 0x0, 0x8, 0xff, 0xfd, 0xf, 0xff,
    0xf5, 0x0, 0x0, 0x0, 0x0, 0x6, 0xff, 0xfd,
    0xf, 0xff, 0xf5, 0x0, 0x0, 0x0, 0x0, 0x6,
    0xff, 0xfd, 0xf, 0xff, 0xf7, 0x0, 0x0, 0x0,
    0x0, 0x8, 0xff, 0xfd, 0xc, 0xff, 0xfb, 0x0,
    0x0, 0x0, 0x0, 0xd, 0xff, 0xfd, 0x8, 0xff,
    0xff, 0x30, 0x0, 0x0, 0x0, 0x6f, 0xff, 0xfd,
    0x2, 0xff, 0xff, 0xd1, 0x0, 0x0, 0x4, 0xff,
    0xff, 0xfd, 0x0, 0x9f, 0xff, 0xff, 0x83, 0x24,
    0xaf, 0xff, 0xff, 0xfd, 0x0, 0xd, 0xff, 0xff,
    0xff, 0xff, 0xff, 0xff, 0xff, 0xfd, 0x0, 0x1,
    0xcf, 0xff, 0xff, 0xff, 0xff, 0xc7, 0xff, 0xfd,
    0x0, 0x0, 0x7, 0xef, 0xff, 0xff, 0xe7, 0x6,
    0xff, 0xfd, 0x0, 0x0, 0x0, 0x3, 0x67, 0x64,
    0x0, 0x0, 0x0, 0x0,

    /* U+0065 "e" */
    0x0, 0x0, 0x0, 0x1, 0x56, 0x76, 0x30, 0x0,
    0x0, 0x0, 0x0, 0x0, 0x3, 0xcf, 0xff, 0xff,
    0xfe, 0x70, 0x0, 0x0, 0x0, 0x0, 0x8f, 0xff,
    0xff, 0xff, 0xff, 0xfc, 0x10, 0x0, 0x0, 0x9,
    0xff, 0xff, 0xff, 0xef, 0xff, 0xff, 0xc0, 0x0,
    0x0, 0x6f, 0xff, 0xfd, 0x40, 0x1, 0xaf, 0xff,
    0xf9, 0x0, 0x1, 0xef, 0xff, 0xd0, 0x0, 0x0,
    0x9, 0xff, 0xff, 0x10, 0x7, 0xff, 0xff, 0x30,
    0x0, 0x0, 0x0, 0xef, 0xff, 0x70, 0xb, 0xff,
    0xfc, 0x0, 0x0, 0x0, 0x0, 0x9f, 0xff, 0xb0,
    0xe, 0xff, 0xf7, 0x0, 0x0, 0x0, 0x0, 0x5f,
    0xff, 0xe0, 0xf, 0xff, 0xff, 0xff, 0xff, 0xff,
    0xff, 0xff, 0xff, 0xf0, 0xf, 0xff, 0xff, 0xff,
    0xff, 0xff, 0xff, 0xff, 0xff, 0xf0, 0xf, 0xff,
    0xff, 0xff, 0xff, 0xff, 0xff, 0xff, 0xff, 0xf0,
    0xc, 0xff, 0xf8, 0x0, 0x0, 0x0, 0x0, 0x0,
    0x0, 0x0, 0x7, 0xff, 0xfe, 0x0, 0x0, 0x0,
    0x0, 0x0, 0x0, 0x0, 0x1, 0xff, 0xff, 0xa0,
    0x0, 0x0, 0x0, 0x1b, 0xc1, 0x0, 0x0, 0x8f,
    0xff, 0xfd, 0x61, 0x0, 0x38, 0xff, 0xfd, 0x10,
    0x0, 0xb, 0xff, 0xff, 0xff, 0xff, 0xff, 0xff,
    0xfc, 0x0, 0x0, 0x0, 0xaf, 0xff, 0xff, 0xff,
    0xff, 0xff, 0xa0, 0x0, 0x0, 0x0, 0x4, 0xcf,
    0xff, 0xff, 0xff, 0xb4, 0x0, 0x0, 0x0, 0x0,
    0x0, 0x1, 0x56, 0x76, 0x41, 0x0, 0x0, 0x0,

    /* U+0066 "f" */
    0x0, 0x0, 0x6, 0xce, 0xff, 0xf2, 0x0, 0x0,
    0xcf, 0xff, 0xff, 0xf2, 0x0, 0x8, 0xff, 0xff,
    0xff, 0xf2, 0x0, 0xd, 0xff, 0xfe, 0x76, 0x60,
    0x0, 0xf, 0xff, 0xf6, 0x0, 0x0, 0x0, 0xf,
    0xff, 0xf5, 0x0, 0x0, 0x0, 0xf, 0xff, 0xf5,
    0x0, 0x0, 0x6f, 0xff, 0xff, 0xff, 0xff, 0xf2,
    0x6f, 0xff, 0xff, 0xff, 0xff, 0xf2, 0x6f, 0xff,
    0xff, 0xff, 0xff, 0xf2, 0x4b, 0xbf, 0xff, 0xfd,
    0xbb, 0xb1, 0x0, 0xf, 0xff, 0xf5, 0x0, 0x0,
    0x0, 0xf, 0xff, 0xf5, 0x0, 0x0, 0x0, 0xf,
    0xff, 0xf5, 0x0, 0x0, 0x0, 0xf, 0xff, 0xf5,
    0x0, 0x0, 0x0, 0xf, 0xff, 0xf5, 0x0, 0x0,
    0x0, 0xf, 0xff, 0xf5, 0x0, 0x0, 0x0, 0xf,
    0xff, 0xf5, 0x0, 0x0, 0x0, 0xf, 0xff, 0xf5,
    0x0, 0x0, 0x0, 0xf, 0xff, 0xf5, 0x0, 0x0,
    0x0, 0xf, 0xff, 0xf5, 0x0, 0x0, 0x0, 0xf,
    0xff, 0xf5, 0x0, 0x0, 0x0, 0xf, 0xff, 0xf5,
    0x0, 0x0, 0x0, 0xf, 0xff, 0xf5, 0x0, 0x0,
    0x0, 0xf, 0xff, 0xf5, 0x0, 0x0,

    /* U+0067 "g" */
    0x0, 0x0, 0x0, 0x3, 0x67, 0x64, 0x0, 0x0,
    0x0, 0x0, 0x0, 0x0, 0x6, 0xef, 0xff, 0xff,
    0xf9, 0x16, 0xff, 0xfc, 0x0, 0x1, 0xcf, 0xff,
    0xff, 0xff, 0xff, 0xe8, 0xff, 0xfc, 0x0, 0xd,
    0xff, 0xff, 0xff, 0xff, 0xff, 0xff, 0xff, 0xfc,
    0x0, 0x9f, 0xff, 0xfe, 0x83, 0x24, 0xaf, 0xff,
    0xff, 0xfc, 0x2, 0xff, 0xff, 0xd1, 0x0, 0x0,
    0x4, 0xff, 0xff, 0xfc, 0x8, 0xff, 0xff, 0x20,
    0x0, 0x0, 0x0, 0x5f, 0xff, 0xfc, 0xd, 0xff,
    0xfa, 0x0, 0x0, 0x0, 0x0, 0xd, 0xff, 0xfc,
    0xf, 0xff, 0xf6, 0x0, 0x0, 0x0, 0x0, 0x8,
    0xff, 0xfc, 0x1f, 0xff, 0xf5, 0x0, 0x0, 0x0,
    0x0, 0x6, 0xff, 0xfc, 0xf, 0xff, 0xf5, 0x0,
    0x0, 0x0, 0x0, 0x6, 0xff, 0xfc, 0xf, 0xff,
    0xf8, 0x0, 0x0, 0x0, 0x0, 0xa, 0xff, 0xfc,
    0xc, 0xff, 0xfd, 0x0, 0x0, 0x0, 0x0, 0x1f,
    0xff, 0xfc, 0x7, 0xff, 0xff, 0x70, 0x0, 0x0,
    0x0, 0xaf, 0xff, 0xfc, 0x1, 0xff, 0xff, 0xf8,
    0x0, 0x0, 0x1b, 0xff, 0xff, 0xfc, 0x0, 0x6f,
    0xff, 0xff, 0xfb, 0xac, 0xff, 0xff, 0xff, 0xfc,
    0x0, 0x9, 0xff, 0xff, 0xff, 0xff, 0xff, 0xfe,
    0xff, 0xfc, 0x0, 0x0, 0x7f, 0xff, 0xff, 0xff,
    0xff, 0x68, 0xff, 0xfb, 0x0, 0x0, 0x1, 0x7c,
    0xef, 0xec, 0x71, 0xa, 0xff, 0xfa, 0x0, 0x0,
    0x0, 0x0, 0x0, 0x0, 0x0, 0x1e, 0xff, 0xf6,
    0x0, 0x0, 0x0, 0x0, 0x0, 0x0, 0x2, 0xcf,
    0xff, 0xf1, 0x0, 0x0, 0x5, 0x88, 0x88, 0x89,
    0xcf, 0xff, 0xff, 0x90, 0x0, 0x0, 0xb, 0xff,
    0xff, 0xff, 0xff, 0xff, 0xfc, 0x0, 0x0, 0x0,
    0xb, 0xff, 0xff, 0xff, 0xff, 0xff, 0x80, 0x0,
    0x0, 0x0, 0xb, 0xff, 0xff, 0xfe, 0xda, 0x61,
    0x0, 0x0,

    /* U+0068 "h" */
    0x6f, 0xff, 0xf0, 0x0, 0x0, 0x0, 0x0, 0x0,
    0x0, 0x6f, 0xff, 0xf0, 0x0, 0x0, 0x0, 0x0,
    0x0, 0x0, 0x6f, 0xff, 0xf0, 0x0, 0x0, 0x0,
    0x0, 0x0, 0x0, 0x6f, 0xff, 0xf0, 0x0, 0x0,
    0x0, 0x0, 0x0, 0x0, 0x6f, 0xff, 0xf0, 0x0,
    0x0, 0x0, 0x0, 0x0, 0x0, 0x6f, 0xff, 0xf0,
    0x0, 0x0, 0x0, 0x0, 0x0, 0x0, 0x6f, 0xff,
    0xf0, 0x0, 0x36, 0x76, 0x40, 0x0, 0x0, 0x6f,
    0xff, 0xf0, 0x6e, 0xff, 0xff, 0xff, 0x80, 0x0,
    0x6f, 0xff, 0xfa, 0xff, 0xff, 0xff, 0xff, 0xfc,
    0x0, 0x6f, 0xff, 0xff, 0xff, 0xff, 0xff, 0xff,
    0xff, 0x90, 0x6f, 0xff, 0xff, 0xfa, 0x43, 0x5b,
    0xff, 0xff, 0xf2, 0x6f, 0xff, 0xff, 0x50, 0x0,
    0x0, 0x8f, 0xff, 0xf8, 0x6f, 0xff, 0xf9, 0x0,
    0x0, 0x0, 0xd, 0xff, 0xfb, 0x6f, 0xff, 0xf3,
    0x0, 0x0, 0x0, 0x8, 0xff, 0xfe, 0x6f, 0xff,
    0xf0, 0x0, 0x0, 0x0, 0x6, 0xff, 0xff, 0x6f,
    0xff, 0xf0, 0x0, 0x0, 0x0, 0x5, 0xff, 0xff,
    0x6f, 0xff, 0xf0, 0x0, 0x0, 0x0, 0x5, 0xff,
    0xff, 0x6f, 0xff, 0xf0, 0x0, 0x0, 0x0, 0x5,
    0xff, 0xff, 0x6f, 0xff, 0xf0, 0x0, 0x0, 0x0,
    0x5, 0xff, 0xff, 0x6f, 0xff, 0xf0, 0x0, 0x0,
    0x0, 0x5, 0xff, 0xff, 0x6f, 0xff, 0xf0, 0x0,
    0x0, 0x0, 0x5, 0xff, 0xff, 0x6f, 0xff, 0xf0,
    0x0, 0x0, 0x0, 0x5, 0xff, 0xff, 0x6f, 0xff,
    0xf0, 0x0, 0x0, 0x0, 0x5, 0xff, 0xff, 0x6f,
    0xff, 0xf0, 0x0, 0x0, 0x0, 0x5, 0xff, 0xff,
    0x6f, 0xff, 0xf0, 0x0, 0x0, 0x0, 0x5, 0xff,
    0xff,

    /* U+0069 "i" */
    0x4f, 0xff, 0xf5, 0x4f, 0xff, 0xf5, 0x4f, 0xff,
    0xf5, 0x4f, 0xff, 0xf5, 0x14, 0x44, 0x41, 0x0,
    0x0, 0x0, 0x0, 0x0, 0x0, 0x2f, 0xff, 0xf3,
    0x2f, 0xff, 0xf3, 0x2f, 0xff, 0xf3, 0x2f, 0xff,
    0xf3, 0x2f, 0xff, 0xf3, 0x2f, 0xff, 0xf3, 0x2f,
    0xff, 0xf3, 0x2f, 0xff, 0xf3, 0x2f, 0xff, 0xf3,
    0x2f, 0xff, 0xf3, 0x2f, 0xff, 0xf3, 0x2f, 0xff,
    0xf3, 0x2f, 0xff, 0xf3, 0x2f, 0xff, 0xf3, 0x2f,
    0xff, 0xf3, 0x2f, 0xff, 0xf3, 0x2f, 0xff, 0xf3,
    0x2f, 0xff, 0xf3,

    /* U+006A "j" */
    0x0, 0x3, 0xff, 0xff, 0x70, 0x0, 0x3f, 0xff,
    0xf7, 0x0, 0x3, 0xff, 0xff, 0x70, 0x0, 0x3f,
    0xff, 0xf7, 0x0, 0x0, 0x44, 0x44, 0x20, 0x0,
    0x0, 0x0, 0x0, 0x0, 0x0, 0x0, 0x0, 0x0,
    0x0, 0x1f, 0xff, 0xf4, 0x0, 0x1, 0xff, 0xff,
    0x40, 0x0, 0x1f, 0xff, 0xf4, 0x0, 0x1, 0xff,
    0xff, 0x40, 0x0, 0x1f, 0xff, 0xf4, 0x0, 0x1,
    0xff, 0xff, 0x40, 0x0, 0x1f, 0xff, 0xf4, 0x0,
    0x1, 0xff, 0xff, 0x40, 0x0, 0x1f, 0xff, 0xf4,
    0x0, 0x1, 0xff, 0xff, 0x40, 0x0, 0x1f, 0xff,
    0xf4, 0x0, 0x1, 0xff, 0xff, 0x40, 0x0, 0x1f,
    0xff, 0xf4, 0x0, 0x1, 0xff, 0xff, 0x40, 0x0,
    0x1f, 0xff, 0xf4, 0x0, 0x1, 0xff, 0xff, 0x40,
    0x0, 0x1f, 0xff, 0xf4, 0x0, 0x1, 0xff, 0xff,
    0x40, 0x0, 0x1f, 0xff, 0xf4, 0x0, 0x3, 0xff,
    0xff, 0x32, 0x57, 0xdf, 0xff, 0xf0, 0x8f, 0xff,
    0xff, 0xf9, 0x8, 0xff, 0xff, 0xfc, 0x0, 0x8f,
    0xff, 0xc7, 0x0, 0x0,

    /* U+006B "k" */
    0x6f, 0xff, 0xf0, 0x0, 0x0, 0x0, 0x0, 0x0,
    0x0, 0x6f, 0xff, 0xf0, 0x0, 0x0, 0x0, 0x0,
    0x0, 0x0, 0x6f, 0xff, 0xf0, 0x0, 0x0, 0x0,
    0x0, 0x0, 0x0, 0x6f, 0xff, 0xf0, 0x0, 0x0,
    0x0, 0x0, 0x0, 0x0, 0x6f, 0xff, 0xf0, 0x0,
    0x0, 0x0, 0x0, 0x0, 0x0, 0x6f, 0xff, 0xf0,
    0x0, 0x0, 0x0, 0x0, 0x0, 0x0, 0x6f, 0xff,
    0xf0, 0x0, 0x0, 0x0, 0x0, 0x0, 0x0, 0x6f,
    0xff, 0xf0, 0x0, 0x0, 0x7, 0xff, 0xff, 0xe2,
    0x6f, 0xff, 0xf0, 0x0, 0x0, 0x7f, 0xff, 0xfe,
    0x20, 0x6f, 0xff, 0xf0, 0x0, 0x6, 0xff, 0xff,
    0xd1, 0x0, 0x6f, 0xff, 0xf0, 0x0, 0x6f, 0xff,
    0xfd, 0x10, 0x0, 0x6f, 0xff, 0xf0, 0x6, 0xff,
    0xff, 0xd1, 0x0, 0x0, 0x6f, 0xff, 0xf0, 0x5f,
    0xff, 0xfd, 0x10, 0x0, 0x0, 0x6f, 0xff, 0xf5,
    0xff, 0xff, 0xc1, 0x0, 0x0, 0x0, 0x6f, 0xff,
    0xff, 0xff, 0xfc, 0x10, 0x0, 0x0, 0x0, 0x6f,
    0xff, 0xff, 0xff, 0xd0, 0x0, 0x0, 0x0, 0x0,
    0x6f, 0xff, 0xff, 0xff, 0xf5, 0x0, 0x0, 0x0,
    0x0, 0x6f, 0xff, 0xfd, 0xff, 0xff, 0x50, 0x0,
    0x0, 0x0, 0x6f, 0xff, 0xf2, 0xef, 0xff, 0xf5,
    0x0, 0x0, 0x0, 0x6f, 0xff, 0xf0, 0x2e, 0xff,
    0xff, 0x40, 0x0, 0x0, 0x6f, 0xff, 0xf0, 0x3,
    0xff, 0xff, 0xf4, 0x0, 0x0, 0x6f, 0xff, 0xf0,
    0x0, 0x4f, 0xff, 0xff, 0x30, 0x0, 0x6f, 0xff,
    0xf0, 0x0, 0x5, 0xff, 0xff, 0xf3, 0x0, 0x6f,
    0xff, 0xf0, 0x0, 0x0, 0x6f, 0xff, 0xfe, 0x30,
    0x6f, 0xff, 0xf0, 0x0, 0x0, 0x8, 0xff, 0xff,
    0xe2,

    /* U+006C "l" */
    0x2f, 0xff, 0xf3, 0x2f, 0xff, 0xf3, 0x2f, 0xff,
    0xf3, 0x2f, 0xff, 0xf3, 0x2f, 0xff, 0xf3, 0x2f,
    0xff, 0xf3, 0x2f, 0xff, 0xf3, 0x2f, 0xff, 0xf3,
    0x2f, 0xff, 0xf3, 0x2f, 0xff, 0xf3, 0x2f, 0xff,
    0xf3, 0x2f, 0xff, 0xf3, 0x2f, 0xff, 0xf3, 0x2f,
    0xff, 0xf3, 0x2f, 0xff, 0xf3, 0x2f, 0xff, 0xf3,
    0x2f, 0xff, 0xf3, 0x2f, 0xff, 0xf3, 0x2f, 0xff,
    0xf3, 0x2f, 0xff, 0xf3, 0x2f, 0xff, 0xf3, 0x2f,
    0xff, 0xf3, 0x2f, 0xff, 0xf3, 0x2f, 0xff, 0xf3,
    0x2f, 0xff, 0xf3,

    /* U+006D "m" */
    0x0, 0x0, 0x0, 0x1, 0x67, 0x64, 0x0, 0x0,
    0x0, 0x26, 0x76, 0x40, 0x0, 0x0, 0x6f, 0xff,
    0xc1, 0xaf, 0xff, 0xff, 0xe5, 0x0, 0x4d, 0xff,
    0xff, 0xff, 0x80, 0x0, 0x6f, 0xff, 0xed, 0xff,
    0xff, 0xff, 0xff, 0x87, 0xff, 0xff, 0xff, 0xff,
    0xfc, 0x0, 0x6f, 0xff, 0xff, 0xff, 0xff, 0xff,
    0xff, 0xff, 0xff, 0xff, 0xff, 0xff, 0xff, 0x90,
    0x6f, 0xff, 0xff, 0xd5, 0x34, 0xbf, 0xff, 0xff,
    0xff, 0x83, 0x38, 0xff, 0xff, 0xf1, 0x6f, 0xff,
    0xfd, 0x0, 0x0, 0xc, 0xff, 0xff, 0xf4, 0x0,
    0x0, 0x5f, 0xff, 0xf6, 0x6f, 0xff, 0xf4, 0x0,
    0x0, 0x4, 0xff, 0xff, 0xb0, 0x0, 0x0, 0xd,
    0xff, 0xfa, 0x6f, 0xff, 0xf1, 0x0, 0x0, 0x1,
    0xff, 0xff, 0x70, 0x0, 0x0, 0xa, 0xff, 0xfb,
    0x6f, 0xff, 0xf0, 0x0, 0x0, 0x0, 0xff, 0xff,
    0x50, 0x0, 0x0, 0x9, 0xff, 0xfb, 0x6f, 0xff,
    0xf0, 0x0, 0x0, 0x0, 0xff, 0xff, 0x50, 0x0,
    0x0, 0x9, 0xff, 0xfb, 0x6f, 0xff, 0xf0, 0x0,
    0x0, 0x0, 0xff, 0xff, 0x50, 0x0, 0x0, 0x9,
    0xff, 0xfb, 0x6f, 0xff, 0xf0, 0x0, 0x0, 0x0,
    0xff, 0xff, 0x50, 0x0, 0x0, 0x9, 0xff, 0xfb,
    0x6f, 0xff, 0xf0, 0x0, 0x0, 0x0, 0xff, 0xff,
    0x50, 0x0, 0x0, 0x9, 0xff, 0xfb, 0x6f, 0xff,
    0xf0, 0x0, 0x0, 0x0, 0xff, 0xff, 0x50, 0x0,
    0x0, 0x9, 0xff, 0xfb, 0x6f, 0xff, 0xf0, 0x0,
    0x0, 0x0, 0xff, 0xff, 0x50, 0x0, 0x0, 0x9,
    0xff, 0xfb, 0x6f, 0xff, 0xf0, 0x0, 0x0, 0x0,
    0xff, 0xff, 0x50, 0x0, 0x0, 0x9, 0xff, 0xfb,
    0x6f, 0xff, 0xf0, 0x0, 0x0, 0x0, 0xff, 0xff,
    0x50, 0x0, 0x0, 0x9, 0xff, 0xfb, 0x6f, 0xff,
    0xf0, 0x0, 0x0, 0x0, 0xff, 0xff, 0x50, 0x0,
    0x0, 0x9, 0xff, 0xfb, 0x6f, 0xff, 0xf0, 0x0,
    0x0, 0x0, 0xff, 0xff, 0x50, 0x0, 0x0, 0x9,
    0xff, 0xfb,

    /* U+006E "n" */
    0x0, 0x0, 0x0, 0x0, 0x36, 0x76, 0x40, 0x0,
    0x0, 0x6f, 0xff, 0xc0, 0x5e, 0xff, 0xff, 0xff,
    0x70, 0x0, 0x6f, 0xff, 0xc9, 0xff, 0xff, 0xff,
    0xff, 0xfb, 0x0, 0x6f, 0xff, 0xff, 0xff, 0xff,
    0xff, 0xff, 0xff, 0x80, 0x6f, 0xff, 0xff, 0xfa,
    0x43, 0x5b, 0xff, 0xff, 0xf1, 0x6f, 0xff, 0xff,
    0x50, 0x0, 0x0, 0x8f, 0xff, 0xf7, 0x6f, 0xff,
    0xf9, 0x0, 0x0, 0x0, 0xd, 0xff, 0xfb, 0x6f,
    0xff, 0xf3, 0x0, 0x0, 0x0, 0x8, 0xff, 0xfe,
    0x6f, 0xff, 0xf0, 0x0, 0x0, 0x0, 0x6, 0xff,
    0xff, 0x6f, 0xff, 0xf0, 0x0, 0x0, 0x0, 0x5,
    0xff, 0xff, 0x6f, 0xff, 0xf0, 0x0, 0x0, 0x0,
    0x5, 0xff, 0xff, 0x6f, 0xff, 0xf0, 0x0, 0x0,
    0x0, 0x5, 0xff, 0xff, 0x6f, 0xff, 0xf0, 0x0,
    0x0, 0x0, 0x5, 0xff, 0xff, 0x6f, 0xff, 0xf0,
    0x0, 0x0, 0x0, 0x5, 0xff, 0xff, 0x6f, 0xff,
    0xf0, 0x0, 0x0, 0x0, 0x5, 0xff, 0xff, 0x6f,
    0xff, 0xf0, 0x0, 0x0, 0x0, 0x5, 0xff, 0xff,
    0x6f, 0xff, 0xf0, 0x0, 0x0, 0x0, 0x5, 0xff,
    0xff, 0x6f, 0xff, 0xf0, 0x0, 0x0, 0x0, 0x5,
    0xff, 0xff, 0x6f, 0xff, 0xf0, 0x0, 0x0, 0x0,
    0x5, 0xff, 0xff,

    /* U+006F "o" */
    0x0, 0x0, 0x0, 0x0, 0x46, 0x76, 0x40, 0x0,
    0x0, 0x0, 0x0, 0x0, 0x2, 0xaf, 0xff, 0xff,
    0xff, 0xa2, 0x0, 0x0, 0x0, 0x0, 0x7f, 0xff,
    0xff, 0xff, 0xff, 0xff, 0x60, 0x0, 0x0, 0x8,
    0xff, 0xff, 0xff, 0xff, 0xff, 0xff, 0xf7, 0x0,
    0x0, 0x5f, 0xff, 0xff, 0x83, 0x23, 0x9f, 0xff,
    0xff, 0x40, 0x0, 0xef, 0xff, 0xe2, 0x0, 0x0,
    0x3, 0xff, 0xff, 0xd0, 0x6, 0xff, 0xff, 0x40,
    0x0, 0x0, 0x0, 0x6f, 0xff, 0xf5, 0xb, 0xff,
    0xfb, 0x0, 0x0, 0x0, 0x0, 0xd, 0xff, 0xf9,
    0xe, 0xff, 0xf7, 0x0, 0x0, 0x0, 0x0, 0x9,
    0xff, 0xfc, 0xf, 0xff, 0xf5, 0x0, 0x0, 0x0,
    0x0, 0x7, 0xff, 0xfe, 0xf, 0xff, 0xf5, 0x0,
    0x0, 0x0, 0x0, 0x7, 0xff, 0xfe, 0xe, 0xff,
    0xf7, 0x0, 0x0, 0x0, 0x0, 0x9, 0xff, 0xfc,
    0xb, 0xff, 0xfc, 0x0, 0x0, 0x0, 0x0, 0xd,
    0xff, 0xf9, 0x7, 0xff, 0xff, 0x40, 0x0, 0x0,
    0x0, 0x6f, 0xff, 0xf4, 0x0, 0xef, 0xff, 0xe3,
    0x0, 0x0, 0x4, 0xff, 0xff, 0xd0, 0x0, 0x6f,
    0xff, 0xff, 0x83, 0x24, 0x9f, 0xff, 0xff, 0x30,
    0x0, 0x9, 0xff, 0xff, 0xff, 0xff, 0xff, 0xff,
    0xf6, 0x0, 0x0, 0x0, 0x8f, 0xff, 0xff, 0xff,
    0xff, 0xff, 0x50, 0x0, 0x0, 0x0, 0x3, 0xbf,
    0xff, 0xff, 0xff, 0x91, 0x0, 0x0, 0x0, 0x0,
    0x0, 0x1, 0x56, 0x76, 0x40, 0x0, 0x0, 0x0,

    /* U+0070 "p" */
    0x0, 0x0, 0x0, 0x0, 0x25, 0x76, 0x51, 0x0,
    0x0, 0x0, 0x6f, 0xff, 0xc0, 0x3c, 0xff, 0xff,
    0xff, 0xa2, 0x0, 0x0, 0x6f, 0xff, 0xc7, 0xff,
    0xff, 0xff, 0xff, 0xff, 0x40, 0x0, 0x6f, 0xff,
    0xff, 0xff, 0xff, 0xff, 0xff, 0xff, 0xf4, 0x0,
    0x6f, 0xff, 0xff, 0xfd, 0x62, 0x25, 0xcf, 0xff,
    0xfe, 0x10, 0x6f, 0xff, 0xff, 0xa0, 0x0, 0x0,
    0x9, 0xff, 0xff, 0x80, 0x6f, 0xff, 0xfc, 0x0,
    0x0, 0x0, 0x0, 0xcf, 0xff, 0xe0, 0x6f, 0xff,
    0xf4, 0x0, 0x0, 0x0, 0x0, 0x4f, 0xff, 0xf3,
    0x6f, 0xff, 0xf0, 0x0, 0x0, 0x0, 0x0, 0xf,
    0xff, 0xf5, 0x6f, 0xff, 0xd0, 0x0, 0x0, 0x0,
    0x0, 0xe, 0xff, 0xf7, 0x6f, 0xff, 0xd0, 0x0,
    0x0, 0x0, 0x0, 0xe, 0xff, 0xf6, 0x6f, 0xff,
    0xf0, 0x0, 0x0, 0x0, 0x0, 0xf, 0xff, 0xf5,
    0x6f, 0xff, 0xf4, 0x0, 0x0, 0x0, 0x0, 0x4f,
    0xff, 0xf2, 0x6f, 0xff, 0xfc, 0x0, 0x0, 0x0,
    0x0, 0xcf, 0xff, 0xe0, 0x6f, 0xff, 0xff, 0x90,
    0x0, 0x0, 0x9, 0xff, 0xff, 0x70, 0x6f, 0xff,
    0xff, 0xfc, 0x62, 0x35, 0xcf, 0xff, 0xfd, 0x0,
    0x6f, 0xff, 0xff, 0xff, 0xff, 0xff, 0xff, 0xff,
    0xf2, 0x0, 0x6f, 0xff, 0xfc, 0xff, 0xff, 0xff,
    0xff, 0xfe, 0x30, 0x0, 0x6f, 0xff, 0xf0, 0x7e,
    0xff, 0xff, 0xff, 0x91, 0x0, 0x0, 0x6f, 0xff,
    0xf0, 0x0, 0x36, 0x76, 0x40, 0x0, 0x0, 0x0,
    0x6f, 0xff, 0xf0, 0x0, 0x0, 0x0, 0x0, 0x0,
    0x0, 0x0, 0x6f, 0xff, 0xf0, 0x0, 0x0, 0x0,
    0x0, 0x0, 0x0, 0x0, 0x6f, 0xff, 0xf0, 0x0,
    0x0, 0x0, 0x0, 0x0, 0x0, 0x0, 0x6f, 0xff,
    0xf0, 0x0, 0x0, 0x0, 0x0, 0x0, 0x0, 0x0,
    0x6f, 0xff, 0xf0, 0x0, 0x0, 0x0, 0x0, 0x0,
    0x0, 0x0,

    /* U+0071 "q" */
    0x0, 0x0, 0x0, 0x2, 0x57, 0x64, 0x0, 0x0,
    0x0, 0x0, 0x0, 0x0, 0x5, 0xdf, 0xff, 0xff,
    0xf9, 0x16, 0xff, 0xfd, 0x0, 0x0, 0xaf, 0xff,
    0xff, 0xff, 0xff, 0xe9, 0xff, 0xfd, 0x0, 0xb,
    0xff, 0xff, 0xff, 0xff, 0xff, 0xff, 0xff, 0xfd,
    0x0, 0x8f, 0xff, 0xff, 0x84, 0x24, 0x9f, 0xff,
    0xff, 0xfd, 0x1, 0xff, 0xff, 0xe2, 0x0, 0x0,
    0x4, 0xff, 0xff, 0xfd, 0x7, 0xff, 0xff, 0x30,
    0x0, 0x0, 0x0, 0x5f, 0xff, 0xfd, 0xc, 0xff,
    0xfb, 0x0, 0x0, 0x0, 0x0, 0xd, 0xff, 0xfd,
    0xf, 0xff, 0xf7, 0x0, 0x0, 0x0, 0x0, 0x8,
    0xff, 0xfd, 0xf, 0xff, 0xf5, 0x0, 0x0, 0x0,
    0x0, 0x6, 0xff, 0xfd, 0xf, 0xff, 0xf5, 0x0,
    0x0, 0x0, 0x0, 0x6, 0xff, 0xfd, 0xf, 0xff,
    0xf7, 0x0, 0x0, 0x0, 0x0, 0x8, 0xff, 0xfd,
    0xc, 0xff, 0xfb, 0x0, 0x0, 0x0, 0x0, 0xd,
    0xff, 0xfd, 0x8, 0xff, 0xff, 0x30, 0x0, 0x0,
    0x0, 0x6f, 0xff, 0xfd, 0x2, 0xff, 0xff, 0xd1,
    0x0, 0x0, 0x4, 0xff, 0xff, 0xfd, 0x0, 0x9f,
    0xff, 0xff, 0x83, 0x24, 0xaf, 0xff, 0xff, 0xfd,
    0x0, 0xc, 0xff, 0xff, 0xff, 0xff, 0xff, 0xff,
    0xff, 0xfd, 0x0, 0x1, 0xcf, 0xff, 0xff, 0xff,
    0xff, 0xea, 0xff, 0xfd, 0x0, 0x0, 0x6, 0xef,
    0xff, 0xff, 0xf9, 0x17, 0xff, 0xfd, 0x0, 0x0,
    0x0, 0x3, 0x67, 0x64, 0x0, 0x7, 0xff, 0xfd,
    0x0, 0x0, 0x0, 0x0, 0x0, 0x0, 0x0, 0x7,
    0xff, 0xfd, 0x0, 0x0, 0x0, 0x0, 0x0, 0x0,
    0x0, 0x7, 0xff, 0xfd, 0x0, 0x0, 0x0, 0x0,
    0x0, 0x0, 0x0, 0x7, 0xff, 0xfd, 0x0, 0x0,
    0x0, 0x0, 0x0, 0x0, 0x0, 0x7, 0xff, 0xfd,
    0x0, 0x0, 0x0, 0x0, 0x0, 0x0, 0x0, 0x7,
    0xff, 0xfd,

    /* U+0072 "r" */
    0x6f, 0xff, 0xc0, 0x4a, 0xef, 0xf6, 0x6f, 0xff,
    0xca, 0xff, 0xff, 0xf6, 0x6f, 0xff, 0xff, 0xff,
    0xff, 0xf6, 0x6f, 0xff, 0xff, 0xff, 0xfe, 0xe5,
    0x6f, 0xff, 0xff, 0xa2, 0x0, 0x0, 0x6f, 0xff,
    0xfb, 0x0, 0x0, 0x0, 0x6f, 0xff, 0xf3, 0x0,
    0x0, 0x0, 0x6f, 0xff, 0xf0, 0x0, 0x0, 0x0,
    0x6f, 0xff, 0xf0, 0x0, 0x0, 0x0, 0x6f, 0xff,
    0xf0, 0x0, 0x0, 0x0, 0x6f, 0xff, 0xf0, 0x0,
    0x0, 0x0, 0x6f, 0xff, 0xf0, 0x0, 0x0, 0x0,
    0x6f, 0xff, 0xf0, 0x0, 0x0, 0x0, 0x6f, 0xff,
    0xf0, 0x0, 0x0, 0x0, 0x6f, 0xff, 0xf0, 0x0,
    0x0, 0x0, 0x6f, 0xff, 0xf0, 0x0, 0x0, 0x0,
    0x6f, 0xff, 0xf0, 0x0, 0x0, 0x0, 0x6f, 0xff,
    0xf0, 0x0, 0x0, 0x0,

    /* U+0073 "s" */
    0x0, 0x0, 0x0, 0x46, 0x76, 0x52, 0x0, 0x0,
    0x0, 0x0, 0x19, 0xff, 0xff, 0xff, 0xfe, 0x92,
    0x0, 0x0, 0x2e, 0xff, 0xff, 0xff, 0xff, 0xff,
    0xf8, 0x0, 0xd, 0xff, 0xff, 0xff, 0xff, 0xff,
    0xff, 0xa0, 0x5, 0xff, 0xff, 0x71, 0x0, 0x38,
    0xef, 0xf3, 0x0, 0xaf, 0xff, 0x70, 0x0, 0x0,
    0x0, 0x8b, 0x0, 0xb, 0xff, 0xf4, 0x0, 0x0,
    0x0, 0x0, 0x0, 0x0, 0xaf, 0xff, 0xa0, 0x0,
    0x0, 0x0, 0x0, 0x0, 0x6, 0xff, 0xff, 0xda,
    0x88, 0x75, 0x20, 0x0, 0x0, 0xe, 0xff, 0xff,
    0xff, 0xff, 0xff, 0xe6, 0x0, 0x0, 0x3e, 0xff,
    0xff, 0xff, 0xff, 0xff, 0xf8, 0x0, 0x0, 0x6,
    0xad, 0xff, 0xff, 0xff, 0xff, 0xf2, 0x0, 0x0,
    0x0, 0x0, 0x0, 0x26, 0xff, 0xff, 0x60, 0x0,
    0x0, 0x0, 0x0, 0x0, 0x9, 0xff, 0xf8, 0x1,
    0xe7, 0x0, 0x0, 0x0, 0x0, 0x9f, 0xff, 0x70,
    0x9f, 0xfe, 0x83, 0x0, 0x2, 0x8f, 0xff, 0xf3,
    0x3f, 0xff, 0xff, 0xff, 0xff, 0xff, 0xff, 0xfa,
    0x0, 0x8f, 0xff, 0xff, 0xff, 0xff, 0xff, 0xfb,
    0x0, 0x0, 0x18, 0xef, 0xff, 0xff, 0xff, 0xd6,
    0x0, 0x0, 0x0, 0x0, 0x25, 0x67, 0x75, 0x20,
    0x0, 0x0,

    /* U+0074 "t" */
    0x0, 0x18, 0x88, 0x81, 0x0, 0x0, 0x0, 0x3f,
    0xff, 0xf2, 0x0, 0x0, 0x0, 0x3f, 0xff, 0xf2,
    0x0, 0x0, 0x0, 0x3f, 0xff, 0xf2, 0x0, 0x0,
    0x0, 0x3f, 0xff, 0xf2, 0x0, 0x0, 0x9f, 0xff,
    0xff, 0xff, 0xff, 0xf1, 0x9f, 0xff, 0xff, 0xff,
    0xff, 0xf1, 0x9f, 0xff, 0xff, 0xff, 0xff, 0xf1,
    0x6b, 0xcf, 0xff, 0xfc, 0xbb, 0xb1, 0x0, 0x3f,
    0xff, 0xf2, 0x0, 0x0, 0x0, 0x3f, 0xff, 0xf2,
    0x0, 0x0, 0x0, 0x3f, 0xff, 0xf2, 0x0, 0x0,
    0x0, 0x3f, 0xff, 0xf2, 0x0, 0x0, 0x0, 0x3f,
    0xff, 0xf2, 0x0, 0x0, 0x0, 0x3f, 0xff, 0xf2,
    0x0, 0x0, 0x0, 0x3f, 0xff, 0xf2, 0x0, 0x0,
    0x0, 0x3f, 0xff, 0xf2, 0x0, 0x0, 0x0, 0x2f,
    0xff, 0xf3, 0x0, 0x0, 0x0, 0x1f, 0xff, 0xf8,
    0x0, 0x0, 0x0, 0xe, 0xff, 0xff, 0xdb, 0xb1,
    0x0, 0x9, 0xff, 0xff, 0xff, 0xf1, 0x0, 0x1,
    0xdf, 0xff, 0xff, 0xf1, 0x0, 0x0, 0x7, 0xcf,
    0xff, 0xf1,

    /* U+0075 "u" */
    0x9f, 0xff, 0xc0, 0x0, 0x0, 0x0, 0x8, 0xff,
    0xfc, 0x9f, 0xff, 0xc0, 0x0, 0x0, 0x0, 0x8,
    0xff, 0xfc, 0x9f, 0xff, 0xc0, 0x0, 0x0, 0x0,
    0x8, 0xff, 0xfc, 0x9f, 0xff, 0xc0, 0x0, 0x0,
    0x0, 0x8, 0xff, 0xfc, 0x9f, 0xff, 0xc0, 0x0,
    0x0, 0x0, 0x8, 0xff, 0xfc, 0x9f, 0xff, 0xc0,
    0x0, 0x0, 0x0, 0x8, 0xff, 0xfc, 0x9f, 0xff,
    0xc0, 0x0, 0x0, 0x0, 0x8, 0xff, 0xfc, 0x9f,
    0xff, 0xc0, 0x0, 0x0, 0x0, 0x8, 0xff, 0xfc,
    0x9f, 0xff, 0xc0, 0x0, 0x0, 0x0, 0x8, 0xff,
    0xfc, 0x9f, 0xff, 0xc0, 0x0, 0x0, 0x0, 0x8,
    0xff, 0xfc, 0x8f, 0xff, 0xc0, 0x0, 0x0, 0x0,
    0x9, 0xff, 0xfc, 0x7f, 0xff, 0xf0, 0x0, 0x0,
    0x0, 0xc, 0xff, 0xfc, 0x5f, 0xff, 0xf4, 0x0,
    0x0, 0x0, 0x3f, 0xff, 0xfc, 0x1f, 0xff, 0xfd,
    0x10, 0x0, 0x1, 0xdf, 0xff, 0xfc, 0xb, 0xff,
    0xff, 0xd6, 0x33, 0x7e, 0xff, 0xff, 0xfc, 0x3,
    0xff, 0xff, 0xff, 0xff, 0xff, 0xff, 0xff, 0xfc,
    0x0, 0x6f, 0xff, 0xff, 0xff, 0xff, 0xe8, 0xff,
    0xfc, 0x0, 0x4, 0xdf, 0xff, 0xff, 0xf9, 0x16,
    0xff, 0xfc, 0x0, 0x0, 0x2, 0x67, 0x65, 0x0,
    0x0, 0x0, 0x0,

    /* U+0076 "v" */
    0x7f, 0xff, 0xf3, 0x0, 0x0, 0x0, 0x0, 0x5f,
    0xff, 0xf2, 0x1f, 0xff, 0xf9, 0x0, 0x0, 0x0,
    0x0, 0xbf, 0xff, 0xb0, 0x9, 0xff, 0xfe, 0x0,
    0x0, 0x0, 0x1, 0xff, 0xff, 0x40, 0x3, 0xff,
    0xff, 0x50, 0x0, 0x0, 0x7, 0xff, 0xfe, 0x0,
    0x0, 0xcf, 0xff, 0xb0, 0x0, 0x0, 0xd, 0xff,
    0xf7, 0x0, 0x0, 0x6f, 0xff, 0xf1, 0x0, 0x0,
    0x3f, 0xff, 0xf1, 0x0, 0x0, 0xe, 0xff, 0xf7,
    0x0, 0x0, 0x9f, 0xff, 0xa0, 0x0, 0x0, 0x9,
    0xff, 0xfd, 0x0, 0x0, 0xff, 0xff, 0x40, 0x0,
    0x0, 0x2, 0xff, 0xff, 0x40, 0x6, 0xff, 0xfd,
    0x0, 0x0, 0x0, 0x0, 0xcf, 0xff, 0xa0, 0xc,
    0xff, 0xf7, 0x0, 0x0, 0x0, 0x0, 0x5f, 0xff,
    0xf1, 0x2f, 0xff, 0xf1, 0x0, 0x0, 0x0, 0x0,
    0xe, 0xff, 0xf6, 0x8f, 0xff, 0xa0, 0x0, 0x0,
    0x0, 0x0, 0x8, 0xff, 0xfc, 0xef, 0xff, 0x30,
    0x0, 0x0, 0x0, 0x0, 0x1, 0xff, 0xff, 0xff,
    0xfd, 0x0, 0x0, 0x0, 0x0, 0x0, 0x0, 0xbf,
    0xff, 0xff, 0xf6, 0x0, 0x0, 0x0, 0x0, 0x0,
    0x0, 0x4f, 0xff, 0xff, 0xf0, 0x0, 0x0, 0x0,
    0x0, 0x0, 0x0, 0xd, 0xff, 0xff, 0x90, 0x0,
    0x0, 0x0, 0x0, 0x0, 0x0, 0x7, 0xff, 0xff,
    0x30, 0x0, 0x0, 0x0,

    /* U+0077 "w" */
    0xf, 0xff, 0xf6, 0x0, 0x0, 0x5, 0xff, 0xff,
    0x10, 0x0, 0x0, 0xaf, 0xff, 0xb0, 0xcf, 0xff,
    0x90, 0x0, 0x0, 0xaf, 0xff, 0xf6, 0x0, 0x0,
    0xd, 0xff, 0xf8, 0x8, 0xff, 0xfc, 0x0, 0x0,
    0xf, 0xff, 0xff, 0xb0, 0x0, 0x0, 0xff, 0xff,
    0x40, 0x4f, 0xff, 0xf0, 0x0, 0x5, 0xff, 0xff,
    0xff, 0x10, 0x0, 0x3f, 0xff, 0xf0, 0x1, 0xff,
    0xff, 0x20, 0x0, 0xaf, 0xff, 0xff, 0xf6, 0x0,
    0x7, 0xff, 0xfd, 0x0, 0xd, 0xff, 0xf6, 0x0,
    0xf, 0xff, 0xff, 0xff, 0xb0, 0x0, 0xaf, 0xff,
    0x90, 0x0, 0x9f, 0xff, 0x90, 0x5, 0xff, 0xf9,
    0xef, 0xff, 0x10, 0xd, 0xff, 0xf5, 0x0, 0x5,
    0xff, 0xfc, 0x0, 0xaf, 0xff, 0x39, 0xff, 0xf6,
    0x0, 0xff, 0xff, 0x10, 0x0, 0x2f, 0xff, 0xf0,
    0xf, 0xff, 0xe0, 0x4f, 0xff, 0xb0, 0x3f, 0xff,
    0xe0, 0x0, 0x0, 0xef, 0xff, 0x25, 0xff, 0xf8,
    0x0, 0xef, 0xff, 0x17, 0xff, 0xfa, 0x0, 0x0,
    0xa, 0xff, 0xf5, 0xaf, 0xff, 0x30, 0x9, 0xff,
    0xf5, 0xaf, 0xff, 0x60, 0x0, 0x0, 0x7f, 0xff,
    0x9f, 0xff, 0xd0, 0x0, 0x3f, 0xff, 0xbd, 0xff,
    0xf3, 0x0, 0x0, 0x3, 0xff, 0xff, 0xff, 0xf8,
    0x0, 0x0, 0xef, 0xff, 0xff, 0xff, 0x0, 0x0,
    0x0, 0xf, 0xff, 0xff, 0xff, 0x20, 0x0, 0x8,
    0xff, 0xff, 0xff, 0xb0, 0x0, 0x0, 0x0, 0xcf,
    0xff, 0xff, 0xd0, 0x0, 0x0, 0x3f, 0xff, 0xff,
    0xf7, 0x0, 0x0, 0x0, 0x8, 0xff, 0xff, 0xf7,
    0x0, 0x0, 0x0, 0xdf, 0xff, 0xff, 0x40, 0x0,
    0x0, 0x0, 0x4f, 0xff, 0xff, 0x20, 0x0, 0x0,
    0x8, 0xff, 0xff, 0xf0, 0x0, 0x0, 0x0, 0x1,
    0xff, 0xff, 0xc0, 0x0, 0x0, 0x0, 0x2f, 0xff,
    0xfc, 0x0, 0x0,

    /* U+0078 "x" */
    0xd, 0xff, 0xfe, 0x10, 0x0, 0x0, 0xd, 0xff,
    0xfd, 0x0, 0x3f, 0xff, 0xfb, 0x0, 0x0, 0x8,
    0xff, 0xff, 0x20, 0x0, 0x7f, 0xff, 0xf6, 0x0,
    0x4, 0xff, 0xff, 0x60, 0x0, 0x0, 0xbf, 0xff,
    0xf2, 0x1, 0xef, 0xff, 0xa0, 0x0, 0x0, 0x1,
    0xef, 0xff, 0xc0, 0xaf, 0xff, 0xd0, 0x0, 0x0,
    0x0, 0x4, 0xff, 0xff, 0xbf, 0xff, 0xf3, 0x0,
    0x0, 0x0, 0x0, 0x8, 0xff, 0xff, 0xff, 0xf7,
    0x0, 0x0, 0x0, 0x0, 0x0, 0xc, 0xff, 0xff,
    0xfb, 0x0, 0x0, 0x0, 0x0, 0x0, 0x0, 0x2f,
    0xff, 0xff, 0x10, 0x0, 0x0, 0x0, 0x0, 0x0,
    0x7, 0xff, 0xff, 0xf7, 0x0, 0x0, 0x0, 0x0,
    0x0, 0x3, 0xff, 0xff, 0xff, 0xf3, 0x0, 0x0,
    0x0, 0x0, 0x1, 0xef, 0xff, 0xff, 0xff, 0xe1,
    0x0, 0x0, 0x0, 0x0, 0xaf, 0xff, 0xd2, 0xef,
    0xff, 0xb0, 0x0, 0x0, 0x0, 0x6f, 0xff, 0xf3,
    0x4, 0xff, 0xff, 0x70, 0x0, 0x0, 0x3f, 0xff,
    0xf8, 0x0, 0x9, 0xff, 0xff, 0x30, 0x0, 0xd,
    0xff, 0xfc, 0x0, 0x0, 0xd, 0xff, 0xfe, 0x10,
    0xa, 0xff, 0xff, 0x20, 0x0, 0x0, 0x3f, 0xff,
    0xfb, 0x6, 0xff, 0xff, 0x60, 0x0, 0x0, 0x0,
    0x8f, 0xff, 0xf7,

    /* U+0079 "y" */
    0x6f, 0xff, 0xf3, 0x0, 0x0, 0x0, 0x0, 0x5f,
    0xff, 0xf2, 0xf, 0xff, 0xf9, 0x0, 0x0, 0x0,
    0x0, 0xcf, 0xff, 0xb0, 0x9, 0xff, 0xff, 0x0,
    0x0, 0x0, 0x2, 0xff, 0xff, 0x40, 0x2, 0xff,
    0xff, 0x60, 0x0, 0x0, 0x8, 0xff, 0xfd, 0x0,
    0x0, 0xcf, 0xff, 0xc0, 0x0, 0x0, 0xe, 0xff,
    0xf7, 0x0, 0x0, 0x5f, 0xff, 0xf2, 0x0, 0x0,
    0x5f, 0xff, 0xf1, 0x0, 0x0, 0xe, 0xff, 0xf8,
    0x0, 0x0, 0xbf, 0xff, 0x90, 0x0, 0x0, 0x8,
    0xff, 0xfe, 0x0, 0x1, 0xff, 0xff, 0x30, 0x0,
    0x0, 0x1, 0xff, 0xff, 0x50, 0x7, 0xff, 0xfc,
    0x0, 0x0, 0x0, 0x0, 0xaf, 0xff, 0xb0, 0xd,
    0xff, 0xf5, 0x0, 0x0, 0x0, 0x0, 0x3f, 0xff,
    0xf2, 0x4f, 0xff, 0xe0, 0x0, 0x0, 0x0, 0x0,
    0xd, 0xff, 0xf8, 0xaf, 0xff, 0x80, 0x0, 0x0,
    0x0, 0x0, 0x6, 0xff, 0xfe, 0xff, 0xff, 0x10,
    0x0, 0x0, 0x0, 0x0, 0x0, 0xff, 0xff, 0xff,
    0xfa, 0x0, 0x0, 0x0, 0x0, 0x0, 0x0, 0x9f,
    0xff, 0xff, 0xf4, 0x0, 0x0, 0x0, 0x0, 0x0,
    0x0, 0x2f, 0xff, 0xff, 0xd0, 0x0, 0x0, 0x0,
    0x0, 0x0, 0x0, 0xb, 0xff, 0xff, 0x60, 0x0,
    0x0, 0x0, 0x0, 0x0, 0x0, 0x5, 0xff, 0xff,
    0x0, 0x0, 0x0, 0x0, 0x0, 0x0, 0x0, 0x9,
    0xff, 0xf9, 0x0, 0x0, 0x0, 0x0, 0x0, 0x0,
    0x0, 0x1f, 0xff, 0xf2, 0x0, 0x0, 0x0, 0x0,
    0x0, 0x0, 0x0, 0x8f, 0xff, 0xb0, 0x0, 0x0,
    0x0, 0x0, 0x0, 0x0, 0x0, 0xef, 0xff, 0x50,
    0x0, 0x0, 0x0, 0x0, 0x0, 0x0, 0x7, 0xff,
    0xfe, 0x0, 0x0, 0x0, 0x0, 0x0, 0x0, 0x0,
    0xe, 0xff, 0xf7, 0x0, 0x0, 0x0, 0x0, 0x0,

    /* U+007A "z" */
    0xd, 0xff, 0xff, 0xff, 0xff, 0xff, 0xff, 0xff,
    0x10, 0xdf, 0xff, 0xff, 0xff, 0xff, 0xff, 0xff,
    0xf1, 0xd, 0xff, 0xff, 0xff, 0xff, 0xff, 0xff,
    0xff, 0x10, 0x56, 0x66, 0x66, 0x66, 0x6b, 0xff,
    0xff, 0xc0, 0x0, 0x0, 0x0, 0x0, 0x4, 0xff,
    0xff, 0xe1, 0x0, 0x0, 0x0, 0x0, 0x3, 0xff,
    0xff, 0xf2, 0x0, 0x0, 0x0, 0x0, 0x1, 0xef,
    0xff, 0xf4, 0x0, 0x0, 0x0, 0x0, 0x1, 0xdf,
    0xff, 0xf6, 0x0, 0x0, 0x0, 0x0, 0x0, 0xcf,
    0xff, 0xf8, 0x0, 0x0, 0x0, 0x0, 0x0, 0xaf,
    0xff, 0xfa, 0x0, 0x0, 0x0, 0x0, 0x0, 0x8f,
    0xff, 0xfb, 0x0, 0x0, 0x0, 0x0, 0x0, 0x6f,
    0xff, 0xfd, 0x0, 0x0, 0x0, 0x0, 0x0, 0x4f,
    0xff, 0xfe, 0x10, 0x0, 0x0, 0x0, 0x0, 0x3f,
    0xff, 0xff, 0x30, 0x0, 0x0, 0x0, 0x0, 0x1e,
    0xff, 0xff, 0xa6, 0x66, 0x66, 0x66, 0x66, 0x34,
    0xff, 0xff, 0xff, 0xff, 0xff, 0xff, 0xff, 0xf9,
    0x4f, 0xff, 0xff, 0xff, 0xff, 0xff, 0xff, 0xff,
    0x94, 0xff, 0xff, 0xff, 0xff, 0xff, 0xff, 0xff,
    0xf9,

    /* U+007B "{" */
    0x0, 0x0, 0x0, 0x4, 0x89, 0x99, 0x99, 0x99,
    0x90, 0x0, 0x0, 0x5e, 0xff, 0xff, 0xff, 0xff,
    0xff, 0x0, 0x0, 0x4f, 0xff, 0xff, 0xff, 0xff,
    0xff, 0xf0, 0x0, 0xc, 0xff, 0xff, 0xff, 0xff,
    0xff, 0xff, 0x0, 0x0, 0xff, 0xff, 0xb2, 0x0,
    0x0, 0x0, 0x0, 0x0, 0xf, 0xff, 0xf5, 0x0,
    0x0, 0x0, 0x0, 0x0, 0x0, 0xcf, 0xff, 0xb0,
    0x0, 0x0, 0x0, 0x0, 0x0, 0x5, 0xff, 0xff,
    0x50, 0x0, 0x0, 0x0, 0x0, 0x0, 0xc, 0xff,
    0xfe, 0x10, 0x0, 0x0, 0x0, 0x0, 0x0, 0x2f,
    0xff, 0xfa, 0x0, 0x0, 0x0, 0x0, 0x0, 0x0,
    0x7f, 0xff, 0xf4, 0x0, 0x0, 0x0, 0x0, 0x0,
    0x0, 0xcf, 0xff, 0xc0, 0x0, 0x0, 0x0, 0x0,
    0x0, 0x5, 0xff, 0xff, 0x0, 0x0, 0x0, 0x0,
    0x0, 0x2, 0xcf, 0xff, 0xf0, 0x0, 0x0, 0x0,
    0x2, 0x7c, 0xff, 0xff, 0xfa, 0x0, 0x0, 0x1,
    0xae, 0xff, 0xff, 0xff, 0xf9, 0x0, 0x0, 0x0,
    0x3f, 0xff, 0xff, 0xfb, 0x72, 0x0, 0x0, 0x0,
    0x3, 0xff, 0xff, 0xe9, 0x51, 0x0, 0x0, 0x0,
    0x0, 0x3f, 0xff, 0xff, 0xff, 0xfb, 0x30, 0x0,
    0x0, 0x0, 0x15, 0x9d, 0xff, 0xff, 0xff, 0x50,
    0x0, 0x0, 0x0, 0x0, 0x2, 0x8f, 0xff, 0xfe,
    0x0, 0x0, 0x0, 0x0, 0x0, 0x0, 0x6f, 0xff,
    0xf0, 0x0, 0x0, 0x0, 0x0, 0x0, 0x9, 0xff,
    0xfe, 0x0, 0x0, 0x0, 0x0, 0x0, 0x3, 0xff,
    0xff, 0x70, 0x0, 0x0, 0x0, 0x0, 0x0, 0xdf,
    0xff, 0xd0, 0x0, 0x0, 0x0, 0x0, 0x0, 0x8f,
    0xff, 0xf3, 0x0, 0x0, 0x0, 0x0, 0x0, 0x2f,
    0xff, 0xf9, 0x0, 0x0, 0x0, 0x0, 0x0, 0x9,
    0xff, 0xfe, 0x0, 0x0, 0x0, 0x0, 0x0, 0x0,
    0xef, 0xff, 0x70, 0x0, 0x0, 0x0, 0x0, 0x0,
    0xf, 0xff, 0xf7, 0x0, 0x0, 0x0, 0x0, 0x0,
    0x0, 0xef, 0xff, 0xfb, 0x99, 0x99, 0x99, 0x90,
    0x0, 0x8, 0xff, 0xff, 0xff, 0xff, 0xff, 0xff,
    0x0, 0x0, 0xb, 0xff, 0xff, 0xff, 0xff, 0xff,
    0xf0, 0x0, 0x0, 0x5, 0xbe, 0xff, 0xff, 0xff,
    0xff,

    /* U+007C "|" */
    0x16, 0x66, 0x34, 0xff, 0xf9, 0x4f, 0xff, 0x94,
    0xff, 0xf9, 0x4f, 0xff, 0x94, 0xff, 0xf9, 0x4f,
    0xff, 0x94, 0xff, 0xf9, 0x4f, 0xff, 0x94, 0xff,
    0xf9, 0x4f, 0xff, 0x94, 0xff, 0xf9, 0x4f, 0xff,
    0x94, 0xff, 0xf9, 0x4f, 0xff, 0x94, 0xff, 0xf9,
    0x4f, 0xff, 0x94, 0xff, 0xf9, 0x4f, 0xff, 0x94,
    0xff, 0xf9, 0x4f, 0xff, 0x94, 0xff, 0xf9, 0x4f,
    0xff, 0x94, 0xff, 0xf9, 0x4f, 0xff, 0x94, 0xff,
    0xf9, 0x4f, 0xff, 0x94, 0xff, 0xf9, 0x4f, 0xff,
    0x94, 0xff, 0xf9, 0x4f, 0xff, 0x94, 0xff, 0xf9,
    0x4f, 0xff, 0x94, 0xff, 0xf9,

    /* U+007D "}" */
    0x19, 0x99, 0x99, 0x99, 0x97, 0x30, 0x0, 0x0,
    0x3, 0xff, 0xff, 0xff, 0xff, 0xff, 0xd2, 0x0,
    0x0, 0x3f, 0xff, 0xff, 0xff, 0xff, 0xff, 0xe1,
    0x0, 0x3, 0xff, 0xff, 0xff, 0xff, 0xff, 0xff,
    0x90, 0x0, 0x0, 0x0, 0x0, 0x0, 0x3e, 0xff,
    0xfc, 0x0, 0x0, 0x0, 0x0, 0x0, 0x0, 0x9f,
    0xff, 0xc0, 0x0, 0x0, 0x0, 0x0, 0x0, 0xe,
    0xff, 0xf8, 0x0, 0x0, 0x0, 0x0, 0x0, 0x9,
    0xff, 0xff, 0x20, 0x0, 0x0, 0x0, 0x0, 0x3,
    0xff, 0xff, 0x80, 0x0, 0x0, 0x0, 0x0, 0x0,
    0xdf, 0xff, 0xd0, 0x0, 0x0, 0x0, 0x0, 0x0,
    0x8f, 0xff, 0xf3, 0x0, 0x0, 0x0, 0x0, 0x0,
    0xf, 0xff, 0xf8, 0x0, 0x0, 0x0, 0x0, 0x0,
    0x4, 0xff, 0xff, 0x10, 0x0, 0x0, 0x0, 0x0,
    0x0, 0x3f, 0xff, 0xf9, 0x10, 0x0, 0x0, 0x0,
    0x0, 0x0, 0xdf, 0xff, 0xff, 0xa6, 0x10, 0x0,
    0x0, 0x0, 0x1, 0xbf, 0xff, 0xff, 0xff, 0xd9,
    0x0, 0x0, 0x0, 0x0, 0x38, 0xcf, 0xff, 0xff,
    0xf0, 0x0, 0x0, 0x0, 0x0, 0x26, 0xaf, 0xff,
    0xff, 0x0, 0x0, 0x0, 0x5, 0xdf, 0xff, 0xff,
    0xff, 0xf0, 0x0, 0x0, 0x8, 0xff, 0xff, 0xff,
    0xc8, 0x40, 0x0, 0x0, 0x2, 0xff, 0xff, 0xe6,
    0x10, 0x0, 0x0, 0x0, 0x0, 0x4f, 0xff, 0xf2,
    0x0, 0x0, 0x0, 0x0, 0x0, 0x2, 0xff, 0xff,
    0x50, 0x0, 0x0, 0x0, 0x0, 0x0, 0xb, 0xff,
    0xfe, 0x0, 0x0, 0x0, 0x0, 0x0, 0x0, 0x2f,
    0xff, 0xf9, 0x0, 0x0, 0x0, 0x0, 0x0, 0x0,
    0x7f, 0xff, 0xf4, 0x0, 0x0, 0x0, 0x0, 0x0,
    0x0, 0xcf, 0xff, 0xd0, 0x0, 0x0, 0x0, 0x0,
    0x0, 0x3, 0xff, 0xff, 0x60, 0x0, 0x0, 0x0,
    0x0, 0x0, 0xb, 0xff, 0xfb, 0x0, 0x0, 0x0,
    0x0, 0x0, 0x0, 0xbf, 0xff, 0xc0, 0x0, 0x19,
    0x99, 0x99, 0x9a, 0xcf, 0xff, 0xfa, 0x0, 0x3,
    0xff, 0xff, 0xff, 0xff, 0xff, 0xff, 0x40, 0x0,
    0x3f, 0xff, 0xff, 0xff, 0xff, 0xff, 0x80, 0x0,
    0x3, 0xff, 0xff, 0xff, 0xff, 0xda, 0x30, 0x0,
    0x0,

    /* U+007E "~" */
    0x0, 0x0, 0x0, 0x0, 0x0, 0x0, 0x10, 0x0,
    0x6, 0xef, 0xb2, 0x0, 0x0, 0x4f, 0xc3, 0x4,
    0xff, 0xff, 0xf6, 0x0, 0xb, 0xff, 0x30, 0xdf,
    0xff, 0xff, 0xfb, 0x35, 0xff, 0xd0, 0x4f, 0xfc,
    0x16, 0xef, 0xff, 0xff, 0xf6, 0xa, 0xff, 0x30,
    0x1, 0xbf, 0xff, 0xfc, 0x0, 0x8e, 0xc0, 0x0,
    0x0, 0x6d, 0xfb, 0x10, 0x0, 0x1, 0x0, 0x0,
    0x0, 0x0, 0x0, 0x0
};


/*---------------------
 *  GLYPH DESCRIPTION
 *--------------------*/

static const lv_font_fmt_txt_glyph_dsc_t glyph_dsc[] = {
    {.bitmap_index = 0, .adv_w = 0, .box_w = 0, .box_h = 0, .ofs_x = 0, .ofs_y = 0} /* id = 0 reserved */,
    {.bitmap_index = 0, .adv_w = 103, .box_w = 0, .box_h = 0, .ofs_x = 0, .ofs_y = 0},
    {.bitmap_index = 0, .adv_w = 135, .box_w = 6, .box_h = 25, .ofs_x = 1, .ofs_y = 0},
    {.bitmap_index = 75, .adv_w = 230, .box_w = 12, .box_h = 9, .ofs_x = 1, .ofs_y = 16},
    {.bitmap_index = 129, .adv_w = 355, .box_w = 20, .box_h = 25, .ofs_x = 1, .ofs_y = 0},
    {.bitmap_index = 379, .adv_w = 370, .box_w = 22, .box_h = 32, .ofs_x = 0, .ofs_y = -4},
    {.bitmap_index = 731, .adv_w = 454, .box_w = 27, .box_h = 26, .ofs_x = 1, .ofs_y = -1},
    {.bitmap_index = 1082, .adv_w = 398, .box_w = 25, .box_h = 27, .ofs_x = 0, .ofs_y = -1},
    {.bitmap_index = 1420, .adv_w = 129, .box_w = 6, .box_h = 9, .ofs_x = 1, .ofs_y = 16},
    {.bitmap_index = 1447, .adv_w = 235, .box_w = 14, .box_h = 35, .ofs_x = 1, .ofs_y = -5},
    {.bitmap_index = 1692, .adv_w = 235, .box_w = 14, .box_h = 35, .ofs_x = 0, .ofs_y = -5},
    {.bitmap_index = 1937, .adv_w = 217, .box_w = 13, .box_h = 12, .ofs_x = 0, .ofs_y = 13},
    {.bitmap_index = 2015, .adv_w = 265, .box_w = 14, .box_h = 13, .ofs_x = 1, .ofs_y = 6},
    {.bitmap_index = 2106, .adv_w = 127, .box_w = 8, .box_h = 10, .ofs_x = 0, .ofs_y = -4},
    {.bitmap_index = 2146, .adv_w = 183, .box_w = 11, .box_h = 4, .ofs_x = 0, .ofs_y = 8},
    {.bitmap_index = 2168, .adv_w = 127, .box_w = 6, .box_h = 5, .ofs_x = 1, .ofs_y = 0},
    {.bitmap_index = 2183, .adv_w = 211, .box_w = 15, .box_h = 34, .ofs_x = -1, .ofs_y = -4},
    {.bitmap_index = 2438, .adv_w = 372, .box_w = 22, .box_h = 27, .ofs_x = 1, .ofs_y = -1},
    {.bitmap_index = 2735, .adv_w = 183, .box_w = 10, .box_h = 25, .ofs_x = 0, .ofs_y = 0},
    {.bitmap_index = 2860, .adv_w = 335, .box_w = 19, .box_h = 25, .ofs_x = 1, .ofs_y = 0},
    {.bitmap_index = 3098, .adv_w = 342, .box_w = 21, .box_h = 27, .ofs_x = 0, .ofs_y = -1},
    {.bitmap_index = 3382, .adv_w = 368, .box_w = 23, .box_h = 25, .ofs_x = 0, .ofs_y = 0},
    {.bitmap_index = 3670, .adv_w = 344, .box_w = 21, .box_h = 26, .ofs_x = 0, .ofs_y = -1},
    {.bitmap_index = 3943, .adv_w = 342, .box_w = 21, .box_h = 26, .ofs_x = 0, .ofs_y = -1},
    {.bitmap_index = 4216, .adv_w = 308, .box_w = 19, .box_h = 25, .ofs_x = 0, .ofs_y = 0},
    {.bitmap_index = 4454, .adv_w = 350, .box_w = 20, .box_h = 27, .ofs_x = 1, .ofs_y = -1},
    {.bitmap_index = 4724, .adv_w = 342, .box_w = 21, .box_h = 25, .ofs_x = 0, .ofs_y = 0},
    {.bitmap_index = 4987, .adv_w = 136, .box_w = 6, .box_h = 18, .ofs_x = 1, .ofs_y = 0},
    {.bitmap_index = 5041, .adv_w = 136, .box_w = 8, .box_h = 22, .ofs_x = 0, .ofs_y = -4},
    {.bitmap_index = 5129, .adv_w = 248, .box_w = 13, .box_h = 17, .ofs_x = 1, .ofs_y = 4},
    {.bitmap_index = 5240, .adv_w = 265, .box_w = 14, .box_h = 9, .ofs_x = 1, .ofs_y = 8},
    {.bitmap_index = 5303, .adv_w = 248, .box_w = 14, .box_h = 17, .ofs_x = 1, .ofs_y = 4},
    {.bitmap_index = 5422, .adv_w = 294, .box_w = 18, .box_h = 25, .ofs_x = 0, .ofs_y = 0},
    {.bitmap_index = 5647, .adv_w = 546, .box_w = 32, .box_h = 31, .ofs_x = 1, .ofs_y = -4},
    {.bitmap_index = 6143, .adv_w = 431, .box_w = 27, .box_h = 25, .ofs_x = 0, .ofs_y = 0},
    {.bitmap_index = 6481, .adv_w = 392, .box_w = 22, .box_h = 25, .ofs_x = 2, .ofs_y = 0},
    {.bitmap_index = 6756, .adv_w = 417, .box_w = 25, .box_h = 26, .ofs_x = 1, .ofs_y = -1},
    {.bitmap_index = 7081, .adv_w = 425, .box_w = 24, .box_h = 25, .ofs_x = 2, .ofs_y = 0},
    {.bitmap_index = 7381, .adv_w = 358, .box_w = 19, .box_h = 25, .ofs_x = 2, .ofs_y = 0},
    {.bitmap_index = 7619, .adv_w = 346, .box_w = 19, .box_h = 25, .ofs_x = 2, .ofs_y = 0},
    {.bitmap_index = 7857, .adv_w = 445, .box_w = 26, .box_h = 26, .ofs_x = 1, .ofs_y = -1},
    {.bitmap_index = 8195, .adv_w = 433, .box_w = 23, .box_h = 25, .ofs_x = 2, .ofs_y = 0},
    {.bitmap_index = 8483, .adv_w = 145, .box_w = 5, .box_h = 25, .ofs_x = 2, .ofs_y = 0},
    {.bitmap_index = 8546, .adv_w = 355, .box_w = 21, .box_h = 26, .ofs_x = 0, .ofs_y = -1},
    {.bitmap_index = 8819, .adv_w = 400, .box_w = 23, .box_h = 25, .ofs_x = 2, .ofs_y = 0},
    {.bitmap_index = 9107, .adv_w = 332, .box_w = 19, .box_h = 25, .ofs_x = 2, .ofs_y = 0},
    {.bitmap_index = 9345, .adv_w = 497, .box_w = 28, .box_h = 25, .ofs_x = 2, .ofs_y = 0},
    {.bitmap_index = 9695, .adv_w = 434, .box_w = 24, .box_h = 25, .ofs_x = 2, .ofs_y = 0},
    {.bitmap_index = 9995, .adv_w = 454, .box_w = 27, .box_h = 26, .ofs_x = 1, .ofs_y = -1},
    {.bitmap_index = 10346, .adv_w = 377, .box_w = 21, .box_h = 25, .ofs_x = 2, .ofs_y = 0},
    {.bitmap_index = 10609, .adv_w = 454, .box_w = 27, .box_h = 31, .ofs_x = 1, .ofs_y = -6},
    {.bitmap_index = 11028, .adv_w = 393, .box_w = 22, .box_h = 25, .ofs_x = 2, .ofs_y = 0},
    {.bitmap_index = 11303, .adv_w = 385, .box_w = 23, .box_h = 26, .ofs_x = 0, .ofs_y = -1},
    {.bitmap_index = 11602, .adv_w = 390, .box_w = 24, .box_h = 25, .ofs_x = 0, .ofs_y = 0},
    {.bitmap_index = 11902, .adv_w = 434, .box_w = 25, .box_h = 26, .ofs_x = 1, .ofs_y = -1},
    {.bitmap_index = 12227, .adv_w = 431, .box_w = 27, .box_h = 25, .ofs_x = 0, .ofs_y = 0},
    {.bitmap_index = 12565, .adv_w = 575, .box_w = 35, .box_h = 25, .ofs_x = 0, .ofs_y = 0},
    {.bitmap_index = 13003, .adv_w = 420, .box_w = 26, .box_h = 25, .ofs_x = 0, .ofs_y = 0},
    {.bitmap_index = 13328, .adv_w = 401, .box_w = 26, .box_h = 25, .ofs_x = 0, .ofs_y = 0},
    {.bitmap_index = 13653, .adv_w = 399, .box_w = 23, .box_h = 25, .ofs_x = 1, .ofs_y = 0},
    {.bitmap_index = 13941, .adv_w = 228, .box_w = 12, .box_h = 34, .ofs_x = 2, .ofs_y = -4},
    {.bitmap_index = 14145, .adv_w = 211, .box_w = 15, .box_h = 34, .ofs_x = -1, .ofs_y = -4},
    {.bitmap_index = 14400, .adv_w = 228, .box_w = 12, .box_h = 34, .ofs_x = 0, .ofs_y = -4},
    {.bitmap_index = 14604, .adv_w = 265, .box_w = 15, .box_h = 9, .ofs_x = 1, .ofs_y = 16},
    {.bitmap_index = 14672, .adv_w = 299, .box_w = 20, .box_h = 4, .ofs_x = -1, .ofs_y = -5},
    {.bitmap_index = 14712, .adv_w = 288, .box_w = 9, .box_h = 7, .ofs_x = 4, .ofs_y = 18},
    {.bitmap_index = 14744, .adv_w = 305, .box_w = 18, .box_h = 20, .ofs_x = 0, .ofs_y = -1},
    {.bitmap_index = 14924, .adv_w = 343, .box_w = 20, .box_h = 26, .ofs_x = 1, .ofs_y = -1},
    {.bitmap_index = 15184, .adv_w = 309, .box_w = 19, .box_h = 20, .ofs_x = 0, .ofs_y = -1},
    {.bitmap_index = 15374, .adv_w = 343, .box_w = 20, .box_h = 26, .ofs_x = 0, .ofs_y = -1},
    {.bitmap_index = 15634, .adv_w = 320, .box_w = 20, .box_h = 20, .ofs_x = 0, .ofs_y = -1},
    {.bitmap_index = 15834, .adv_w = 185, .box_w = 12, .box_h = 25, .ofs_x = 0, .ofs_y = 0},
    {.bitmap_index = 15984, .adv_w = 343, .box_w = 20, .box_h = 25, .ofs_x = 0, .ofs_y = -6},
    {.bitmap_index = 16234, .adv_w = 327, .box_w = 18, .box_h = 25, .ofs_x = 1, .ofs_y = 0},
    {.bitmap_index = 16459, .adv_w = 129, .box_w = 6, .box_h = 25, .ofs_x = 1, .ofs_y = 0},
    {.bitmap_index = 16534, .adv_w = 130, .box_w = 9, .box_h = 31, .ofs_x = -2, .ofs_y = -6},
    {.bitmap_index = 16674, .adv_w = 295, .box_w = 18, .box_h = 25, .ofs_x = 1, .ofs_y = 0},
    {.bitmap_index = 16899, .adv_w = 129, .box_w = 6, .box_h = 25, .ofs_x = 1, .ofs_y = 0},
    {.bitmap_index = 16974, .adv_w = 483, .box_w = 28, .box_h = 19, .ofs_x = 1, .ofs_y = 0},
    {.bitmap_index = 17240, .adv_w = 327, .box_w = 18, .box_h = 19, .ofs_x = 1, .ofs_y = 0},
    {.bitmap_index = 17411, .adv_w = 334, .box_w = 20, .box_h = 20, .ofs_x = 0, .ofs_y = -1},
    {.bitmap_index = 17611, .adv_w = 343, .box_w = 20, .box_h = 25, .ofs_x = 1, .ofs_y = -6},
    {.bitmap_index = 17861, .adv_w = 343, .box_w = 20, .box_h = 25, .ofs_x = 0, .ofs_y = -6},
    {.bitmap_index = 18111, .adv_w = 206, .box_w = 12, .box_h = 18, .ofs_x = 1, .ofs_y = 0},
    {.bitmap_index = 18219, .adv_w = 278, .box_w = 17, .box_h = 20, .ofs_x = 0, .ofs_y = -1},
    {.bitmap_index = 18389, .adv_w = 192, .box_w = 12, .box_h = 23, .ofs_x = 0, .ofs_y = 0},
    {.bitmap_index = 18527, .adv_w = 327, .box_w = 18, .box_h = 19, .ofs_x = 1, .ofs_y = -1},
    {.bitmap_index = 18698, .adv_w = 315, .box_w = 20, .box_h = 18, .ofs_x = 0, .ofs_y = 0},
    {.bitmap_index = 18878, .adv_w = 444, .box_w = 27, .box_h = 18, .ofs_x = 0, .ofs_y = 0},
    {.bitmap_index = 19121, .adv_w = 305, .box_w = 19, .box_h = 18, .ofs_x = 0, .ofs_y = 0},
    {.bitmap_index = 19292, .adv_w = 315, .box_w = 20, .box_h = 24, .ofs_x = 0, .ofs_y = -6},
    {.bitmap_index = 19532, .adv_w = 277, .box_w = 17, .box_h = 18, .ofs_x = 0, .ofs_y = 0},
    {.bitmap_index = 19685, .adv_w = 284, .box_w = 17, .box_h = 34, .ofs_x = 0, .ofs_y = -4},
    {.bitmap_index = 19974, .adv_w = 180, .box_w = 5, .box_h = 34, .ofs_x = 3, .ofs_y = -4},
    {.bitmap_index = 20059, .adv_w = 284, .box_w = 17, .box_h = 34, .ofs_x = 0, .ofs_y = -4},
    {.bitmap_index = 20348, .adv_w = 265, .box_w = 15, .box_h = 8, .ofs_x = 1, .ofs_y = 8}
};

/*---------------------
 *  CHARACTER MAPPING
 *--------------------*/



/*Collect the unicode lists and glyph_id offsets*/
static const lv_font_fmt_txt_cmap_t cmaps[] =
{
    {
        .range_start = 32, .range_length = 95, .glyph_id_start = 1,
        .unicode_list = NULL, .glyph_id_ofs_list = NULL, .list_length = 0, .type = LV_FONT_FMT_TXT_CMAP_FORMAT0_TINY
    }
};

/*-----------------
 *    KERNING
 *----------------*/


/*Map glyph_ids to kern left classes*/
static const uint8_t kern_left_class_mapping[] =
{
    0, 1, 0, 2, 3, 0, 4, 5,
    2, 6, 0, 7, 0, 8, 9, 8,
    10, 11, 0, 12, 13, 14, 15, 16,
    17, 18, 19, 20, 20, 0, 0, 0,
    21, 22, 23, 24, 25, 26, 27, 28,
    29, 30, 30, 31, 32, 33, 30, 30,
    34, 35, 34, 36, 37, 38, 39, 40,
    41, 42, 43, 44, 6, 0, 0, 0,
    0, 0, 45, 46, 47, 0, 48, 49,
    50, 51, 0, 52, 53, 0, 51, 51,
    46, 46, 54, 55, 56, 57, 58, 59,
    60, 61, 59, 62, 6, 0, 0, 0
};

/*Map glyph_ids to kern right classes*/
static const uint8_t kern_right_class_mapping[] =
{
    0, 1, 2, 3, 4, 0, 5, 6,
    3, 0, 7, 8, 0, 9, 10, 9,
    11, 12, 13, 14, 15, 16, 17, 18,
    19, 20, 21, 22, 22, 0, 0, 0,
    23, 24, 25, 0, 26, 0, 0, 0,
    26, 0, 0, 27, 0, 0, 0, 0,
    26, 0, 26, 0, 28, 29, 30, 31,
    32, 33, 34, 35, 0, 0, 7, 0,
    0, 0, 36, 0, 37, 37, 37, 38,
    39, 0, 40, 41, 0, 0, 42, 42,
    37, 42, 37, 42, 43, 44, 45, 46,
    47, 48, 46, 49, 0, 0, 7, 0
};

/*Kern values between classes*/
static const int8_t kern_class_values[] =
{
    0, 0, 0, 0, 0, 0, 0, 0,
    0, 0, 0, 0, 0, 0, 0, 0,
    0, 0, 0, 0, 0, 0, 0, 0,
    0, 0, -6, 0, -6, 0, 0, 0,
    0, -9, 0, 0, 0, 0, 0, 0,
    0, 0, 0, 0, 0, 0, 0, 0,
    0, 0, 0, 0, 0, 0, 0, 0,
    0, 0, 0, 0, -12, 0, -3, -6,
    -37, -6, -20, 0, -6, -3, 0, 0,
    0, 0, 0, 0, 0, 0, 0, 0,
    0, 0, 0, 0, 0, 0, 0, 0,
    0, 0, 0, 0, 0, 0, 0, 0,
    0, 0, 0, 0, 0, 0, 0, 0,
    0, 0, 0, 0, 0, 0, 0, 0,
    0, 0, 0, 0, 6, 0, 3, 0,
    0, 0, 0, 0, 0, 0, 0, 0,
    0, 0, 0, 0, 0, 0, 0, 0,
    0, 0, 0, 0, 0, 0, 0, 0,
    0, 0, 0, 0, 0, 0, 0, 0,
    0, 0, -23, 0, 0, 0, 0, 0,
    0, 0, 0, 0, 0, 0, 0, 0,
    0, 0, 0, 0, 0, 0, 0, 0,
    0, 0, 0, 0, 0, 0, 0, 0,
    0, 0, 0, 0, 0, 0, 0, 0,
    0, 0, 0, 0, 0, 0, 0, 0,
    0, 0, 0, 0, 0, 0, 0, 0,
    0, 0, 0, 0, 0, 0, 0, 0,
    0, 0, 0, 0, -6, 0, 0, -6,
    -40, -3, -40, -17, -12, -52, 0, 0,
    -2, -12, 0, 0, 0, 0, 0, -6,
    0, -20, -12, -12, 0, 0, 0, 0,
    0, 0, 0, 0, 0, 0, -23, 0,
    -6, 0, 0, -3, -17, 0, -6, 0,
    0, -6, 0, -23, 0, 0, -16, 0,
    -12, 0, 0, 0, 0, 0, 0, 0,
    -6, -16, 0, -17, 0, 29, 0, 0,
    0, -7, -24, -7, 0, 0, 0, 0,
    0, 0, 0, 0, 0, 0, -29, -6,
    -23, -6, 0, 0, 0, 0, 0, -6,
    0, 0, 0, 0, 0, 0, -40, -9,
    -58, 0, 0, 0, 0, 0, -12, -6,
    0, -14, -17, 3, -3, 0, 0, 0,
    -9, 6, 0, 0, 0, -6, 0, 0,
    0, 0, 0, 0, 0, 0, -29, 0,
    0, 0, -7, -17, 0, 0, 0, 0,
    0, -6, 0, -9, 0, -40, 0, 0,
    -13, 0, 3, -58, -9, -37, -17, 0,
    -52, 0, 0, -2, -17, -2, 0, 0,
    0, 0, -2, -2, -36, -12, 0, 0,
    0, 0, 0, 0, 0, 0, -23, -6,
    0, 0, -6, 3, -6, -12, 0, 0,
    0, 0, -20, 0, 0, 0, 0, 0,
    -10, 3, 10, 0, -44, 0, -17, -6,
    -23, -37, -6, 0, 6, 0, 0, 0,
    0, 0, 6, 0, 0, -6, 0, -18,
    0, 0, 0, 0, 0, 0, 0, 0,
    0, 0, -6, -29, 0, 12, -3, 0,
    -10, 0, -9, 3, 0, 0, 0, 0,
    0, 0, -6, -40, 0, 6, 3, 9,
    0, 0, 6, 0, -32, -32, 0, -29,
    0, 0, -14, -26, 0, -6, -12, -12,
    -12, -12, 0, 0, -6, 0, 0, 0,
    -6, -6, -7, 3, 0, 0, -3, 0,
    0, 0, 0, 0, -6, 0, 0, 0,
    0, 0, 0, 0, 0, 0, 0, 0,
    0, 0, 0, 0, 0, 0, 0, 0,
    0, 0, 0, 0, 0, 0, 0, 0,
    0, 0, 0, 0, 0, -9, 0, 0,
    0, 0, -6, 0, -10, 0, -3, 0,
    0, 0, 0, 0, 0, 0, 0, 0,
    0, 0, 0, 0, 0, 0, 0, 0,
    0, 0, 0, 0, 0, 0, 0, 0,
    0, 0, 0, 0, 0, 0, 0, 0,
    0, 0, 0, 0, 0, 0, -6, 0,
    0, 0, -3, -3, 0, 0, 0, 0,
    0, 0, 0, 0, 0, 0, 0, 0,
    0, 0, 0, 0, 0, 0, 0, 0,
    0, 0, 0, 0, 0, 0, 0, 0,
    0, 0, 0, 0, 0, 0, 0, 0,
    0, 0, 0, 0, 0, 0, 0, -23,
    0, -9, 0, -3, -17, 0, 0, 0,
    0, -9, 0, 3, 0, 0, 3, -12,
    3, -10, 0, 0, 0, 0, 0, 0,
    0, 0, 0, 0, 0, 0, 0, 0,
    0, 0, 0, 0, 0, 0, 0, 0,
    0, 0, 0, 0, 0, 0, 0, 0,
    -17, 0, -12, 0, 0, -14, -3, 0,
    0, 0, -6, -3, 0, 0, -6, 0,
    -12, 0, -6, 0, 0, 0, 0, 0,
    0, 0, 0, 0, 0, 0, 0, 0,
    0, 0, 0, 0, 0, 0, 0, 0,
    0, 0, 0, 0, 0, 0, 0, 0,
    0, -14, 0, -7, 0, -6, -12, 0,
    0, 0, 0, -9, 0, 0, 0, 0,
    0, -7, 0, -3, 0, 0, 0, 0,
    0, 0, 0, 0, 0, 0, 0, 0,
    0, 0, 0, 0, 0, 0, 0, 0,
    0, 0, 0, 0, 0, 0, 0, 0,
    0, 0, 0, -12, 0, 0, 0, 0,
    -23, -14, -17, -6, 3, 0, -6, -35,
    -7, -20, 2, 0, 0, -6, 0, 0,
    0, 0, 0, 0, 0, 0, 0, 0,
    0, 0, 0, 0, 0, 0, 0, 0,
    0, 0, 0, 0, 0, 0, 0, 0,
    0, 0, 0, -6, 0, 0, 0, 0,
    -6, 0, 0, 0, 0, -3, 0, 0,
    0, 0, 0, 0, 0, 0, 0, 0,
    0, 0, 0, 0, 0, 0, 0, 0,
    0, 0, 0, 0, 0, 0, 0, 0,
    0, 0, 0, 0, 0, 0, 0, 0,
    0, 0, 0, 0, 0, -3, 0, 0,
    -6, 0, -18, 0, -7, 0, 0, 0,
    0, -6, 0, -9, 0, 0, 0, 0,
    0, 0, 0, 0, 0, 0, 0, 0,
    0, 0, 0, 0, 0, 0, 0, 0,
    0, 0, 0, 0, 0, 0, 0, 0,
    0, 0, 0, 0, 0, 0, 0, 0,
    0, 0, 0, 0, 0, 0, 0, 0,
    0, 0, 0, 0, 0, -6, 0, 0,
    0, 0, 0, 0, 0, 0, 0, 0,
    0, 0, 0, 0, 0, 0, 0, 0,
    0, 0, 0, 0, 0, 0, 0, 0,
    0, 0, 0, 0, 0, 0, 0, 0,
    0, 0, -6, 0, 0, -6, 0, 0,
    0, 0, 0, 0, 0, 0, 0, 0,
    0, 0, 0, 0, 0, 0, 0, 0,
    0, 0, 0, 0, 0, 0, 0, 0,
    0, 0, 0, 0, 0, 0, 0, 0,
    0, 0, 0, 0, 0, 0, 0, 0,
    0, 0, 0, 0, 0, 0, 0, 0,
    0, 0, 0, 0, 0, 0, 0, 0,
    0, 0, 0, 0, 0, -35, 0, 0,
    0, -6, 0, -17, -12, -32, -23, -9,
    0, 0, 0, 0, 0, 0, 0, 0,
    0, 0, -3, -6, -6, -9, 0, 0,
    0, 0, 0, -6, 0, -40, 0, -10,
    0, 0, 0, 0, 0, 0, 0, 0,
    0, 0, 0, 0, -35, -3, -6, -26,
    -14, -5, -59, -24, -60, -32, -17, -66,
    0, 0, -9, -12, -12, 0, 0, 0,
    0, -16, -7, -29, -17, -12, 0, 0,
    0, 0, 0, 0, 6, -9, 0, 0,
    6, 0, 0, 0, 0, 0, 0, 0,
    0, 0, 0, 0, 0, 0, 0, -3,
    0, 0, 0, -2, 0, -12, -7, -17,
    -17, 0, 6, 0, 0, 0, 0, 0,
    0, 0, 0, 0, 0, -3, 0, 0,
    0, 0, 0, 0, 0, 12, -9, 0,
    0, -6, 0, 0, 0, 0, 0, 0,
    0, 0, 0, 0, 0, 0, 0, -6,
    -6, -6, -3, 0, -3, 0, -6, -3,
    -14, -14, 0, 3, 0, 0, 0, 0,
    0, 0, -3, -3, 0, -7, -5, 0,
    0, 0, 0, 0, 0, 0, 0, -16,
    0, -14, 3, -6, 0, 0, 0, 0,
    0, 0, 0, 0, 0, 0, 0, 0,
    0, -27, 0, 0, -6, -20, 0, -26,
    -13, -37, -40, -10, 0, 0, 3, 0,
    0, 0, 0, 0, 3, 0, 0, 0,
    -6, 0, 0, 0, 0, 0, 0, 0,
    0, 0, 0, 0, 0, 0, 0, 0,
    0, 0, 0, 0, 0, 0, 0, 0,
    0, -3, 0, -4, -2, -2, 0, 0,
    0, 0, 0, 0, 0, 0, 0, 0,
    0, 0, 0, 0, 0, -3, 0, 0,
    -5, 0, 0, 0, 3, 0, 0, 0,
    0, 0, 0, -29, 0, -23, 0, 0,
    0, 0, 0, 0, 0, 0, 0, 0,
    0, 0, 0, -38, 0, -22, -8, 0,
    0, 0, 0, -3, 0, 0, -13, -4,
    0, -4, 0, 0, -3, -5, 0, -3,
    0, -3, -7, -3, 0, 0, 0, 0,
    0, 6, -13, -9, -3, 6, -3, 0,
    0, 0, 0, 0, 0, 0, 0, 0,
    0, 0, -7, 0, -23, 0, 0, -3,
    -18, 0, -17, -12, -24, -26, -9, -3,
    0, 3, 0, 0, 0, 0, 0, 3,
    0, -6, -3, -9, 3, 0, 0, 0,
    0, 0, 0, 0, 0, 0, 0, 0,
    0, 0, 0, 0, 0, 0, 0, 0,
    0, 0, 0, 0, 0, -3, 0, 0,
    0, 0, 0, 0, 0, 0, 0, 0,
    0, 0, 0, 0, 0, 0, 0, 0,
    0, 0, 0, 0, 0, 0, 0, 0,
    0, 0, 0, 0, 0, 0, -6, 0,
    0, 0, 0, 0, 0, 0, 0, 0,
    0, 0, 0, 0, 0, 0, -17, 0,
    0, 0, 0, 0, 0, 0, -3, 0,
    0, -3, 0, 0, 0, 0, 0, 0,
    0, 0, 0, 0, 0, -3, 0, 0,
    0, 0, 0, 0, -17, 0, -9, 0,
    -35, 0, 0, 0, 0, 0, 0, 0,
    0, 0, 0, 0, 0, -26, -37, -17,
    -37, -30, -24, -6, -12, -17, -9, -14,
    -17, -6, -14, -27, -14, -26, 0, 0,
    0, -6, -23, -14, -26, -23, -17, -3,
    -6, 0, 0, 0, 0, 6, 0, -63,
    0, -20, 0, 0, 0, 0, 0, 0,
    0, 0, 0, 0, 0, 0, -40, -10,
    0, -12, -6, 0, -66, -11, -52, -29,
    0, -62, 0, 4, 0, -12, 0, 0,
    0, 0, 0, -10, 0, -28, -12, 0,
    0, 0, 0, 0, 0, 0, 3, -16,
    -9, -13, 3, -6, 0, 0, 0, 0,
    0, 0, 0, 0, 0, 0, 0, 0,
    0, -26, 0, 0, -6, -17, 0, -24,
    -13, -33, -37, -9, 0, 0, 0, 0,
    0, 0, 0, 0, 3, 0, 0, 0,
    -6, 0, 0, 0, 0, 0, 0, -17,
    -14, 3, -43, 3, -29, 0, 0, 0,
    0, 0, 0, 0, 0, 0, 0, 0,
    8, -6, -44, 0, -30, 0, 0, 0,
    -6, 0, -25, -17, -6, -9, -10, 12,
    -7, 0, 0, 0, -3, 13, 0, 6,
    0, 0, 0, 0, 0, 0, 0, 0,
    -6, 0, -3, 0, -3, 0, 0, 0,
    0, 0, 0, 0, 0, 0, 0, 0,
    0, 2, 0, -6, -6, -14, 0, -7,
    -3, -12, -9, -9, -20, -6, 0, -9,
    0, -10, 0, 0, 0, 0, 0, 0,
    0, 0, 0, 0, 0, 0, 0, 0,
    0, 3, -9, -9, 0, 6, 0, 0,
    0, 0, 0, 0, 0, 0, 0, 0,
    0, 0, -7, 0, -14, -3, 0, -6,
    -12, 0, -10, -7, -21, -17, 0, 0,
    0, -3, 0, 0, 0, 0, 0, -6,
    0, -10, -6, -12, 0, -6, 0, 0,
    0, 0, -33, 0, 0, -58, -44, -37,
    0, 0, 0, 0, 0, 0, 0, 0,
    0, 0, -18, 0, -23, -59, -17, -63,
    -12, 0, 0, 3, 0, -6, 0, 0,
    -51, -56, -11, -55, 0, 0, -34, -40,
    -6, -34, -31, -36, -31, -22, 0, 0,
    0, 0, 0, 0, 0, 0, -9, 0,
    -6, 0, 0, 0, 0, 0, 0, 0,
    0, 0, 0, 0, 0, 0, -24, 0,
    0, -3, 0, 0, 0, 0, -6, 0,
    0, -3, 0, 0, 0, 0, 0, 0,
    -3, 0, 0, 0, 0, -3, 0, 0,
    0, 0, 0, 0, -29, 0, 0, -37,
    -17, -32, 0, 0, 0, 0, 0, 0,
    0, 0, 0, 0, -14, -9, -29, -60,
    -24, -55, -17, 3, 0, -6, -6, -14,
    -12, -6, -30, -35, -12, -37, -2, -3,
    -20, -27, -12, -14, -17, -20, -21, -16,
    0, 0, 0, 0, 0, -12, 0, 0,
    -17, -6, -13, 0, 0, 0, 0, 0,
    0, 0, 0, 0, 0, -2, -3, -23,
    -32, -13, -35, -14, 0, 0, -6, -6,
    -9, -9, -3, -20, -23, -6, -24, -5,
    -6, -11, -16, -6, -14, -12, -13, -13,
    -12, 0, 0, 0, 0, 0, -17, 0,
    -12, 0, -23, 0, 0, 0, 0, 0,
    0, 0, 0, 0, 0, 0, 0, -26,
    -37, -17, -33, -30, -16, -6, -6, -14,
    -9, -12, -12, -3, -9, -18, -14, -26,
    0, 0, 0, -9, -22, -14, -29, -23,
    -17, 0, -9, 0, 0, 0, 0, -46,
    0, -6, -52, -37, -47, 0, 0, 0,
    0, 0, 0, 0, 0, 0, 0, -32,
    -14, -43, -66, -37, -72, -26, 0, 0,
    -12, -9, -12, -17, 0, -60, -61, -31,
    -58, -6, -14, -43, -58, -29, -43, -39,
    -35, -46, -40, 0, 0, 0, 0, 0,
    0, 0, 0, 0, -23, 0, 0, 0,
    0, 0, 0, 0, 0, 0, 0, 0,
    0, 0, -9, 0, -14, -12, 0, 0,
    0, 0, 0, -3, -3, 0, 0, -4,
    -9, -6, 0, 0, 0, 0, -6, 0,
    -6, -8, 0, 0, 0, 0, 0, 0,
    0, 0, 0, -17, 0, 0, 0, 0,
    0, 0, 0, 0, 0, 0, 0, 0,
    0, 0, -12, 0, 0, 0, -3, 0,
    -43, 0, -29, -14, 0, -52, 0, 0,
    0, -3, 0, 0, 0, 0, 0, -3,
    0, -14, -10, 0, 0, 0, 0, 0,
    0, 0, 0, -16, -17, -2, 6, -6,
    0, 0, 0, 0, 0, 0, 0, 0,
    0, 0, 0, -21, 0, -6, 0, 0,
    0, -53, 0, -32, -20, -19, -58, 0,
    0, 0, -6, 0, 0, 0, 0, 0,
    -3, 0, -17, -13, -22, -6, 0, 0,
    0, 0, 0, 6, -13, -9, 0, 0,
    0, 0, 0, 0, 0, 0, 0, 0,
    0, 0, 0, 0, -3, 0, -4, 0,
    0, 0, -52, 0, -32, -17, -16, -58,
    0, 0, 0, 0, 0, 0, 0, 0,
    0, 0, 0, -9, -6, -3, 6, 0,
    0, 0, 0, 0, 6, -14, -12, 0,
    6, 0, 0, 0, 0, 0, 0, 0,
    0, 0, 0, 0, 0, -17, 0, -6,
    0, 0, 0, -52, 0, -32, -20, -17,
    -58, 0, 0, 0, -3, 0, 0, 0,
    0, 0, -3, 0, -12, -4, -14, 3,
    0, 0, 0, 0, 0, -12, 0, 9,
    -26, 0, -14, 0, 0, 0, 0, 0,
    0, 0, 0, 0, 0, 0, 8, 0,
    -14, 3, -12, 0, 3, 0, 0, 0,
    -6, 0, 3, -12, -6, 0, -3, 0,
    0, 0, 0, 0, 0, 0, 0, -3,
    0, 0, 0, 0, 0, 0, 0, 0,
    0, 0, 0, 0, 0, 0, 0, 0,
    0, 0, 0, 0, 0, 0, 0, 0,
    0, 0, 0, 0, 0, -26, 0, -14,
    -6, 0, -46, 0, 0, 0, 0, 0,
    0, 6, 0, 0, 0, 0, 0, 0,
    0, 0, 0, 0, 0, 0, 0, 0,
    0, -12, 0, 0, 0, 0, 0, 0,
    0, 0, 0, 0, 0, 0, 0, 0,
    -9, 0, 0, 0, -3, 0, -43, 0,
    -29, -14, 0, -52, 0, 0, 0, 0,
    0, 0, 0, 0, 0, 0, 0, -12,
    -7, 0, 0, 0, 0, 0, 0, 0,
    0, 0, 0, 0, 0, 0, 0, 0,
    0, 0, 0, 0, 0, 0, 0, 0,
    0, 0, 0, 0, 0, 0, 0, 0,
    0, 0, 0, 0, -6, 0, 0, 0,
    0, 0, 0, 0, 0, 0, 0, 0,
    0, 0, 0, 0, 0, 0, 0, 0,
    0, -6, 0, 0, 0, -20, 0, 0,
    0, 0, 0, 0, 0, 0, 0, 0,
    0, 0, 8, -12, -14, 0, -14, 0,
    -20, 0, -17, -9, -14, -41, 0, -9,
    -22, 0, -22, 0, 0, 0, 0, 0,
    0, -13, -9, 0, 6, 0, 0, 0,
    0, 0, 0, 0, 0, 0, 0, 0,
    0, 0, 0, 0, 0, 0, 0, 0,
    0, 0, 0, 0, 0, 0, 0, 0,
    0, -26, 0, -14, -6, 0, -40, 0,
    0, 0, 0, 0, 0, 23, 0, 0,
    0, 0, 0, 0, 0, 0, 0, 0,
    0, 0, 0, -9, -17, 0, -37, 0,
    -17, 0, 0, 0, 0, 0, 0, 0,
    0, 0, 0, 0, 2, 0, -23, 6,
    -17, 0, -17, 0, -12, -9, -17, -37,
    -9, -12, -7, 0, -6, 0, 0, 0,
    0, 0, 0, 0, 0, -3, 0, 0,
    0, 0, 0, 0, 0, -6, -6, 0,
    6, 0, 0, 0, 0, 0, 0, 0,
    0, 0, 0, 0, 0, -6, 0, 0,
    0, 0, 0, -32, 0, -23, -12, -6,
    -55, 0, 0, 0, -3, 0, 0, 0,
    0, 0, -3, 0, -9, -9, -12, 0,
    0, 0, 0, 0, 0, 0, 0, 0,
    0, 0, 9, 0, 0, 0, 0, 0,
    0, 0, 0, 0, 0, 6, 0, 0,
    0, 6, -6, 3, -3, 0, -9, -3,
    -6, -32, -3, 3, -4, 0, -4, 0,
    0, 0, 0, 0, 0, 0, 0, 0,
    0, 0, 0, 0, 0, 0, 0, 0,
    0, 0, 0, 0, 0, 0, 0, 0,
    0, 0, 0, 0, 0, 0, 0, 0,
    0, 0, 0, 0, 0, -26, 0, -9,
    -12, 0, -43, 0, 0, 0, 0, 0,
    0, 0, 0, 0, 0, 0, 0, 0,
    0, 0, 0, 0, 0, 0, 0, -17,
    -24, 0, -36, -6, -23, 0, 0, 0,
    0, 0, 0, 0, 0, 0, 0, 0,
    0, -14, -26, 0, -20, 0, -28, 0,
    -14, -9, -26, -36, -3, -13, -17, 0,
    -16, 0, 0, 0, -12, 0, 0, -12,
    -6, -14, 0, 0, 0, 0, 0, 0,
    -14, -7, 0, -12, 0, -9, 0, 0,
    0, 0, 0, 0, 0, 0, 0, 0,
    0, 0, -9, -14, 0, -7, -3, -26,
    0, -14, -9, -20, -32, -3, -16, -13,
    0, -11, 0, 0, 0, -7, 0, 0,
    -6, 0, -12, -3, 0, 0, 0, 0,
    0, -12, 0, -6, 0, -18, 0, 0,
    0, 0, 0, 0, 0, 0, 0, 0,
    0, 0, 0, -20, -12, -3, -14, 0,
    -20, 0, -17, -9, -14, -49, 0, -12,
    -22, 0, -20, 0, 0, 0, -9, 0,
    -6, -14, -12, -9, 0, 0, 0, 0,
    0, 0, 0, 0, 0, 0, 0, 9,
    0, 0, 0, 0, 0, 0, 0, 0,
    0, 0, 0, 0, -9, 0, 0, 0,
    3, -20, 0, -12, -9, 0, -43, 0,
    0, -10, 0, -10, 0, 0, 0, 0,
    0, 0, 0, 0, 0, 0
};


/*Collect the kern class' data in one place*/
static const lv_font_fmt_txt_kern_classes_t kern_classes =
{
    .class_pair_values   = kern_class_values,
    .left_class_mapping  = kern_left_class_mapping,
    .right_class_mapping = kern_right_class_mapping,
    .left_class_cnt      = 62,
    .right_class_cnt     = 49,
};

/*--------------------
 *  ALL CUSTOM DATA
 *--------------------*/

#if LVGL_VERSION_MAJOR == 8
/*Store all the custom data of the font*/
static  lv_font_fmt_txt_glyph_cache_t cache;
#endif

#if LVGL_VERSION_MAJOR >= 8
static const lv_font_fmt_txt_dsc_t font_dsc = {
#else
static lv_font_fmt_txt_dsc_t font_dsc = {
#endif
    .glyph_bitmap = glyph_bitmap,
    .glyph_dsc = glyph_dsc,
    .cmaps = cmaps,
    .kern_dsc = &kern_classes,
    .kern_scale = 16,
    .cmap_num = 1,
    .bpp = 4,
    .kern_classes = 1,
    .bitmap_format = 0,
#if LVGL_VERSION_MAJOR == 8
    .cache = &cache
#endif

};



/*-----------------
 *  PUBLIC FONT
 *----------------*/

/*Initialize a public general font descriptor*/
#if LVGL_VERSION_MAJOR >= 8
const lv_font_t intelone_medium_36 = {
#else
lv_font_t intelone_medium_36 = {
#endif
    .get_glyph_dsc = lv_font_get_glyph_dsc_fmt_txt,    /*Function pointer to get glyph's data*/
    .get_glyph_bitmap = lv_font_get_bitmap_fmt_txt,    /*Function pointer to get glyph's bitmap*/
    .line_height = 36,          /*The maximum line height required by the font*/
    .base_line = 6,             /*Baseline measured from the bottom of the line*/
#if !(LVGL_VERSION_MAJOR == 6 && LVGL_VERSION_MINOR == 0)
    .subpx = LV_FONT_SUBPX_NONE,
#endif
#if LV_VERSION_CHECK(7, 4, 0) || LVGL_VERSION_MAJOR >= 8
    .underline_position = 0,
    .underline_thickness = 0,
#endif
    .dsc = &font_dsc,          /*The custom font data. Will be accessed by `get_glyph_bitmap/dsc` */
#if LV_VERSION_CHECK(8, 2, 0) || LVGL_VERSION_MAJOR >= 9
    .fallback = NULL,
#endif
    .user_data = NULL,
};



#endif /*#if INTELONE_MEDIUM_36*/
