/*******************************************************************************
 * Size: 32 px
 * Bpp: 4
 * Opts: --bpp 4 --size 32 --no-compress --stride 1 --align 1 --font intelone-display-medium.ttf --range 32-127 --format lvgl -o intelone_medium_32.c
 ******************************************************************************/

#ifdef __has_include
    #if __has_include("lvgl.h")
        #ifndef LV_LVGL_H_INCLUDE_SIMPLE
            #define LV_LVGL_H_INCLUDE_SIMPLE
        #endif
    #endif
#endif

#ifdef LV_LVGL_H_INCLUDE_SIMPLE
    #include "lvgl.h"
#else
    #include "lvgl/lvgl.h"
#endif



#ifndef INTELONE_MEDIUM_32
#define INTELONE_MEDIUM_32 1
#endif

#if INTELONE_MEDIUM_32

/*-----------------
 *    BITMAPS
 *----------------*/

/*Store the image of the glyphs*/
static LV_ATTRIBUTE_LARGE_CONST const uint8_t glyph_bitmap[] = {
    /* U+0020 " " */

    /* U+0021 "!" */
    0x8f, 0xff, 0xf0, 0x7f, 0xff, 0xf0, 0x6f, 0xff,
    0xe0, 0x5f, 0xff, 0xd0, 0x4f, 0xff, 0xc0, 0x3f,
    0xff, 0xb0, 0x2f, 0xff, 0xa0, 0x1f, 0xff, 0x90,
    0xf, 0xff, 0x80, 0xf, 0xff, 0x70, 0xf, 0xff,
    0x70, 0xe, 0xff, 0x60, 0xd, 0xff, 0x50, 0xc,
    0xff, 0x40, 0xb, 0xff, 0x30, 0xa, 0xff, 0x20,
    0x0, 0x0, 0x0, 0x0, 0x0, 0x0, 0x6f, 0xff,
    0xe0, 0x6f, 0xff, 0xf0, 0x6f, 0xff, 0xf0, 0x6f,
    0xff, 0xf0,

    /* U+0022 "\"" */
    0x5f, 0xff, 0xd0, 0xcf, 0xff, 0x65, 0xff, 0xfa,
    0xc, 0xff, 0xf4, 0x5f, 0xff, 0x80, 0xcf, 0xff,
    0x15, 0xff, 0xf5, 0xc, 0xff, 0xf0, 0x5f, 0xff,
    0x30, 0xcf, 0xfd, 0x5, 0xff, 0xf1, 0xc, 0xff,
    0xa0, 0x5f, 0xfe, 0x0, 0xcf, 0xf8, 0x2, 0x66,
    0x40, 0x4, 0x66, 0x20,

    /* U+0023 "#" */
    0x0, 0x0, 0x3, 0xff, 0xe0, 0x0, 0xf, 0xff,
    0x10, 0x0, 0x0, 0x6, 0xff, 0xb0, 0x0, 0x3f,
    0xfe, 0x0, 0x0, 0x0, 0x9, 0xff, 0x80, 0x0,
    0x6f, 0xfb, 0x0, 0x0, 0x0, 0xd, 0xff, 0x50,
    0x0, 0x9f, 0xf8, 0x0, 0x0, 0x0, 0xf, 0xff,
    0x20, 0x0, 0xcf, 0xf5, 0x0, 0xb, 0xff, 0xff,
    0xff, 0xff, 0xff, 0xff, 0xff, 0xf9, 0xb, 0xff,
    0xff, 0xff, 0xff, 0xff, 0xff, 0xff, 0xf9, 0xb,
    0xff, 0xff, 0xff, 0xff, 0xff, 0xff, 0xff, 0xf9,
    0x6, 0x88, 0xef, 0xfa, 0x88, 0x8d, 0xff, 0xc8,
    0x84, 0x0, 0x0, 0xff, 0xf2, 0x0, 0xc, 0xff,
    0x50, 0x0, 0x0, 0x2, 0xff, 0xf0, 0x0, 0xf,
    0xff, 0x20, 0x0, 0x0, 0x6, 0xff, 0xc0, 0x0,
    0x2f, 0xff, 0x0, 0x0, 0x0, 0x9, 0xff, 0x80,
    0x0, 0x6f, 0xfc, 0x0, 0x0, 0x78, 0x8e, 0xff,
    0xb8, 0x88, 0xcf, 0xfd, 0x88, 0x30, 0xdf, 0xff,
    0xff, 0xff, 0xff, 0xff, 0xff, 0xff, 0x70, 0xdf,
    0xff, 0xff, 0xff, 0xff, 0xff, 0xff, 0xff, 0x70,
    0xdf, 0xff, 0xff, 0xff, 0xff, 0xff, 0xff, 0xff,
    0x70, 0x0, 0x9f, 0xf8, 0x0, 0x6, 0xff, 0xc0,
    0x0, 0x0, 0x0, 0xcf, 0xf5, 0x0, 0x9, 0xff,
    0x80, 0x0, 0x0, 0x0, 0xff, 0xf2, 0x0, 0xc,
    0xff, 0x50, 0x0, 0x0, 0x3, 0xff, 0xe0, 0x0,
    0xf, 0xff, 0x20, 0x0, 0x0, 0x6, 0xff, 0xb0,
    0x0, 0x3f, 0xfe, 0x0, 0x0, 0x0,

    /* U+0024 "$" */
    0x0, 0x0, 0x0, 0x0, 0x15, 0x55, 0x0, 0x0,
    0x0, 0x0, 0x0, 0x0, 0x0, 0x0, 0x4f, 0xff,
    0x20, 0x0, 0x0, 0x0, 0x0, 0x0, 0x0, 0x0,
    0x4f, 0xff, 0x20, 0x0, 0x0, 0x0, 0x0, 0x0,
    0x0, 0x2, 0x7f, 0xff, 0x50, 0x0, 0x0, 0x0,
    0x0, 0x0, 0x7, 0xdf, 0xff, 0xff, 0xff, 0xb5,
    0x0, 0x0, 0x0, 0x3, 0xef, 0xff, 0xff, 0xff,
    0xff, 0xff, 0xc3, 0x0, 0x0, 0x3f, 0xff, 0xff,
    0xff, 0xff, 0xff, 0xff, 0xff, 0x50, 0x0, 0xcf,
    0xff, 0xe7, 0x21, 0x2, 0x5a, 0xff, 0xff, 0x70,
    0x3, 0xff, 0xfd, 0x10, 0x0, 0x0, 0x0, 0x2b,
    0xfa, 0x0, 0x6, 0xff, 0xf7, 0x0, 0x0, 0x0,
    0x0, 0x0, 0x60, 0x0, 0x7, 0xff, 0xf8, 0x0,
    0x0, 0x0, 0x0, 0x0, 0x0, 0x0, 0x5, 0xff,
    0xfe, 0x30, 0x0, 0x0, 0x0, 0x0, 0x0, 0x0,
    0x1, 0xff, 0xff, 0xfc, 0x98, 0x76, 0x64, 0x10,
    0x0, 0x0, 0x0, 0x8f, 0xff, 0xff, 0xff, 0xff,
    0xff, 0xfd, 0x70, 0x0, 0x0, 0x8, 0xff, 0xff,
    0xff, 0xff, 0xff, 0xff, 0xfd, 0x10, 0x0, 0x0,
    0x16, 0xad, 0xef, 0xff, 0xff, 0xff, 0xff, 0xa0,
    0x0, 0x0, 0x0, 0x0, 0x0, 0x0, 0x26, 0xdf,
    0xff, 0xf1, 0x0, 0x0, 0x0, 0x0, 0x0, 0x0,
    0x0, 0xd, 0xff, 0xf5, 0x0, 0x0, 0x0, 0x0,
    0x0, 0x0, 0x0, 0x8, 0xff, 0xf6, 0x0, 0xa9,
    0x0, 0x0, 0x0, 0x0, 0x0, 0x9, 0xff, 0xf5,
    0x6, 0xff, 0xd4, 0x0, 0x0, 0x0, 0x0, 0x2f,
    0xff, 0xf1, 0x1f, 0xff, 0xff, 0xc6, 0x20, 0x0,
    0x28, 0xff, 0xff, 0xa0, 0x6, 0xff, 0xff, 0xff,
    0xff, 0xef, 0xff, 0xff, 0xfe, 0x10, 0x0, 0x3c,
    0xff, 0xff, 0xff, 0xff, 0xff, 0xff, 0xd2, 0x0,
    0x0, 0x0, 0x4a, 0xff, 0xff, 0xff, 0xff, 0xd6,
    0x0, 0x0, 0x0, 0x0, 0x0, 0x3, 0x8f, 0xff,
    0x62, 0x0, 0x0, 0x0, 0x0, 0x0, 0x0, 0x0,
    0x4f, 0xff, 0x20, 0x0, 0x0, 0x0, 0x0, 0x0,
    0x0, 0x0, 0x4f, 0xff, 0x20, 0x0, 0x0, 0x0,
    0x0, 0x0, 0x0, 0x0, 0x4f, 0xff, 0x20, 0x0,
    0x0, 0x0,

    /* U+0025 "%" */
    0x0, 0x3, 0xae, 0xfe, 0xb4, 0x0, 0x0, 0x0,
    0x0, 0x3f, 0xfe, 0x10, 0x0, 0x7, 0xff, 0xff,
    0xff, 0xf7, 0x0, 0x0, 0x0, 0xd, 0xff, 0x30,
    0x0, 0x4, 0xff, 0xfd, 0xad, 0xff, 0xf4, 0x0,
    0x0, 0xa, 0xff, 0x70, 0x0, 0x0, 0xbf, 0xf9,
    0x0, 0x9, 0xff, 0xc0, 0x0, 0x5, 0xff, 0xb0,
    0x0, 0x0, 0xf, 0xff, 0x10, 0x0, 0xf, 0xff,
    0x0, 0x2, 0xff, 0xe1, 0x0, 0x0, 0x0, 0xff,
    0xf0, 0x0, 0x0, 0xef, 0xf1, 0x0, 0xcf, 0xf3,
    0x0, 0x0, 0x0, 0xf, 0xff, 0x10, 0x0, 0xf,
    0xff, 0x0, 0x8f, 0xf6, 0x0, 0x0, 0x0, 0x0,
    0xcf, 0xf9, 0x0, 0x9, 0xff, 0xc0, 0x3f, 0xfa,
    0x0, 0x0, 0x0, 0x0, 0x4, 0xff, 0xfd, 0xad,
    0xff, 0xf4, 0x1e, 0xfd, 0x0, 0x0, 0x0, 0x0,
    0x0, 0x7, 0xff, 0xff, 0xff, 0xf7, 0xa, 0xff,
    0x20, 0x0, 0x0, 0x0, 0x0, 0x0, 0x4, 0xbe,
    0xfe, 0xa3, 0x6, 0xff, 0x60, 0x0, 0x0, 0x0,
    0x0, 0x0, 0x0, 0x0, 0x0, 0x0, 0x3, 0xff,
    0xa0, 0x19, 0xdf, 0xeb, 0x50, 0x0, 0x0, 0x0,
    0x0, 0x0, 0x0, 0xdf, 0xd0, 0x3f, 0xff, 0xff,
    0xff, 0x90, 0x0, 0x0, 0x0, 0x0, 0x0, 0xaf,
    0xf3, 0x1e, 0xff, 0xea, 0xdf, 0xff, 0x60, 0x0,
    0x0, 0x0, 0x0, 0x7f, 0xf7, 0x7, 0xff, 0xc0,
    0x0, 0x8f, 0xfe, 0x0, 0x0, 0x0, 0x0, 0x3f,
    0xfb, 0x0, 0xcf, 0xf4, 0x0, 0x0, 0xef, 0xf2,
    0x0, 0x0, 0x0, 0x1e, 0xfe, 0x10, 0xd, 0xff,
    0x20, 0x0, 0xb, 0xff, 0x40, 0x0, 0x0, 0xb,
    0xff, 0x40, 0x0, 0xdf, 0xf3, 0x0, 0x0, 0xcf,
    0xf3, 0x0, 0x0, 0x7, 0xff, 0x90, 0x0, 0xa,
    0xff, 0x80, 0x0, 0x1f, 0xff, 0x0, 0x0, 0x4,
    0xff, 0xd0, 0x0, 0x0, 0x4f, 0xff, 0x72, 0x4d,
    0xff, 0xa0, 0x0, 0x1, 0xef, 0xf2, 0x0, 0x0,
    0x0, 0xaf, 0xff, 0xff, 0xff, 0xe2, 0x0, 0x0,
    0xcf, 0xf6, 0x0, 0x0, 0x0, 0x0, 0x9f, 0xff,
    0xff, 0xc2, 0x0, 0x0, 0x0, 0x0, 0x0, 0x0,
    0x0, 0x0, 0x0, 0x16, 0x76, 0x30, 0x0, 0x0,

    /* U+0026 "&" */
    0x0, 0x0, 0x0, 0x4, 0xae, 0xff, 0xc7, 0x0,
    0x0, 0x0, 0x0, 0x0, 0x0, 0x0, 0xb, 0xff,
    0xff, 0xff, 0xfe, 0x20, 0x0, 0x0, 0x0, 0x0,
    0x0, 0xb, 0xff, 0xff, 0xff, 0xff, 0xfe, 0x10,
    0x0, 0x0, 0x0, 0x0, 0x4, 0xff, 0xfe, 0x51,
    0x3c, 0xff, 0xf8, 0x0, 0x0, 0x0, 0x0, 0x0,
    0x9f, 0xff, 0x30, 0x0, 0xe, 0xff, 0xd0, 0x0,
    0x0, 0x0, 0x0, 0xb, 0xff, 0xf0, 0x0, 0x0,
    0xbf, 0xfe, 0x0, 0x0, 0x0, 0x0, 0x0, 0xaf,
    0xff, 0x10, 0x0, 0xd, 0xff, 0xc0, 0x0, 0x0,
    0x0, 0x0, 0x5, 0xff, 0xf9, 0x0, 0x7, 0xff,
    0xf6, 0x0, 0x0, 0x0, 0x0, 0x0, 0xd, 0xff,
    0xf6, 0x3a, 0xff, 0xfc, 0x0, 0x0, 0x0, 0x0,
    0x0, 0x0, 0x4f, 0xff, 0xff, 0xff, 0xfa, 0x0,
    0x0, 0x0, 0x0, 0x0, 0x0, 0x6c, 0xff, 0xff,
    0xff, 0xb4, 0x0, 0x0, 0x0, 0x0, 0x0, 0x2,
    0xdf, 0xff, 0xff, 0xff, 0xf4, 0x0, 0x4, 0xff,
    0xf5, 0x0, 0x1, 0xef, 0xff, 0xd7, 0x9f, 0xff,
    0xf4, 0x0, 0x8f, 0xff, 0x20, 0x0, 0xaf, 0xff,
    0xa0, 0x0, 0xaf, 0xff, 0xf3, 0xd, 0xff, 0xd0,
    0x0, 0xf, 0xff, 0xe0, 0x0, 0x0, 0xbf, 0xff,
    0xe7, 0xff, 0xf8, 0x0, 0x2, 0xff, 0xfa, 0x0,
    0x0, 0x0, 0xcf, 0xff, 0xff, 0xff, 0x10, 0x0,
    0x3f, 0xff, 0xa0, 0x0, 0x0, 0x1, 0xdf, 0xff,
    0xff, 0x80, 0x0, 0x1, 0xff, 0xff, 0x10, 0x0,
    0x0, 0x2, 0xff, 0xff, 0xf1, 0x0, 0x0, 0xc,
    0xff, 0xfd, 0x40, 0x0, 0x5, 0xdf, 0xff, 0xff,
    0xb0, 0x0, 0x0, 0x3f, 0xff, 0xff, 0xec, 0xcf,
    0xff, 0xff, 0xff, 0xff, 0xb0, 0x0, 0x0, 0x5f,
    0xff, 0xff, 0xff, 0xff, 0xff, 0xb5, 0xff, 0xff,
    0xa0, 0x0, 0x0, 0x2b, 0xff, 0xff, 0xff, 0xfb,
    0x40, 0x3, 0xff, 0xff, 0x90, 0x0, 0x0, 0x1,
    0x57, 0x76, 0x40, 0x0, 0x0, 0x0, 0x0, 0x0,
    0x0,

    /* U+0027 "'" */
    0x5f, 0xff, 0xc5, 0xff, 0xf9, 0x5f, 0xff, 0x75,
    0xff, 0xf4, 0x5f, 0xff, 0x25, 0xff, 0xf0, 0x5f,
    0xfd, 0x2, 0x66, 0x40,

    /* U+0028 "(" */
    0x0, 0x0, 0x0, 0x0, 0x0, 0x0, 0x0, 0x0,
    0x0, 0x0, 0x4c, 0x10, 0x0, 0x0, 0x0, 0x9,
    0xff, 0xb0, 0x0, 0x0, 0x1, 0xcf, 0xff, 0xf4,
    0x0, 0x0, 0x1e, 0xff, 0xfe, 0x50, 0x0, 0x1,
    0xdf, 0xff, 0xd2, 0x0, 0x0, 0xb, 0xff, 0xfd,
    0x10, 0x0, 0x0, 0x7f, 0xff, 0xe1, 0x0, 0x0,
    0x1, 0xff, 0xff, 0x40, 0x0, 0x0, 0x8, 0xff,
    0xfa, 0x0, 0x0, 0x0, 0xe, 0xff, 0xf2, 0x0,
    0x0, 0x0, 0x4f, 0xff, 0xb0, 0x0, 0x0, 0x0,
    0x8f, 0xff, 0x60, 0x0, 0x0, 0x0, 0xbf, 0xff,
    0x20, 0x0, 0x0, 0x0, 0xdf, 0xff, 0x0, 0x0,
    0x0, 0x0, 0xef, 0xff, 0x0, 0x0, 0x0, 0x0,
    0xef, 0xff, 0x0, 0x0, 0x0, 0x0, 0xdf, 0xff,
    0x0, 0x0, 0x0, 0x0, 0xbf, 0xff, 0x30, 0x0,
    0x0, 0x0, 0x8f, 0xff, 0x60, 0x0, 0x0, 0x0,
    0x4f, 0xff, 0xc0, 0x0, 0x0, 0x0, 0xe, 0xff,
    0xf2, 0x0, 0x0, 0x0, 0x8, 0xff, 0xfb, 0x0,
    0x0, 0x0, 0x1, 0xef, 0xff, 0x50, 0x0, 0x0,
    0x0, 0x6f, 0xff, 0xf3, 0x0, 0x0, 0x0, 0xb,
    0xff, 0xfe, 0x20, 0x0, 0x0, 0x1, 0xdf, 0xff,
    0xe4, 0x0, 0x0, 0x0, 0x1d, 0xff, 0xff, 0x70,
    0x0, 0x0, 0x1, 0xbf, 0xff, 0xf4, 0x0, 0x0,
    0x0, 0x8, 0xff, 0xa0, 0x0, 0x0, 0x0, 0x0,
    0x3a, 0x10,

    /* U+0029 ")" */
    0x0, 0xb4, 0x0, 0x0, 0x0, 0x0, 0x9, 0xff,
    0xa0, 0x0, 0x0, 0x0, 0x3f, 0xff, 0xfd, 0x20,
    0x0, 0x0, 0x6, 0xff, 0xff, 0xe2, 0x0, 0x0,
    0x0, 0x2e, 0xff, 0xfe, 0x10, 0x0, 0x0, 0x1,
    0xdf, 0xff, 0xc0, 0x0, 0x0, 0x0, 0x2e, 0xff,
    0xf8, 0x0, 0x0, 0x0, 0x4, 0xff, 0xff, 0x10,
    0x0, 0x0, 0x0, 0xaf, 0xff, 0x90, 0x0, 0x0,
    0x0, 0x2f, 0xff, 0xf0, 0x0, 0x0, 0x0, 0xb,
    0xff, 0xf5, 0x0, 0x0, 0x0, 0x5, 0xff, 0xf9,
    0x0, 0x0, 0x0, 0x2, 0xff, 0xfc, 0x0, 0x0,
    0x0, 0x0, 0xff, 0xfe, 0x0, 0x0, 0x0, 0x0,
    0xef, 0xff, 0x0, 0x0, 0x0, 0x0, 0xef, 0xff,
    0x0, 0x0, 0x0, 0x0, 0xff, 0xfe, 0x0, 0x0,
    0x0, 0x2, 0xff, 0xfc, 0x0, 0x0, 0x0, 0x5,
    0xff, 0xf9, 0x0, 0x0, 0x0, 0xb, 0xff, 0xf5,
    0x0, 0x0, 0x0, 0x1f, 0xff, 0xe0, 0x0, 0x0,
    0x0, 0x9f, 0xff, 0x90, 0x0, 0x0, 0x4, 0xff,
    0xff, 0x10, 0x0, 0x0, 0x1e, 0xff, 0xf7, 0x0,
    0x0, 0x1, 0xdf, 0xff, 0xc0, 0x0, 0x0, 0x2d,
    0xff, 0xfd, 0x10, 0x0, 0x5, 0xff, 0xff, 0xe2,
    0x0, 0x0, 0x3f, 0xff, 0xfc, 0x10, 0x0, 0x0,
    0xa, 0xff, 0xa0, 0x0, 0x0, 0x0, 0x0, 0xb4,
    0x0, 0x0, 0x0, 0x0,

    /* U+002A "*" */
    0x0, 0x0, 0x2f, 0xf2, 0x0, 0x0, 0x0, 0x0,
    0x1f, 0xf1, 0x0, 0x0, 0x7, 0x71, 0xf, 0xf1,
    0x17, 0x70, 0xe, 0xff, 0xaf, 0xfa, 0xff, 0xf0,
    0x17, 0xdf, 0xff, 0xff, 0xfd, 0x81, 0x0, 0x2,
    0xdf, 0xfd, 0x20, 0x0, 0x0, 0x5, 0xff, 0xff,
    0x60, 0x0, 0x0, 0x3f, 0xf7, 0x6f, 0xf3, 0x0,
    0x0, 0xef, 0xb0, 0xa, 0xfe, 0x0, 0x0, 0x3c,
    0x10, 0x1, 0xc4, 0x0, 0x0, 0x0, 0x0, 0x0,
    0x0, 0x0,

    /* U+002B "+" */
    0x0, 0x0, 0x8, 0x86, 0x0, 0x0, 0x0, 0x0,
    0x1, 0xff, 0xc0, 0x0, 0x0, 0x0, 0x0, 0x1f,
    0xfc, 0x0, 0x0, 0x0, 0x0, 0x1, 0xff, 0xc0,
    0x0, 0x0, 0x0, 0x0, 0x1f, 0xfc, 0x0, 0x0,
    0x9, 0xff, 0xff, 0xff, 0xff, 0xff, 0xf4, 0x9f,
    0xff, 0xff, 0xff, 0xff, 0xff, 0x45, 0x99, 0x99,
    0xff, 0xe9, 0x99, 0x92, 0x0, 0x0, 0x1f, 0xfc,
    0x0, 0x0, 0x0, 0x0, 0x1, 0xff, 0xc0, 0x0,
    0x0, 0x0, 0x0, 0x1f, 0xfc, 0x0, 0x0, 0x0,
    0x0, 0x1, 0xff, 0xc0, 0x0, 0x0,

    /* U+002C "," */
    0x0, 0x34, 0x44, 0x0, 0x2f, 0xff, 0xf0, 0x6,
    0xff, 0xf9, 0x0, 0xaf, 0xff, 0x30, 0xd, 0xff,
    0xd0, 0x1, 0xff, 0xf7, 0x0, 0x5f, 0xff, 0x10,
    0x9, 0xff, 0xb0, 0x0, 0xdf, 0xf5, 0x0, 0x0,

    /* U+002D "-" */
    0x19, 0x99, 0x99, 0x99, 0x93, 0x3f, 0xff, 0xff,
    0xff, 0xf5, 0x3f, 0xff, 0xff, 0xff, 0xf5, 0x3f,
    0xff, 0xff, 0xff, 0xf5,

    /* U+002E "." */
    0x46, 0x66, 0x4b, 0xff, 0xfc, 0xbf, 0xff, 0xcb,
    0xff, 0xfc, 0xbf, 0xff, 0xc0,

    /* U+002F "/" */
    0x0, 0x0, 0x0, 0x0, 0x1, 0x88, 0x82, 0x0,
    0x0, 0x0, 0x0, 0x7, 0xff, 0xf2, 0x0, 0x0,
    0x0, 0x0, 0xc, 0xff, 0xc0, 0x0, 0x0, 0x0,
    0x0, 0x1f, 0xff, 0x70, 0x0, 0x0, 0x0, 0x0,
    0x7f, 0xff, 0x20, 0x0, 0x0, 0x0, 0x0, 0xcf,
    0xfd, 0x0, 0x0, 0x0, 0x0, 0x1, 0xff, 0xf8,
    0x0, 0x0, 0x0, 0x0, 0x6, 0xff, 0xf2, 0x0,
    0x0, 0x0, 0x0, 0xb, 0xff, 0xd0, 0x0, 0x0,
    0x0, 0x0, 0x1f, 0xff, 0x80, 0x0, 0x0, 0x0,
    0x0, 0x6f, 0xff, 0x30, 0x0, 0x0, 0x0, 0x0,
    0xbf, 0xfe, 0x0, 0x0, 0x0, 0x0, 0x0, 0xff,
    0xf8, 0x0, 0x0, 0x0, 0x0, 0x5, 0xff, 0xf3,
    0x0, 0x0, 0x0, 0x0, 0xa, 0xff, 0xe0, 0x0,
    0x0, 0x0, 0x0, 0xf, 0xff, 0x90, 0x0, 0x0,
    0x0, 0x0, 0x5f, 0xff, 0x40, 0x0, 0x0, 0x0,
    0x0, 0xaf, 0xfe, 0x0, 0x0, 0x0, 0x0, 0x0,
    0xff, 0xf9, 0x0, 0x0, 0x0, 0x0, 0x4, 0xff,
    0xf4, 0x0, 0x0, 0x0, 0x0, 0xa, 0xff, 0xe0,
    0x0, 0x0, 0x0, 0x0, 0xe, 0xff, 0xa0, 0x0,
    0x0, 0x0, 0x0, 0x4f, 0xff, 0x40, 0x0, 0x0,
    0x0, 0x0, 0x9f, 0xff, 0x0, 0x0, 0x0, 0x0,
    0x0, 0xef, 0xfa, 0x0, 0x0, 0x0, 0x0, 0x3,
    0xff, 0xf5, 0x0, 0x0, 0x0, 0x0, 0x9, 0xff,
    0xf0, 0x0, 0x0, 0x0, 0x0, 0xe, 0xff, 0xa0,
    0x0, 0x0, 0x0, 0x0, 0x3f, 0xff, 0x50, 0x0,
    0x0, 0x0, 0x0, 0x8f, 0xff, 0x0, 0x0, 0x0,
    0x0, 0x0,

    /* U+0030 "0" */
    0x0, 0x0, 0x0, 0x0, 0x35, 0x64, 0x20, 0x0,
    0x0, 0x0, 0x0, 0x0, 0x2, 0xaf, 0xff, 0xff,
    0xfe, 0x80, 0x0, 0x0, 0x0, 0x0, 0x6f, 0xff,
    0xff, 0xff, 0xff, 0xfe, 0x20, 0x0, 0x0, 0x6,
    0xff, 0xff, 0xff, 0xff, 0xff, 0xff, 0xe3, 0x0,
    0x0, 0x3f, 0xff, 0xfd, 0x51, 0x2, 0x7f, 0xff,
    0xfd, 0x0, 0x0, 0xcf, 0xff, 0xb0, 0x0, 0x0,
    0x3, 0xff, 0xff, 0x70, 0x3, 0xff, 0xff, 0x10,
    0x0, 0x0, 0x0, 0x6f, 0xff, 0xd0, 0x8, 0xff,
    0xf9, 0x0, 0x0, 0x0, 0x0, 0xe, 0xff, 0xf3,
    0xc, 0xff, 0xf4, 0x0, 0x0, 0x0, 0x0, 0xa,
    0xff, 0xf6, 0xf, 0xff, 0xf1, 0x0, 0x0, 0x0,
    0x0, 0x7, 0xff, 0xf9, 0xf, 0xff, 0xf0, 0x0,
    0x0, 0x0, 0x0, 0x5, 0xff, 0xfa, 0x1f, 0xff,
    0xf0, 0x0, 0x0, 0x0, 0x0, 0x5, 0xff, 0xfb,
    0x1f, 0xff, 0xf0, 0x0, 0x0, 0x0, 0x0, 0x5,
    0xff, 0xfb, 0xf, 0xff, 0xf0, 0x0, 0x0, 0x0,
    0x0, 0x5, 0xff, 0xfa, 0xf, 0xff, 0xf1, 0x0,
    0x0, 0x0, 0x0, 0x7, 0xff, 0xf9, 0xd, 0xff,
    0xf4, 0x0, 0x0, 0x0, 0x0, 0x9, 0xff, 0xf6,
    0x9, 0xff, 0xf8, 0x0, 0x0, 0x0, 0x0, 0xe,
    0xff, 0xf3, 0x4, 0xff, 0xfe, 0x10, 0x0, 0x0,
    0x0, 0x5f, 0xff, 0xe0, 0x0, 0xdf, 0xff, 0xb0,
    0x0, 0x0, 0x2, 0xef, 0xff, 0x70, 0x0, 0x4f,
    0xff, 0xfc, 0x30, 0x0, 0x6e, 0xff, 0xfd, 0x0,
    0x0, 0x9, 0xff, 0xff, 0xff, 0xef, 0xff, 0xff,
    0xf3, 0x0, 0x0, 0x0, 0x9f, 0xff, 0xff, 0xff,
    0xff, 0xfe, 0x30, 0x0, 0x0, 0x0, 0x4, 0xcf,
    0xff, 0xff, 0xff, 0x81, 0x0, 0x0, 0x0, 0x0,
    0x0, 0x1, 0x56, 0x76, 0x40, 0x0, 0x0, 0x0,

    /* U+0031 "1" */
    0x5f, 0xff, 0xff, 0xff, 0x5, 0xff, 0xff, 0xff,
    0xf0, 0x5f, 0xff, 0xff, 0xff, 0x2, 0x77, 0x7f,
    0xff, 0xf0, 0x0, 0x0, 0xff, 0xff, 0x0, 0x0,
    0xf, 0xff, 0xf0, 0x0, 0x0, 0xff, 0xff, 0x0,
    0x0, 0xf, 0xff, 0xf0, 0x0, 0x0, 0xff, 0xff,
    0x0, 0x0, 0xf, 0xff, 0xf0, 0x0, 0x0, 0xff,
    0xff, 0x0, 0x0, 0xf, 0xff, 0xf0, 0x0, 0x0,
    0xff, 0xff, 0x0, 0x0, 0xf, 0xff, 0xf0, 0x0,
    0x0, 0xff, 0xff, 0x0, 0x0, 0xf, 0xff, 0xf0,
    0x0, 0x0, 0xff, 0xff, 0x0, 0x0, 0xf, 0xff,
    0xf0, 0x0, 0x0, 0xff, 0xff, 0x0, 0x0, 0xf,
    0xff, 0xf0, 0x0, 0x0, 0xff, 0xff, 0x0, 0x0,
    0xf, 0xff, 0xf0,

    /* U+0032 "2" */
    0x0, 0x0, 0x0, 0x35, 0x65, 0x30, 0x0, 0x0,
    0x0, 0x0, 0x19, 0xff, 0xff, 0xff, 0xe8, 0x0,
    0x0, 0x0, 0x4f, 0xff, 0xff, 0xff, 0xff, 0xfe,
    0x20, 0x0, 0x3f, 0xff, 0xff, 0xff, 0xff, 0xff,
    0xfe, 0x10, 0xd, 0xff, 0xfe, 0x51, 0x2, 0x9f,
    0xff, 0xf8, 0x5, 0xff, 0xfe, 0x10, 0x0, 0x0,
    0x7f, 0xff, 0xe0, 0xaf, 0xff, 0x70, 0x0, 0x0,
    0x0, 0xff, 0xff, 0xd, 0xff, 0xf2, 0x0, 0x0,
    0x0, 0xf, 0xff, 0xf0, 0xab, 0xbb, 0x0, 0x0,
    0x0, 0x3, 0xff, 0xfe, 0x0, 0x0, 0x0, 0x0,
    0x0, 0x0, 0xaf, 0xff, 0xa0, 0x0, 0x0, 0x0,
    0x0, 0x0, 0x6f, 0xff, 0xf2, 0x0, 0x0, 0x0,
    0x0, 0x0, 0x5f, 0xff, 0xf7, 0x0, 0x0, 0x0,
    0x0, 0x0, 0x6f, 0xff, 0xf9, 0x0, 0x0, 0x0,
    0x0, 0x0, 0x7f, 0xff, 0xf9, 0x0, 0x0, 0x0,
    0x0, 0x0, 0x9f, 0xff, 0xf8, 0x0, 0x0, 0x0,
    0x0, 0x0, 0xbf, 0xff, 0xf7, 0x0, 0x0, 0x0,
    0x0, 0x1, 0xdf, 0xff, 0xf5, 0x0, 0x0, 0x0,
    0x0, 0x3, 0xef, 0xff, 0xe3, 0x0, 0x0, 0x0,
    0x0, 0x4, 0xff, 0xff, 0xc1, 0x0, 0x0, 0x0,
    0x0, 0x6, 0xff, 0xff, 0xf7, 0x77, 0x77, 0x77,
    0x77, 0x75, 0xff, 0xff, 0xff, 0xff, 0xff, 0xff,
    0xff, 0xff, 0xcf, 0xff, 0xff, 0xff, 0xff, 0xff,
    0xff, 0xff, 0xfc, 0xff, 0xff, 0xff, 0xff, 0xff,
    0xff, 0xff, 0xff, 0xc0,

    /* U+0033 "3" */
    0x0, 0x0, 0x0, 0x2, 0x56, 0x54, 0x10, 0x0,
    0x0, 0x0, 0x0, 0x8, 0xef, 0xff, 0xff, 0xfb,
    0x40, 0x0, 0x0, 0x3, 0xef, 0xff, 0xff, 0xff,
    0xff, 0xf9, 0x0, 0x0, 0x2e, 0xff, 0xff, 0xff,
    0xff, 0xff, 0xff, 0x80, 0x0, 0xcf, 0xff, 0xe6,
    0x10, 0x26, 0xdf, 0xff, 0xf1, 0x4, 0xff, 0xfe,
    0x10, 0x0, 0x0, 0x1e, 0xff, 0xf6, 0x8, 0xff,
    0xf6, 0x0, 0x0, 0x0, 0x8, 0xff, 0xf7, 0xa,
    0xff, 0xf2, 0x0, 0x0, 0x0, 0x9, 0xff, 0xf5,
    0x0, 0x0, 0x0, 0x0, 0x0, 0x0, 0x2e, 0xff,
    0xf1, 0x0, 0x0, 0x0, 0x0, 0x0, 0x27, 0xef,
    0xff, 0x70, 0x0, 0x0, 0x0, 0x8, 0xff, 0xff,
    0xff, 0xf7, 0x0, 0x0, 0x0, 0x0, 0x8, 0xff,
    0xff, 0xff, 0x60, 0x0, 0x0, 0x0, 0x0, 0x8,
    0xff, 0xff, 0xff, 0xfc, 0x10, 0x0, 0x0, 0x0,
    0x0, 0x0, 0x25, 0xcf, 0xff, 0xd1, 0x0, 0x0,
    0x0, 0x0, 0x0, 0x0, 0xb, 0xff, 0xf8, 0x18,
    0x88, 0x50, 0x0, 0x0, 0x0, 0x3, 0xff, 0xfd,
    0x1f, 0xff, 0xd0, 0x0, 0x0, 0x0, 0x1, 0xff,
    0xff, 0xe, 0xff, 0xf2, 0x0, 0x0, 0x0, 0x3,
    0xff, 0xfe, 0xa, 0xff, 0xfb, 0x0, 0x0, 0x0,
    0xc, 0xff, 0xfb, 0x2, 0xff, 0xff, 0xc4, 0x0,
    0x4, 0xcf, 0xff, 0xf5, 0x0, 0x8f, 0xff, 0xff,
    0xfe, 0xff, 0xff, 0xff, 0xa0, 0x0, 0x9, 0xff,
    0xff, 0xff, 0xff, 0xff, 0xfa, 0x0, 0x0, 0x0,
    0x4c, 0xff, 0xff, 0xff, 0xfc, 0x40, 0x0, 0x0,
    0x0, 0x0, 0x15, 0x67, 0x65, 0x10, 0x0, 0x0,

    /* U+0034 "4" */
    0x0, 0x0, 0x0, 0x0, 0x0, 0xaf, 0xff, 0xff,
    0x40, 0x0, 0x0, 0x0, 0x0, 0x0, 0x6, 0xff,
    0xff, 0xff, 0x40, 0x0, 0x0, 0x0, 0x0, 0x0,
    0x2f, 0xff, 0xff, 0xff, 0x40, 0x0, 0x0, 0x0,
    0x0, 0x0, 0xcf, 0xff, 0xaf, 0xff, 0x40, 0x0,
    0x0, 0x0, 0x0, 0x8, 0xff, 0xf6, 0x8f, 0xff,
    0x40, 0x0, 0x0, 0x0, 0x0, 0x4f, 0xff, 0xa0,
    0x8f, 0xff, 0x40, 0x0, 0x0, 0x0, 0x1, 0xef,
    0xfe, 0x10, 0x8f, 0xff, 0x40, 0x0, 0x0, 0x0,
    0xb, 0xff, 0xf4, 0x0, 0x8f, 0xff, 0x40, 0x0,
    0x0, 0x0, 0x6f, 0xff, 0x80, 0x0, 0x8f, 0xff,
    0x40, 0x0, 0x0, 0x2, 0xff, 0xfc, 0x0, 0x0,
    0x8f, 0xff, 0x40, 0x0, 0x0, 0xd, 0xff, 0xf2,
    0x0, 0x0, 0x8f, 0xff, 0x40, 0x0, 0x0, 0x9f,
    0xff, 0x60, 0x0, 0x0, 0x8f, 0xff, 0x40, 0x0,
    0x4, 0xff, 0xfa, 0x0, 0x0, 0x0, 0x8f, 0xff,
    0x40, 0x0, 0x1e, 0xff, 0xe1, 0x0, 0x0, 0x0,
    0x8f, 0xff, 0x40, 0x0, 0x8f, 0xff, 0xff, 0xff,
    0xff, 0xff, 0xff, 0xff, 0xff, 0xff, 0x8f, 0xff,
    0xff, 0xff, 0xff, 0xff, 0xff, 0xff, 0xff, 0xff,
    0x8f, 0xff, 0xff, 0xff, 0xff, 0xff, 0xff, 0xff,
    0xff, 0xff, 0x24, 0x44, 0x44, 0x44, 0x44, 0x44,
    0xcf, 0xff, 0x74, 0x43, 0x0, 0x0, 0x0, 0x0,
    0x0, 0x0, 0xbf, 0xff, 0x40, 0x0, 0x0, 0x0,
    0x0, 0x0, 0x0, 0x0, 0xbf, 0xff, 0x40, 0x0,
    0x0, 0x0, 0x0, 0x0, 0x0, 0x0, 0xbf, 0xff,
    0x40, 0x0, 0x0, 0x0, 0x0, 0x0, 0x0, 0x0,
    0xbf, 0xff, 0x40, 0x0,

    /* U+0035 "5" */
    0x0, 0x8f, 0xff, 0xff, 0xff, 0xff, 0xff, 0xff,
    0x90, 0x0, 0x9, 0xff, 0xff, 0xff, 0xff, 0xff,
    0xff, 0xf9, 0x0, 0x0, 0xaf, 0xff, 0xff, 0xff,
    0xff, 0xff, 0xff, 0x90, 0x0, 0xb, 0xff, 0xe7,
    0x77, 0x77, 0x77, 0x77, 0x74, 0x0, 0x0, 0xcf,
    0xfc, 0x0, 0x0, 0x0, 0x0, 0x0, 0x0, 0x0,
    0xd, 0xff, 0xb0, 0x0, 0x0, 0x0, 0x0, 0x0,
    0x0, 0x0, 0xef, 0xfa, 0x0, 0x0, 0x0, 0x0,
    0x0, 0x0, 0x0, 0xf, 0xff, 0x90, 0x2, 0x45,
    0x42, 0x0, 0x0, 0x0, 0x0, 0xff, 0xf8, 0x7e,
    0xff, 0xff, 0xfd, 0x60, 0x0, 0x0, 0x1f, 0xff,
    0xff, 0xff, 0xff, 0xff, 0xff, 0xb0, 0x0, 0x2,
    0xff, 0xff, 0xff, 0xff, 0xff, 0xff, 0xff, 0xb0,
    0x0, 0x3f, 0xff, 0xfc, 0x51, 0x1, 0x5d, 0xff,
    0xff, 0x60, 0x2, 0xcf, 0xf6, 0x0, 0x0, 0x0,
    0xb, 0xff, 0xfc, 0x0, 0x0, 0x0, 0x0, 0x0,
    0x0, 0x0, 0x2f, 0xff, 0xf0, 0x0, 0x0, 0x0,
    0x0, 0x0, 0x0, 0x0, 0xef, 0xff, 0x10, 0x0,
    0x0, 0x0, 0x0, 0x0, 0x0, 0xf, 0xff, 0xf1,
    0x0, 0x5e, 0x50, 0x0, 0x0, 0x0, 0x3, 0xff,
    0xfe, 0x0, 0xaf, 0xff, 0x40, 0x0, 0x0, 0x0,
    0xcf, 0xff, 0x90, 0xb, 0xff, 0xff, 0x92, 0x0,
    0x4, 0xdf, 0xff, 0xf2, 0x0, 0x1e, 0xff, 0xff,
    0xff, 0xef, 0xff, 0xff, 0xf6, 0x0, 0x0, 0x2d,
    0xff, 0xff, 0xff, 0xff, 0xff, 0xf6, 0x0, 0x0,
    0x0, 0x7, 0xdf, 0xff, 0xff, 0xff, 0xa2, 0x0,
    0x0, 0x0, 0x0, 0x0, 0x25, 0x77, 0x64, 0x0,
    0x0, 0x0, 0x0,

    /* U+0036 "6" */
    0x0, 0x0, 0x0, 0x0, 0x8, 0xff, 0xff, 0x80,
    0x0, 0x0, 0x0, 0x0, 0x0, 0x7, 0xff, 0xff,
    0x80, 0x0, 0x0, 0x0, 0x0, 0x0, 0x6, 0xff,
    0xff, 0x80, 0x0, 0x0, 0x0, 0x0, 0x0, 0x5,
    0xff, 0xff, 0x80, 0x0, 0x0, 0x0, 0x0, 0x0,
    0x4, 0xff, 0xff, 0x80, 0x0, 0x0, 0x0, 0x0,
    0x0, 0x2, 0xff, 0xff, 0x80, 0x0, 0x0, 0x0,
    0x0, 0x0, 0x1, 0xdf, 0xff, 0x80, 0x0, 0x0,
    0x0, 0x0, 0x0, 0x0, 0xbf, 0xff, 0xfd, 0xff,
    0xeb, 0x71, 0x0, 0x0, 0x0, 0x5f, 0xff, 0xff,
    0xff, 0xff, 0xff, 0xf6, 0x0, 0x0, 0xe, 0xff,
    0xff, 0xff, 0xff, 0xff, 0xff, 0xf7, 0x0, 0x6,
    0xff, 0xff, 0xf8, 0x31, 0x26, 0xef, 0xff, 0xf3,
    0x0, 0xcf, 0xff, 0xe2, 0x0, 0x0, 0x1, 0xdf,
    0xff, 0xb0, 0xf, 0xff, 0xf4, 0x0, 0x0, 0x0,
    0x3, 0xff, 0xff, 0x2, 0xff, 0xfe, 0x0, 0x0,
    0x0, 0x0, 0xe, 0xff, 0xf3, 0x3f, 0xff, 0xd0,
    0x0, 0x0, 0x0, 0x0, 0xdf, 0xff, 0x32, 0xff,
    0xfe, 0x0, 0x0, 0x0, 0x0, 0xe, 0xff, 0xf2,
    0xf, 0xff, 0xf3, 0x0, 0x0, 0x0, 0x4, 0xff,
    0xfe, 0x0, 0xbf, 0xff, 0xc0, 0x0, 0x0, 0x1,
    0xdf, 0xff, 0x90, 0x4, 0xff, 0xff, 0xc4, 0x0,
    0x5, 0xef, 0xff, 0xf1, 0x0, 0x9, 0xff, 0xff,
    0xff, 0xef, 0xff, 0xff, 0xf4, 0x0, 0x0, 0x9,
    0xff, 0xff, 0xff, 0xff, 0xff, 0xe4, 0x0, 0x0,
    0x0, 0x4, 0xcf, 0xff, 0xff, 0xff, 0x91, 0x0,
    0x0, 0x0, 0x0, 0x0, 0x15, 0x77, 0x63, 0x0,
    0x0, 0x0, 0x0,

    /* U+0037 "7" */
    0x9f, 0xff, 0xff, 0xff, 0xff, 0xff, 0xff, 0xff,
    0x79, 0xff, 0xff, 0xff, 0xff, 0xff, 0xff, 0xff,
    0xf7, 0x9f, 0xff, 0xff, 0xff, 0xff, 0xff, 0xff,
    0xff, 0x74, 0x77, 0x77, 0x77, 0x77, 0x77, 0x7d,
    0xff, 0xf4, 0x0, 0x0, 0x0, 0x0, 0x0, 0x2,
    0xff, 0xfd, 0x0, 0x0, 0x0, 0x0, 0x0, 0x0,
    0xaf, 0xff, 0x50, 0x0, 0x0, 0x0, 0x0, 0x0,
    0x2f, 0xff, 0xd0, 0x0, 0x0, 0x0, 0x0, 0x0,
    0xa, 0xff, 0xf6, 0x0, 0x0, 0x0, 0x0, 0x0,
    0x2, 0xff, 0xfe, 0x0, 0x0, 0x0, 0x0, 0x0,
    0x0, 0xaf, 0xff, 0x60, 0x0, 0x0, 0x0, 0x0,
    0x0, 0x2f, 0xff, 0xe0, 0x0, 0x0, 0x0, 0x0,
    0x0, 0xa, 0xff, 0xf7, 0x0, 0x0, 0x0, 0x0,
    0x0, 0x2, 0xff, 0xfe, 0x0, 0x0, 0x0, 0x0,
    0x0, 0x0, 0xaf, 0xff, 0x70, 0x0, 0x0, 0x0,
    0x0, 0x0, 0x3f, 0xff, 0xf1, 0x0, 0x0, 0x0,
    0x0, 0x0, 0xb, 0xff, 0xf8, 0x0, 0x0, 0x0,
    0x0, 0x0, 0x3, 0xff, 0xff, 0x10, 0x0, 0x0,
    0x0, 0x0, 0x0, 0xbf, 0xff, 0x80, 0x0, 0x0,
    0x0, 0x0, 0x0, 0x3f, 0xff, 0xf1, 0x0, 0x0,
    0x0, 0x0, 0x0, 0xb, 0xff, 0xf9, 0x0, 0x0,
    0x0, 0x0, 0x0, 0x3, 0xff, 0xff, 0x20, 0x0,
    0x0, 0x0, 0x0, 0x0, 0xbf, 0xff, 0xa0, 0x0,
    0x0, 0x0, 0x0,

    /* U+0038 "8" */
    0x0, 0x0, 0x0, 0x1, 0x34, 0x43, 0x0, 0x0,
    0x0, 0x0, 0x0, 0x1, 0x8e, 0xff, 0xff, 0xff,
    0xb5, 0x0, 0x0, 0x0, 0x6, 0xff, 0xff, 0xff,
    0xff, 0xff, 0xfc, 0x10, 0x0, 0x6, 0xff, 0xff,
    0xff, 0xff, 0xff, 0xff, 0xfd, 0x0, 0x0, 0xff,
    0xff, 0xe6, 0x20, 0x14, 0xbf, 0xff, 0xf7, 0x0,
    0x5f, 0xff, 0xe1, 0x0, 0x0, 0x0, 0x8f, 0xff,
    0xc0, 0x7, 0xff, 0xf8, 0x0, 0x0, 0x0, 0x1,
    0xff, 0xfe, 0x0, 0x6f, 0xff, 0x80, 0x0, 0x0,
    0x0, 0x1f, 0xff, 0xd0, 0x2, 0xff, 0xfe, 0x10,
    0x0, 0x0, 0x8, 0xff, 0xf8, 0x0, 0x9, 0xff,
    0xfe, 0x62, 0x1, 0x4b, 0xff, 0xfe, 0x10, 0x0,
    0xa, 0xff, 0xff, 0xff, 0xff, 0xff, 0xfe, 0x20,
    0x0, 0x0, 0x8, 0xff, 0xff, 0xff, 0xff, 0xfd,
    0x10, 0x0, 0x0, 0xa, 0xff, 0xff, 0xff, 0xff,
    0xff, 0xfe, 0x40, 0x0, 0xb, 0xff, 0xff, 0xa6,
    0x56, 0x8e, 0xff, 0xff, 0x30, 0x7, 0xff, 0xfd,
    0x20, 0x0, 0x0, 0x8, 0xff, 0xfe, 0x0, 0xdf,
    0xff, 0x30, 0x0, 0x0, 0x0, 0xc, 0xff, 0xf4,
    0xf, 0xff, 0xe0, 0x0, 0x0, 0x0, 0x0, 0x8f,
    0xff, 0x70, 0xff, 0xff, 0x0, 0x0, 0x0, 0x0,
    0x9, 0xff, 0xf7, 0xe, 0xff, 0xf7, 0x0, 0x0,
    0x0, 0x2, 0xff, 0xff, 0x40, 0x8f, 0xff, 0xfa,
    0x20, 0x0, 0x6, 0xef, 0xff, 0xe0, 0x0, 0xdf,
    0xff, 0xff, 0xfd, 0xef, 0xff, 0xff, 0xf4, 0x0,
    0x1, 0xcf, 0xff, 0xff, 0xff, 0xff, 0xff, 0xf4,
    0x0, 0x0, 0x0, 0x6c, 0xff, 0xff, 0xff, 0xfe,
    0x91, 0x0, 0x0, 0x0, 0x0, 0x1, 0x56, 0x77,
    0x63, 0x0, 0x0, 0x0,

    /* U+0039 "9" */
    0x0, 0x0, 0x2, 0x8c, 0xef, 0xfd, 0x94, 0x0,
    0x0, 0x0, 0x0, 0x9, 0xff, 0xff, 0xff, 0xff,
    0xfc, 0x20, 0x0, 0x0, 0x1d, 0xff, 0xff, 0xff,
    0xff, 0xff, 0xff, 0x30, 0x0, 0xc, 0xff, 0xff,
    0xd8, 0x67, 0xcf, 0xff, 0xfe, 0x10, 0x7, 0xff,
    0xff, 0x60, 0x0, 0x0, 0x5f, 0xff, 0xf8, 0x0,
    0xef, 0xff, 0x70, 0x0, 0x0, 0x0, 0x7f, 0xff,
    0xe0, 0x2f, 0xff, 0xf0, 0x0, 0x0, 0x0, 0x0,
    0xff, 0xff, 0x14, 0xff, 0xfc, 0x0, 0x0, 0x0,
    0x0, 0xd, 0xff, 0xf2, 0x3f, 0xff, 0xd0, 0x0,
    0x0, 0x0, 0x0, 0xef, 0xff, 0x21, 0xff, 0xff,
    0x20, 0x0, 0x0, 0x0, 0x4f, 0xff, 0xf0, 0xd,
    0xff, 0xfb, 0x0, 0x0, 0x0, 0x2d, 0xff, 0xfc,
    0x0, 0x5f, 0xff, 0xfd, 0x62, 0x13, 0x7f, 0xff,
    0xff, 0x70, 0x0, 0x9f, 0xff, 0xff, 0xff, 0xff,
    0xff, 0xff, 0xf1, 0x0, 0x0, 0x7f, 0xff, 0xff,
    0xff, 0xff, 0xff, 0xf7, 0x0, 0x0, 0x0, 0x17,
    0xce, 0xff, 0xdf, 0xff, 0xfc, 0x0, 0x0, 0x0,
    0x0, 0x0, 0x0, 0x8, 0xff, 0xfe, 0x20, 0x0,
    0x0, 0x0, 0x0, 0x0, 0x8, 0xff, 0xff, 0x30,
    0x0, 0x0, 0x0, 0x0, 0x0, 0x8, 0xff, 0xff,
    0x50, 0x0, 0x0, 0x0, 0x0, 0x0, 0x8, 0xff,
    0xff, 0x60, 0x0, 0x0, 0x0, 0x0, 0x0, 0x8,
    0xff, 0xff, 0x60, 0x0, 0x0, 0x0, 0x0, 0x0,
    0x8, 0xff, 0xff, 0x70, 0x0, 0x0, 0x0, 0x0,
    0x0, 0x8, 0xff, 0xff, 0x80, 0x0, 0x0, 0x0,
    0x0,

    /* U+003A ":" */
    0x7f, 0xff, 0xf7, 0xff, 0xff, 0x7f, 0xff, 0xf7,
    0xff, 0xff, 0x26, 0x66, 0x50, 0x0, 0x0, 0x0,
    0x0, 0x0, 0x0, 0x0, 0x0, 0x0, 0x0, 0x0,
    0x0, 0x0, 0x0, 0x2, 0x66, 0x65, 0x7f, 0xff,
    0xf7, 0xff, 0xff, 0x7f, 0xff, 0xf7, 0xff, 0xff,

    /* U+003B ";" */
    0x7, 0xff, 0xff, 0x0, 0x7f, 0xff, 0xf0, 0x7,
    0xff, 0xff, 0x0, 0x7f, 0xff, 0xf0, 0x2, 0x66,
    0x65, 0x0, 0x0, 0x0, 0x0, 0x0, 0x0, 0x0,
    0x0, 0x0, 0x0, 0x0, 0x0, 0x0, 0x0, 0x0,
    0x0, 0x0, 0x0, 0x0, 0x0, 0x0, 0x0, 0xf,
    0xff, 0xf2, 0x4, 0xff, 0xfc, 0x0, 0x8f, 0xff,
    0x60, 0xc, 0xff, 0xf0, 0x0, 0xff, 0xfa, 0x0,
    0x3f, 0xff, 0x40, 0x7, 0xff, 0xe0, 0x0, 0xbf,
    0xf8, 0x0, 0x3, 0x44, 0x10, 0x0,

    /* U+003C "<" */
    0x0, 0x0, 0x0, 0x0, 0x2, 0x92, 0x0, 0x0,
    0x0, 0x3, 0xaf, 0xf2, 0x0, 0x0, 0x3, 0xbf,
    0xff, 0xf2, 0x0, 0x4, 0xcf, 0xff, 0xff, 0x90,
    0x5, 0xdf, 0xff, 0xfe, 0x71, 0x0, 0xaf, 0xff,
    0xfc, 0x50, 0x0, 0x0, 0xbf, 0xfb, 0x40, 0x0,
    0x0, 0x0, 0xbf, 0xfe, 0x71, 0x0, 0x0, 0x0,
    0x7f, 0xff, 0xff, 0x92, 0x0, 0x0, 0x1, 0x9f,
    0xff, 0xff, 0xb4, 0x0, 0x0, 0x1, 0x8f, 0xff,
    0xff, 0xd1, 0x0, 0x0, 0x0, 0x7e, 0xff, 0xf2,
    0x0, 0x0, 0x0, 0x0, 0x6e, 0xf2, 0x0, 0x0,
    0x0, 0x0, 0x0, 0x61,

    /* U+003D "=" */
    0x5a, 0xaa, 0xaa, 0xaa, 0xaa, 0xaa, 0x29, 0xff,
    0xff, 0xff, 0xff, 0xff, 0xf4, 0x9f, 0xff, 0xff,
    0xff, 0xff, 0xff, 0x40, 0x0, 0x0, 0x0, 0x0,
    0x0, 0x0, 0x0, 0x0, 0x0, 0x0, 0x0, 0x0,
    0x5, 0x99, 0x99, 0x99, 0x99, 0x99, 0x92, 0x9f,
    0xff, 0xff, 0xff, 0xff, 0xff, 0x49, 0xff, 0xff,
    0xff, 0xff, 0xff, 0xf4,

    /* U+003E ">" */
    0x57, 0x10, 0x0, 0x0, 0x0, 0x0, 0x6f, 0xf8,
    0x10, 0x0, 0x0, 0x0, 0x6f, 0xff, 0xf9, 0x20,
    0x0, 0x0, 0x2b, 0xff, 0xff, 0xfa, 0x20, 0x0,
    0x0, 0x29, 0xff, 0xff, 0xfb, 0x30, 0x0, 0x0,
    0x17, 0xef, 0xff, 0xf6, 0x0, 0x0, 0x0, 0x5,
    0xdf, 0xf7, 0x0, 0x0, 0x0, 0x29, 0xff, 0xf7,
    0x0, 0x0, 0x4b, 0xff, 0xff, 0xe4, 0x0, 0x6d,
    0xff, 0xff, 0xe7, 0x0, 0x4e, 0xff, 0xff, 0xd6,
    0x0, 0x0, 0x6f, 0xff, 0xd5, 0x0, 0x0, 0x0,
    0x6f, 0xc4, 0x0, 0x0, 0x0, 0x0, 0x34, 0x0,
    0x0, 0x0, 0x0, 0x0,

    /* U+003F "?" */
    0x0, 0x0, 0x0, 0x35, 0x66, 0x40, 0x0, 0x0,
    0x0, 0x1, 0x9f, 0xff, 0xff, 0xff, 0xa1, 0x0,
    0x0, 0x3e, 0xff, 0xff, 0xff, 0xff, 0xff, 0x30,
    0x2, 0xef, 0xff, 0xff, 0xff, 0xff, 0xff, 0xe1,
    0xa, 0xff, 0xfe, 0x61, 0x2, 0x9f, 0xff, 0xf7,
    0x1f, 0xff, 0xf3, 0x0, 0x0, 0x9, 0xff, 0xfb,
    0x5f, 0xff, 0xa0, 0x0, 0x0, 0x4, 0xff, 0xfd,
    0x8f, 0xff, 0x60, 0x0, 0x0, 0x6, 0xff, 0xfb,
    0x24, 0x44, 0x10, 0x0, 0x0, 0xd, 0xff, 0xf8,
    0x0, 0x0, 0x0, 0x0, 0x1, 0xcf, 0xff, 0xf1,
    0x0, 0x0, 0x0, 0x0, 0x4e, 0xff, 0xff, 0x50,
    0x0, 0x0, 0x0, 0x9, 0xff, 0xff, 0xf5, 0x0,
    0x0, 0x0, 0x0, 0xaf, 0xff, 0xfc, 0x20, 0x0,
    0x0, 0x0, 0x0, 0xff, 0xff, 0x80, 0x0, 0x0,
    0x0, 0x0, 0x0, 0xff, 0xfc, 0x0, 0x0, 0x0,
    0x0, 0x0, 0x0, 0xef, 0xf8, 0x0, 0x0, 0x0,
    0x0, 0x0, 0x0, 0xaf, 0xf5, 0x0, 0x0, 0x0,
    0x0, 0x0, 0x0, 0x0, 0x0, 0x0, 0x0, 0x0,
    0x0, 0x0, 0x0, 0x0, 0x0, 0x0, 0x0, 0x0,
    0x0, 0x0, 0x5, 0xff, 0xff, 0x0, 0x0, 0x0,
    0x0, 0x0, 0x5, 0xff, 0xff, 0x0, 0x0, 0x0,
    0x0, 0x0, 0x5, 0xff, 0xff, 0x0, 0x0, 0x0,
    0x0, 0x0, 0x5, 0xff, 0xff, 0x0, 0x0, 0x0,

    /* U+0040 "@" */
    0x0, 0x0, 0x0, 0x0, 0x0, 0x0, 0x0, 0x0,
    0x0, 0x0, 0x0, 0x0, 0x0, 0x0, 0x0, 0x0,
    0x0, 0x0, 0x0, 0x16, 0xad, 0xff, 0xff, 0xda,
    0x61, 0x0, 0x0, 0x0, 0x0, 0x0, 0x0, 0x0,
    0x2a, 0xfe, 0xa6, 0x44, 0x45, 0x7b, 0xef, 0x91,
    0x0, 0x0, 0x0, 0x0, 0x0, 0xa, 0xfc, 0x40,
    0x0, 0x0, 0x0, 0x0, 0x6, 0xee, 0x40, 0x0,
    0x0, 0x0, 0x2, 0xdd, 0x40, 0x0, 0x0, 0x0,
    0x0, 0x0, 0x0, 0xa, 0xf5, 0x0, 0x0, 0x0,
    0x4f, 0xb1, 0x0, 0x0, 0x0, 0x0, 0x0, 0x0,
    0x0, 0x0, 0xaf, 0x30, 0x0, 0x3, 0xfa, 0x0,
    0x0, 0x0, 0x0, 0x0, 0x0, 0x0, 0x0, 0x0,
    0xd, 0xc0, 0x0, 0xd, 0xc0, 0x0, 0x0, 0x0,
    0x0, 0x0, 0x0, 0x0, 0x0, 0x0, 0x4, 0xf4,
    0x0, 0x9f, 0x10, 0x0, 0x0, 0x6, 0xbe, 0xfe,
    0x91, 0x4f, 0xfe, 0x0, 0x0, 0xe9, 0x1, 0xf8,
    0x0, 0x0, 0x2, 0xdf, 0xff, 0xff, 0xfe, 0xaf,
    0xf9, 0x0, 0x0, 0xad, 0x8, 0xf1, 0x0, 0x0,
    0x2e, 0xff, 0xfc, 0xbe, 0xff, 0xff, 0xf4, 0x0,
    0x0, 0x9e, 0xe, 0x90, 0x0, 0x0, 0xdf, 0xfe,
    0x30, 0x0, 0x9f, 0xff, 0xf0, 0x0, 0x0, 0x8f,
    0x2f, 0x40, 0x0, 0x6, 0xff, 0xf2, 0x0, 0x0,
    0xf, 0xff, 0xb0, 0x0, 0x0, 0x8e, 0x6f, 0x10,
    0x0, 0xc, 0xff, 0x90, 0x0, 0x0, 0xd, 0xff,
    0x60, 0x0, 0x0, 0xbc, 0x8f, 0x0, 0x0, 0xf,
    0xff, 0x40, 0x0, 0x0, 0xe, 0xff, 0x10, 0x0,
    0x0, 0xf8, 0x9e, 0x0, 0x0, 0x1f, 0xff, 0x30,
    0x0, 0x0, 0x4f, 0xfc, 0x0, 0x0, 0x5, 0xf3,
    0x8e, 0x0, 0x0, 0xf, 0xff, 0x70, 0x0, 0x1,
    0xdf, 0xf8, 0x0, 0x0, 0xe, 0xc0, 0x7f, 0x0,
    0x0, 0xc, 0xff, 0xf4, 0x0, 0x5d, 0xff, 0xf7,
    0x0, 0x0, 0xbf, 0x20, 0x5f, 0x20, 0x0, 0x5,
    0xff, 0xff, 0xff, 0xff, 0xff, 0xfd, 0x20, 0x4c,
    0xf4, 0x0, 0x1f, 0x60, 0x0, 0x0, 0x7f, 0xff,
    0xff, 0xfc, 0x2d, 0xff, 0xff, 0xfd, 0x30, 0x0,
    0xc, 0xc0, 0x0, 0x0, 0x2, 0x7a, 0xa8, 0x40,
    0x0, 0x69, 0xa8, 0x40, 0x0, 0x0, 0x5, 0xf4,
    0x0, 0x0, 0x0, 0x0, 0x0, 0x0, 0x0, 0x0,
    0x0, 0x0, 0x0, 0x0, 0x0, 0xce, 0x10, 0x0,
    0x0, 0x0, 0x0, 0x0, 0x0, 0x0, 0x0, 0x0,
    0x0, 0x0, 0x0, 0x1e, 0xd2, 0x0, 0x0, 0x0,
    0x0, 0x0, 0x0, 0x0, 0x0, 0x0, 0x0, 0x0,
    0x0, 0x2, 0xde, 0x60, 0x0, 0x0, 0x0, 0x0,
    0x2, 0x60, 0x0, 0x0, 0x0, 0x0, 0x0, 0x0,
    0x9, 0xfd, 0x84, 0x21, 0x12, 0x47, 0xcf, 0xc0,
    0x0, 0x0, 0x0, 0x0, 0x0, 0x0, 0x0, 0x28,
    0xcf, 0xff, 0xff, 0xfd, 0x94, 0x0, 0x0, 0x0,
    0x0, 0x0, 0x0, 0x0, 0x0, 0x0, 0x0, 0x23,
    0x32, 0x0, 0x0, 0x0, 0x0, 0x0, 0x0, 0x0,

    /* U+0041 "A" */
    0x0, 0x0, 0x0, 0x0, 0x5, 0xff, 0xff, 0x50,
    0x0, 0x0, 0x0, 0x0, 0x0, 0x0, 0x0, 0x0,
    0xc, 0xff, 0xff, 0xc0, 0x0, 0x0, 0x0, 0x0,
    0x0, 0x0, 0x0, 0x0, 0x3f, 0xff, 0xff, 0xf3,
    0x0, 0x0, 0x0, 0x0, 0x0, 0x0, 0x0, 0x0,
    0xaf, 0xff, 0xff, 0xfa, 0x0, 0x0, 0x0, 0x0,
    0x0, 0x0, 0x0, 0x2, 0xff, 0xfd, 0xff, 0xff,
    0x10, 0x0, 0x0, 0x0, 0x0, 0x0, 0x0, 0x8,
    0xff, 0xf7, 0x9f, 0xff, 0x80, 0x0, 0x0, 0x0,
    0x0, 0x0, 0x0, 0xf, 0xff, 0xf0, 0x2f, 0xff,
    0xe0, 0x0, 0x0, 0x0, 0x0, 0x0, 0x0, 0x7f,
    0xff, 0x90, 0xb, 0xff, 0xf6, 0x0, 0x0, 0x0,
    0x0, 0x0, 0x0, 0xdf, 0xff, 0x20, 0x4, 0xff,
    0xfd, 0x0, 0x0, 0x0, 0x0, 0x0, 0x5, 0xff,
    0xfb, 0x0, 0x0, 0xdf, 0xff, 0x40, 0x0, 0x0,
    0x0, 0x0, 0xc, 0xff, 0xf4, 0x0, 0x0, 0x7f,
    0xff, 0xb0, 0x0, 0x0, 0x0, 0x0, 0x3f, 0xff,
    0xd0, 0x0, 0x0, 0x1f, 0xff, 0xf2, 0x0, 0x0,
    0x0, 0x0, 0xaf, 0xff, 0x60, 0x0, 0x0, 0x9,
    0xff, 0xf9, 0x0, 0x0, 0x0, 0x1, 0xff, 0xff,
    0xff, 0xff, 0xff, 0xff, 0xff, 0xff, 0x10, 0x0,
    0x0, 0x8, 0xff, 0xff, 0xff, 0xff, 0xff, 0xff,
    0xff, 0xff, 0x70, 0x0, 0x0, 0xe, 0xff, 0xff,
    0xff, 0xff, 0xff, 0xff, 0xff, 0xff, 0xe0, 0x0,
    0x0, 0x6f, 0xff, 0xc7, 0x77, 0x77, 0x77, 0x77,
    0x7e, 0xff, 0xf5, 0x0, 0x0, 0xdf, 0xff, 0x50,
    0x0, 0x0, 0x0, 0x0, 0x7, 0xff, 0xfc, 0x0,
    0x4, 0xff, 0xfe, 0x0, 0x0, 0x0, 0x0, 0x0,
    0x1, 0xff, 0xff, 0x30, 0xb, 0xff, 0xf7, 0x0,
    0x0, 0x0, 0x0, 0x0, 0x0, 0x9f, 0xff, 0xa0,
    0x2f, 0xff, 0xf1, 0x0, 0x0, 0x0, 0x0, 0x0,
    0x0, 0x3f, 0xff, 0xf2, 0x9f, 0xff, 0xa0, 0x0,
    0x0, 0x0, 0x0, 0x0, 0x0, 0xc, 0xff, 0xf8,

    /* U+0042 "B" */
    0x3f, 0xff, 0xff, 0xff, 0xff, 0xff, 0xed, 0xa5,
    0x0, 0x0, 0x3f, 0xff, 0xff, 0xff, 0xff, 0xff,
    0xff, 0xff, 0xe4, 0x0, 0x3f, 0xff, 0xff, 0xff,
    0xff, 0xff, 0xff, 0xff, 0xff, 0x40, 0x3f, 0xff,
    0xf7, 0x77, 0x77, 0x77, 0x9d, 0xff, 0xff, 0xe0,
    0x3f, 0xff, 0xe0, 0x0, 0x0, 0x0, 0x0, 0x6f,
    0xff, 0xf3, 0x3f, 0xff, 0xe0, 0x0, 0x0, 0x0,
    0x0, 0xd, 0xff, 0xf5, 0x3f, 0xff, 0xe0, 0x0,
    0x0, 0x0, 0x0, 0xc, 0xff, 0xf3, 0x3f, 0xff,
    0xe0, 0x0, 0x0, 0x0, 0x0, 0x2f, 0xff, 0xf1,
    0x3f, 0xff, 0xe0, 0x0, 0x0, 0x0, 0x27, 0xef,
    0xff, 0x70, 0x3f, 0xff, 0xff, 0xff, 0xff, 0xff,
    0xff, 0xff, 0xf8, 0x0, 0x3f, 0xff, 0xff, 0xff,
    0xff, 0xff, 0xff, 0xff, 0x50, 0x0, 0x3f, 0xff,
    0xff, 0xff, 0xff, 0xff, 0xff, 0xff, 0xfb, 0x10,
    0x3f, 0xff, 0xf7, 0x77, 0x77, 0x77, 0x8b, 0xff,
    0xff, 0xd0, 0x3f, 0xff, 0xe0, 0x0, 0x0, 0x0,
    0x0, 0x2e, 0xff, 0xf6, 0x3f, 0xff, 0xe0, 0x0,
    0x0, 0x0, 0x0, 0x6, 0xff, 0xfb, 0x3f, 0xff,
    0xe0, 0x0, 0x0, 0x0, 0x0, 0x3, 0xff, 0xfd,
    0x3f, 0xff, 0xe0, 0x0, 0x0, 0x0, 0x0, 0x6,
    0xff, 0xfc, 0x3f, 0xff, 0xe0, 0x0, 0x0, 0x0,
    0x0, 0x3e, 0xff, 0xf9, 0x3f, 0xff, 0xf7, 0x77,
    0x77, 0x77, 0x9b, 0xff, 0xff, 0xf3, 0x3f, 0xff,
    0xff, 0xff, 0xff, 0xff, 0xff, 0xff, 0xff, 0x70,
    0x3f, 0xff, 0xff, 0xff, 0xff, 0xff, 0xff, 0xff,
    0xe5, 0x0, 0x3f, 0xff, 0xff, 0xff, 0xff, 0xff,
    0xfd, 0xa6, 0x0, 0x0,

    /* U+0043 "C" */
    0x0, 0x0, 0x0, 0x0, 0x1, 0x56, 0x87, 0x63,
    0x0, 0x0, 0x0, 0x0, 0x0, 0x0, 0x0, 0x5c,
    0xff, 0xff, 0xff, 0xfe, 0x81, 0x0, 0x0, 0x0,
    0x0, 0x2, 0xdf, 0xff, 0xff, 0xff, 0xff, 0xff,
    0xe4, 0x0, 0x0, 0x0, 0x5, 0xff, 0xff, 0xff,
    0xff, 0xff, 0xff, 0xff, 0xf5, 0x0, 0x0, 0x4,
    0xff, 0xff, 0xfa, 0x51, 0x1, 0x39, 0xff, 0xff,
    0xf3, 0x0, 0x1, 0xef, 0xff, 0xe3, 0x0, 0x0,
    0x0, 0x2, 0xdf, 0xff, 0xd0, 0x0, 0xaf, 0xff,
    0xe2, 0x0, 0x0, 0x0, 0x0, 0x1, 0xef, 0xf6,
    0x0, 0x2f, 0xff, 0xf5, 0x0, 0x0, 0x0, 0x0,
    0x0, 0x4, 0xa1, 0x0, 0x7, 0xff, 0xfc, 0x0,
    0x0, 0x0, 0x0, 0x0, 0x0, 0x0, 0x0, 0x0,
    0xcf, 0xff, 0x70, 0x0, 0x0, 0x0, 0x0, 0x0,
    0x0, 0x0, 0x0, 0xe, 0xff, 0xf4, 0x0, 0x0,
    0x0, 0x0, 0x0, 0x0, 0x0, 0x0, 0x0, 0xff,
    0xff, 0x20, 0x0, 0x0, 0x0, 0x0, 0x0, 0x0,
    0x0, 0x0, 0xf, 0xff, 0xf2, 0x0, 0x0, 0x0,
    0x0, 0x0, 0x0, 0x0, 0x0, 0x0, 0xef, 0xff,
    0x40, 0x0, 0x0, 0x0, 0x0, 0x0, 0x0, 0x0,
    0x0, 0xc, 0xff, 0xf7, 0x0, 0x0, 0x0, 0x0,
    0x0, 0x0, 0x0, 0x0, 0x0, 0x8f, 0xff, 0xd0,
    0x0, 0x0, 0x0, 0x0, 0x0, 0x0, 0x0, 0x0,
    0x3, 0xff, 0xff, 0x50, 0x0, 0x0, 0x0, 0x0,
    0x0, 0x2b, 0x30, 0x0, 0xb, 0xff, 0xff, 0x20,
    0x0, 0x0, 0x0, 0x0, 0x1d, 0xff, 0x90, 0x0,
    0x3f, 0xff, 0xfe, 0x40, 0x0, 0x0, 0x0, 0x2d,
    0xff, 0xfc, 0x0, 0x0, 0x6f, 0xff, 0xff, 0xb5,
    0x20, 0x24, 0xaf, 0xff, 0xff, 0x20, 0x0, 0x0,
    0x8f, 0xff, 0xff, 0xff, 0xff, 0xff, 0xff, 0xff,
    0x40, 0x0, 0x0, 0x0, 0x5e, 0xff, 0xff, 0xff,
    0xff, 0xff, 0xfc, 0x20, 0x0, 0x0, 0x0, 0x0,
    0x7, 0xdf, 0xff, 0xff, 0xff, 0xc5, 0x0, 0x0,
    0x0, 0x0, 0x0, 0x0, 0x0, 0x25, 0x67, 0x75,
    0x10, 0x0, 0x0, 0x0,

    /* U+0044 "D" */
    0x3f, 0xff, 0xff, 0xff, 0xff, 0xed, 0xb7, 0x30,
    0x0, 0x0, 0x0, 0x3f, 0xff, 0xff, 0xff, 0xff,
    0xff, 0xff, 0xfc, 0x40, 0x0, 0x0, 0x3f, 0xff,
    0xff, 0xff, 0xff, 0xff, 0xff, 0xff, 0xf9, 0x0,
    0x0, 0x3f, 0xff, 0xf9, 0x99, 0x99, 0xac, 0xff,
    0xff, 0xff, 0xb0, 0x0, 0x3f, 0xff, 0xe0, 0x0,
    0x0, 0x0, 0x7, 0xff, 0xff, 0xf9, 0x0, 0x3f,
    0xff, 0xe0, 0x0, 0x0, 0x0, 0x0, 0x2d, 0xff,
    0xff, 0x30, 0x3f, 0xff, 0xe0, 0x0, 0x0, 0x0,
    0x0, 0x1, 0xef, 0xff, 0xb0, 0x3f, 0xff, 0xe0,
    0x0, 0x0, 0x0, 0x0, 0x0, 0x6f, 0xff, 0xf1,
    0x3f, 0xff, 0xe0, 0x0, 0x0, 0x0, 0x0, 0x0,
    0xf, 0xff, 0xf5, 0x3f, 0xff, 0xe0, 0x0, 0x0,
    0x0, 0x0, 0x0, 0xb, 0xff, 0xf7, 0x3f, 0xff,
    0xe0, 0x0, 0x0, 0x0, 0x0, 0x0, 0x9, 0xff,
    0xf8, 0x3f, 0xff, 0xe0, 0x0, 0x0, 0x0, 0x0,
    0x0, 0x9, 0xff, 0xf8, 0x3f, 0xff, 0xe0, 0x0,
    0x0, 0x0, 0x0, 0x0, 0xb, 0xff, 0xf7, 0x3f,
    0xff, 0xe0, 0x0, 0x0, 0x0, 0x0, 0x0, 0xf,
    0xff, 0xf5, 0x3f, 0xff, 0xe0, 0x0, 0x0, 0x0,
    0x0, 0x0, 0x5f, 0xff, 0xf0, 0x3f, 0xff, 0xe0,
    0x0, 0x0, 0x0, 0x0, 0x1, 0xef, 0xff, 0xa0,
    0x3f, 0xff, 0xe0, 0x0, 0x0, 0x0, 0x0, 0x1c,
    0xff, 0xff, 0x20, 0x3f, 0xff, 0xe0, 0x0, 0x0,
    0x0, 0x7, 0xef, 0xff, 0xf7, 0x0, 0x3f, 0xff,
    0xf9, 0x99, 0x99, 0xac, 0xff, 0xff, 0xff, 0x90,
    0x0, 0x3f, 0xff, 0xff, 0xff, 0xff, 0xff, 0xff,
    0xff, 0xf7, 0x0, 0x0, 0x3f, 0xff, 0xff, 0xff,
    0xff, 0xff, 0xff, 0xfb, 0x30, 0x0, 0x0, 0x3f,
    0xff, 0xff, 0xff, 0xff, 0xed, 0xa7, 0x20, 0x0,
    0x0, 0x0,

    /* U+0045 "E" */
    0x3f, 0xff, 0xff, 0xff, 0xff, 0xff, 0xff, 0xff,
    0xf9, 0x3f, 0xff, 0xff, 0xff, 0xff, 0xff, 0xff,
    0xff, 0xf9, 0x3f, 0xff, 0xff, 0xff, 0xff, 0xff,
    0xff, 0xff, 0xf9, 0x3f, 0xff, 0xf7, 0x77, 0x77,
    0x77, 0x77, 0x77, 0x74, 0x3f, 0xff, 0xe0, 0x0,
    0x0, 0x0, 0x0, 0x0, 0x0, 0x3f, 0xff, 0xe0,
    0x0, 0x0, 0x0, 0x0, 0x0, 0x0, 0x3f, 0xff,
    0xe0, 0x0, 0x0, 0x0, 0x0, 0x0, 0x0, 0x3f,
    0xff, 0xe0, 0x0, 0x0, 0x0, 0x0, 0x0, 0x0,
    0x3f, 0xff, 0xe0, 0x0, 0x0, 0x0, 0x0, 0x0,
    0x0, 0x3f, 0xff, 0xff, 0xff, 0xff, 0xff, 0xff,
    0xff, 0xb0, 0x3f, 0xff, 0xff, 0xff, 0xff, 0xff,
    0xff, 0xff, 0xb0, 0x3f, 0xff, 0xff, 0xff, 0xff,
    0xff, 0xff, 0xff, 0xb0, 0x3f, 0xff, 0xf7, 0x77,
    0x77, 0x77, 0x77, 0x77, 0x50, 0x3f, 0xff, 0xe0,
    0x0, 0x0, 0x0, 0x0, 0x0, 0x0, 0x3f, 0xff,
    0xe0, 0x0, 0x0, 0x0, 0x0, 0x0, 0x0, 0x3f,
    0xff, 0xe0, 0x0, 0x0, 0x0, 0x0, 0x0, 0x0,
    0x3f, 0xff, 0xe0, 0x0, 0x0, 0x0, 0x0, 0x0,
    0x0, 0x3f, 0xff, 0xe0, 0x0, 0x0, 0x0, 0x0,
    0x0, 0x0, 0x3f, 0xff, 0xf7, 0x77, 0x77, 0x77,
    0x77, 0x77, 0x74, 0x3f, 0xff, 0xff, 0xff, 0xff,
    0xff, 0xff, 0xff, 0xf9, 0x3f, 0xff, 0xff, 0xff,
    0xff, 0xff, 0xff, 0xff, 0xf9, 0x3f, 0xff, 0xff,
    0xff, 0xff, 0xff, 0xff, 0xff, 0xf9,

    /* U+0046 "F" */
    0x3f, 0xff, 0xff, 0xff, 0xff, 0xff, 0xff, 0xff,
    0xf5, 0x3f, 0xff, 0xff, 0xff, 0xff, 0xff, 0xff,
    0xff, 0xf5, 0x3f, 0xff, 0xff, 0xff, 0xff, 0xff,
    0xff, 0xff, 0xf5, 0x3f, 0xff, 0xf7, 0x77, 0x77,
    0x77, 0x77, 0x77, 0x72, 0x3f, 0xff, 0xe0, 0x0,
    0x0, 0x0, 0x0, 0x0, 0x0, 0x3f, 0xff, 0xe0,
    0x0, 0x0, 0x0, 0x0, 0x0, 0x0, 0x3f, 0xff,
    0xe0, 0x0, 0x0, 0x0, 0x0, 0x0, 0x0, 0x3f,
    0xff, 0xe0, 0x0, 0x0, 0x0, 0x0, 0x0, 0x0,
    0x3f, 0xff, 0xe0, 0x0, 0x0, 0x0, 0x0, 0x0,
    0x0, 0x3f, 0xff, 0xf7, 0x77, 0x77, 0x77, 0x77,
    0x77, 0x30, 0x3f, 0xff, 0xff, 0xff, 0xff, 0xff,
    0xff, 0xff, 0x70, 0x3f, 0xff, 0xff, 0xff, 0xff,
    0xff, 0xff, 0xff, 0x70, 0x3f, 0xff, 0xff, 0xff,
    0xff, 0xff, 0xff, 0xff, 0x70, 0x3f, 0xff, 0xe0,
    0x0, 0x0, 0x0, 0x0, 0x0, 0x0, 0x3f, 0xff,
    0xe0, 0x0, 0x0, 0x0, 0x0, 0x0, 0x0, 0x3f,
    0xff, 0xe0, 0x0, 0x0, 0x0, 0x0, 0x0, 0x0,
    0x3f, 0xff, 0xe0, 0x0, 0x0, 0x0, 0x0, 0x0,
    0x0, 0x3f, 0xff, 0xe0, 0x0, 0x0, 0x0, 0x0,
    0x0, 0x0, 0x3f, 0xff, 0xe0, 0x0, 0x0, 0x0,
    0x0, 0x0, 0x0, 0x3f, 0xff, 0xe0, 0x0, 0x0,
    0x0, 0x0, 0x0, 0x0, 0x3f, 0xff, 0xe0, 0x0,
    0x0, 0x0, 0x0, 0x0, 0x0, 0x3f, 0xff, 0xe0,
    0x0, 0x0, 0x0, 0x0, 0x0, 0x0,

    /* U+0047 "G" */
    0x0, 0x0, 0x0, 0x0, 0x0, 0x46, 0x77, 0x63,
    0x0, 0x0, 0x0, 0x0, 0x0, 0x0, 0x0, 0x4,
    0xbf, 0xff, 0xff, 0xff, 0xfa, 0x20, 0x0, 0x0,
    0x0, 0x0, 0x2, 0xcf, 0xff, 0xff, 0xff, 0xff,
    0xff, 0xf9, 0x0, 0x0, 0x0, 0x0, 0x4e, 0xff,
    0xff, 0xff, 0xff, 0xff, 0xff, 0xff, 0xc1, 0x0,
    0x0, 0x3, 0xff, 0xff, 0xfc, 0x62, 0x1, 0x27,
    0xdf, 0xff, 0xfc, 0x0, 0x0, 0x1e, 0xff, 0xff,
    0x50, 0x0, 0x0, 0x0, 0x8, 0xff, 0xff, 0x30,
    0x0, 0x9f, 0xff, 0xf3, 0x0, 0x0, 0x0, 0x0,
    0x0, 0x5f, 0xd2, 0x0, 0x2, 0xff, 0xff, 0x60,
    0x0, 0x0, 0x0, 0x0, 0x0, 0x5, 0x0, 0x0,
    0x7, 0xff, 0xfd, 0x0, 0x0, 0x0, 0x0, 0x0,
    0x0, 0x0, 0x0, 0x0, 0xb, 0xff, 0xf7, 0x0,
    0x0, 0x0, 0x0, 0x0, 0x0, 0x0, 0x0, 0x0,
    0xe, 0xff, 0xf4, 0x0, 0x0, 0x0, 0x0, 0x0,
    0x0, 0x0, 0x0, 0x0, 0xf, 0xff, 0xf2, 0x0,
    0x0, 0x0, 0xff, 0xff, 0xff, 0xff, 0xff, 0xf9,
    0xf, 0xff, 0xf2, 0x0, 0x0, 0x0, 0xff, 0xff,
    0xff, 0xff, 0xff, 0xfa, 0xe, 0xff, 0xf4, 0x0,
    0x0, 0x0, 0xff, 0xff, 0xff, 0xff, 0xff, 0xf9,
    0xc, 0xff, 0xf7, 0x0, 0x0, 0x0, 0x44, 0x44,
    0x44, 0x49, 0xff, 0xf8, 0x8, 0xff, 0xfd, 0x0,
    0x0, 0x0, 0x0, 0x0, 0x0, 0x9, 0xff, 0xf5,
    0x3, 0xff, 0xff, 0x50, 0x0, 0x0, 0x0, 0x0,
    0x0, 0xf, 0xff, 0xf1, 0x0, 0xbf, 0xff, 0xf2,
    0x0, 0x0, 0x0, 0x0, 0x0, 0x9f, 0xff, 0xb0,
    0x0, 0x2f, 0xff, 0xfe, 0x40, 0x0, 0x0, 0x0,
    0x9, 0xff, 0xff, 0x30, 0x0, 0x5, 0xff, 0xff,
    0xfb, 0x51, 0x0, 0x27, 0xdf, 0xff, 0xf7, 0x0,
    0x0, 0x0, 0x6f, 0xff, 0xff, 0xff, 0xff, 0xff,
    0xff, 0xff, 0x90, 0x0, 0x0, 0x0, 0x4, 0xef,
    0xff, 0xff, 0xff, 0xff, 0xff, 0xf6, 0x0, 0x0,
    0x0, 0x0, 0x0, 0x7, 0xdf, 0xff, 0xff, 0xff,
    0xe9, 0x10, 0x0, 0x0, 0x0, 0x0, 0x0, 0x0,
    0x1, 0x56, 0x76, 0x52, 0x0, 0x0, 0x0, 0x0,

    /* U+0048 "H" */
    0x3f, 0xff, 0xe0, 0x0, 0x0, 0x0, 0x0, 0x0,
    0xe, 0xff, 0xf3, 0x3f, 0xff, 0xe0, 0x0, 0x0,
    0x0, 0x0, 0x0, 0xe, 0xff, 0xf3, 0x3f, 0xff,
    0xe0, 0x0, 0x0, 0x0, 0x0, 0x0, 0xe, 0xff,
    0xf3, 0x3f, 0xff, 0xe0, 0x0, 0x0, 0x0, 0x0,
    0x0, 0xe, 0xff, 0xf3, 0x3f, 0xff, 0xe0, 0x0,
    0x0, 0x0, 0x0, 0x0, 0xe, 0xff, 0xf3, 0x3f,
    0xff, 0xe0, 0x0, 0x0, 0x0, 0x0, 0x0, 0xe,
    0xff, 0xf3, 0x3f, 0xff, 0xe0, 0x0, 0x0, 0x0,
    0x0, 0x0, 0xe, 0xff, 0xf3, 0x3f, 0xff, 0xe0,
    0x0, 0x0, 0x0, 0x0, 0x0, 0xe, 0xff, 0xf3,
    0x3f, 0xff, 0xe0, 0x0, 0x0, 0x0, 0x0, 0x0,
    0xe, 0xff, 0xf3, 0x3f, 0xff, 0xff, 0xff, 0xff,
    0xff, 0xff, 0xff, 0xff, 0xff, 0xf3, 0x3f, 0xff,
    0xff, 0xff, 0xff, 0xff, 0xff, 0xff, 0xff, 0xff,
    0xf3, 0x3f, 0xff, 0xff, 0xff, 0xff, 0xff, 0xff,
    0xff, 0xff, 0xff, 0xf3, 0x3f, 0xff, 0xf9, 0x99,
    0x99, 0x99, 0x99, 0x99, 0x9f, 0xff, 0xf3, 0x3f,
    0xff, 0xe0, 0x0, 0x0, 0x0, 0x0, 0x0, 0xe,
    0xff, 0xf3, 0x3f, 0xff, 0xe0, 0x0, 0x0, 0x0,
    0x0, 0x0, 0xe, 0xff, 0xf3, 0x3f, 0xff, 0xe0,
    0x0, 0x0, 0x0, 0x0, 0x0, 0xe, 0xff, 0xf3,
    0x3f, 0xff, 0xe0, 0x0, 0x0, 0x0, 0x0, 0x0,
    0xe, 0xff, 0xf3, 0x3f, 0xff, 0xe0, 0x0, 0x0,
    0x0, 0x0, 0x0, 0xe, 0xff, 0xf3, 0x3f, 0xff,
    0xe0, 0x0, 0x0, 0x0, 0x0, 0x0, 0xe, 0xff,
    0xf3, 0x3f, 0xff, 0xe0, 0x0, 0x0, 0x0, 0x0,
    0x0, 0xe, 0xff, 0xf3, 0x3f, 0xff, 0xe0, 0x0,
    0x0, 0x0, 0x0, 0x0, 0xe, 0xff, 0xf3, 0x3f,
    0xff, 0xe0, 0x0, 0x0, 0x0, 0x0, 0x0, 0xe,
    0xff, 0xf3,

    /* U+0049 "I" */
    0xf, 0xff, 0xf1, 0xf, 0xff, 0xf1, 0xf, 0xff,
    0xf1, 0xf, 0xff, 0xf1, 0xf, 0xff, 0xf1, 0xf,
    0xff, 0xf1, 0xf, 0xff, 0xf1, 0xf, 0xff, 0xf1,
    0xf, 0xff, 0xf1, 0xf, 0xff, 0xf1, 0xf, 0xff,
    0xf1, 0xf, 0xff, 0xf1, 0xf, 0xff, 0xf1, 0xf,
    0xff, 0xf1, 0xf, 0xff, 0xf1, 0xf, 0xff, 0xf1,
    0xf, 0xff, 0xf1, 0xf, 0xff, 0xf1, 0xf, 0xff,
    0xf1, 0xf, 0xff, 0xf1, 0xf, 0xff, 0xf1, 0xf,
    0xff, 0xf1,

    /* U+004A "J" */
    0x0, 0x0, 0x0, 0x0, 0x0, 0x0, 0x0, 0xff,
    0xff, 0x10, 0x0, 0x0, 0x0, 0x0, 0x0, 0x0,
    0xf, 0xff, 0xf1, 0x0, 0x0, 0x0, 0x0, 0x0,
    0x0, 0x0, 0xff, 0xff, 0x10, 0x0, 0x0, 0x0,
    0x0, 0x0, 0x0, 0xf, 0xff, 0xf1, 0x0, 0x0,
    0x0, 0x0, 0x0, 0x0, 0x0, 0xff, 0xff, 0x10,
    0x0, 0x0, 0x0, 0x0, 0x0, 0x0, 0xf, 0xff,
    0xf1, 0x0, 0x0, 0x0, 0x0, 0x0, 0x0, 0x0,
    0xff, 0xff, 0x10, 0x0, 0x0, 0x0, 0x0, 0x0,
    0x0, 0xf, 0xff, 0xf1, 0x0, 0x0, 0x0, 0x0,
    0x0, 0x0, 0x0, 0xff, 0xff, 0x10, 0x0, 0x0,
    0x0, 0x0, 0x0, 0x0, 0xf, 0xff, 0xf1, 0x0,
    0x0, 0x0, 0x0, 0x0, 0x0, 0x0, 0xff, 0xff,
    0x10, 0x0, 0x0, 0x0, 0x0, 0x0, 0x0, 0xf,
    0xff, 0xf1, 0x0, 0x0, 0x0, 0x0, 0x0, 0x0,
    0x0, 0xff, 0xff, 0x11, 0x77, 0x75, 0x0, 0x0,
    0x0, 0x0, 0xf, 0xff, 0xf1, 0x3f, 0xff, 0xd0,
    0x0, 0x0, 0x0, 0x1, 0xff, 0xff, 0x1, 0xff,
    0xff, 0x0, 0x0, 0x0, 0x0, 0x3f, 0xff, 0xe0,
    0xe, 0xff, 0xf5, 0x0, 0x0, 0x0, 0x9, 0xff,
    0xfb, 0x0, 0xaf, 0xff, 0xe1, 0x0, 0x0, 0x3,
    0xff, 0xff, 0x70, 0x3, 0xff, 0xff, 0xe6, 0x10,
    0x27, 0xff, 0xff, 0xf0, 0x0, 0x9, 0xff, 0xff,
    0xff, 0xff, 0xff, 0xff, 0xf5, 0x0, 0x0, 0xa,
    0xff, 0xff, 0xff, 0xff, 0xff, 0xf6, 0x0, 0x0,
    0x0, 0x5, 0xdf, 0xff, 0xff, 0xff, 0xb3, 0x0,
    0x0, 0x0, 0x0, 0x0, 0x25, 0x77, 0x64, 0x10,
    0x0, 0x0, 0x0,

    /* U+004B "K" */
    0x3f, 0xff, 0xe0, 0x0, 0x0, 0x0, 0x0, 0x3e,
    0xff, 0xff, 0x50, 0x3f, 0xff, 0xe0, 0x0, 0x0,
    0x0, 0x3, 0xff, 0xff, 0xf4, 0x0, 0x3f, 0xff,
    0xe0, 0x0, 0x0, 0x0, 0x4f, 0xff, 0xfe, 0x30,
    0x0, 0x3f, 0xff, 0xe0, 0x0, 0x0, 0x5, 0xff,
    0xff, 0xd2, 0x0, 0x0, 0x3f, 0xff, 0xe0, 0x0,
    0x0, 0x6f, 0xff, 0xfc, 0x10, 0x0, 0x0, 0x3f,
    0xff, 0xe0, 0x0, 0x7, 0xff, 0xff, 0xb0, 0x0,
    0x0, 0x0, 0x3f, 0xff, 0xe0, 0x0, 0x9f, 0xff,
    0xfa, 0x0, 0x0, 0x0, 0x0, 0x3f, 0xff, 0xe0,
    0xa, 0xff, 0xff, 0x80, 0x0, 0x0, 0x0, 0x0,
    0x3f, 0xff, 0xe0, 0xbf, 0xff, 0xf7, 0x0, 0x0,
    0x0, 0x0, 0x0, 0x3f, 0xff, 0xec, 0xff, 0xff,
    0x50, 0x0, 0x0, 0x0, 0x0, 0x0, 0x3f, 0xff,
    0xff, 0xff, 0xf4, 0x0, 0x0, 0x0, 0x0, 0x0,
    0x0, 0x3f, 0xff, 0xff, 0xff, 0xfc, 0x10, 0x0,
    0x0, 0x0, 0x0, 0x0, 0x3f, 0xff, 0xe9, 0xff,
    0xff, 0xd1, 0x0, 0x0, 0x0, 0x0, 0x0, 0x3f,
    0xff, 0xe0, 0x8f, 0xff, 0xfd, 0x20, 0x0, 0x0,
    0x0, 0x0, 0x3f, 0xff, 0xe0, 0x7, 0xff, 0xff,
    0xe2, 0x0, 0x0, 0x0, 0x0, 0x3f, 0xff, 0xe0,
    0x0, 0x6f, 0xff, 0xfe, 0x30, 0x0, 0x0, 0x0,
    0x3f, 0xff, 0xe0, 0x0, 0x5, 0xff, 0xff, 0xf4,
    0x0, 0x0, 0x0, 0x3f, 0xff, 0xe0, 0x0, 0x0,
    0x4f, 0xff, 0xff, 0x40, 0x0, 0x0, 0x3f, 0xff,
    0xe0, 0x0, 0x0, 0x4, 0xff, 0xff, 0xf5, 0x0,
    0x0, 0x3f, 0xff, 0xe0, 0x0, 0x0, 0x0, 0x3e,
    0xff, 0xff, 0x60, 0x0, 0x3f, 0xff, 0xe0, 0x0,
    0x0, 0x0, 0x2, 0xef, 0xff, 0xf7, 0x0, 0x3f,
    0xff, 0xe0, 0x0, 0x0, 0x0, 0x0, 0x2d, 0xff,
    0xff, 0x90,

    /* U+004C "L" */
    0x3f, 0xff, 0xe0, 0x0, 0x0, 0x0, 0x0, 0x0,
    0x3, 0xff, 0xfe, 0x0, 0x0, 0x0, 0x0, 0x0,
    0x0, 0x3f, 0xff, 0xe0, 0x0, 0x0, 0x0, 0x0,
    0x0, 0x3, 0xff, 0xfe, 0x0, 0x0, 0x0, 0x0,
    0x0, 0x0, 0x3f, 0xff, 0xe0, 0x0, 0x0, 0x0,
    0x0, 0x0, 0x3, 0xff, 0xfe, 0x0, 0x0, 0x0,
    0x0, 0x0, 0x0, 0x3f, 0xff, 0xe0, 0x0, 0x0,
    0x0, 0x0, 0x0, 0x3, 0xff, 0xfe, 0x0, 0x0,
    0x0, 0x0, 0x0, 0x0, 0x3f, 0xff, 0xe0, 0x0,
    0x0, 0x0, 0x0, 0x0, 0x3, 0xff, 0xfe, 0x0,
    0x0, 0x0, 0x0, 0x0, 0x0, 0x3f, 0xff, 0xe0,
    0x0, 0x0, 0x0, 0x0, 0x0, 0x3, 0xff, 0xfe,
    0x0, 0x0, 0x0, 0x0, 0x0, 0x0, 0x3f, 0xff,
    0xe0, 0x0, 0x0, 0x0, 0x0, 0x0, 0x3, 0xff,
    0xfe, 0x0, 0x0, 0x0, 0x0, 0x0, 0x0, 0x3f,
    0xff, 0xe0, 0x0, 0x0, 0x0, 0x0, 0x0, 0x3,
    0xff, 0xfe, 0x0, 0x0, 0x0, 0x0, 0x0, 0x0,
    0x3f, 0xff, 0xe0, 0x0, 0x0, 0x0, 0x0, 0x0,
    0x3, 0xff, 0xfe, 0x0, 0x0, 0x0, 0x0, 0x0,
    0x0, 0x3f, 0xff, 0xf8, 0x88, 0x88, 0x88, 0x88,
    0x88, 0x63, 0xff, 0xff, 0xff, 0xff, 0xff, 0xff,
    0xff, 0xfc, 0x3f, 0xff, 0xff, 0xff, 0xff, 0xff,
    0xff, 0xff, 0xc3, 0xff, 0xff, 0xff, 0xff, 0xff,
    0xff, 0xff, 0xfc,

    /* U+004D "M" */
    0x3f, 0xff, 0xff, 0xe0, 0x0, 0x0, 0x0, 0x0,
    0x0, 0x4f, 0xff, 0xff, 0xd3, 0xff, 0xff, 0xff,
    0x60, 0x0, 0x0, 0x0, 0x0, 0xc, 0xff, 0xff,
    0xfd, 0x3f, 0xff, 0xff, 0xfe, 0x0, 0x0, 0x0,
    0x0, 0x5, 0xff, 0xff, 0xff, 0xd3, 0xff, 0xff,
    0xff, 0xf7, 0x0, 0x0, 0x0, 0x0, 0xdf, 0xff,
    0xff, 0xfd, 0x3f, 0xff, 0xff, 0xff, 0xf1, 0x0,
    0x0, 0x0, 0x6f, 0xff, 0xff, 0xff, 0xd3, 0xff,
    0xfd, 0xaf, 0xff, 0x80, 0x0, 0x0, 0xe, 0xff,
    0xf7, 0xff, 0xfd, 0x3f, 0xff, 0xd2, 0xff, 0xff,
    0x10, 0x0, 0x7, 0xff, 0xfb, 0x3f, 0xff, 0xd3,
    0xff, 0xfd, 0x9, 0xff, 0xf9, 0x0, 0x1, 0xff,
    0xff, 0x23, 0xff, 0xfd, 0x3f, 0xff, 0xd0, 0x1f,
    0xff, 0xf2, 0x0, 0x8f, 0xff, 0xa0, 0x3f, 0xff,
    0xd3, 0xff, 0xfd, 0x0, 0x8f, 0xff, 0xa0, 0x1f,
    0xff, 0xf1, 0x3, 0xff, 0xfd, 0x3f, 0xff, 0xd0,
    0x0, 0xef, 0xff, 0x39, 0xff, 0xf8, 0x0, 0x3f,
    0xff, 0xd3, 0xff, 0xfd, 0x0, 0x7, 0xff, 0xfd,
    0xff, 0xff, 0x10, 0x3, 0xff, 0xfd, 0x3f, 0xff,
    0xd0, 0x0, 0xe, 0xff, 0xff, 0xff, 0x70, 0x0,
    0x3f, 0xff, 0xd3, 0xff, 0xfd, 0x0, 0x0, 0x6f,
    0xff, 0xff, 0xe0, 0x0, 0x3, 0xff, 0xfd, 0x3f,
    0xff, 0xd0, 0x0, 0x0, 0xdf, 0xff, 0xf6, 0x0,
    0x0, 0x3f, 0xff, 0xd3, 0xff, 0xfd, 0x0, 0x0,
    0x5, 0xff, 0xfd, 0x0, 0x0, 0x3, 0xff, 0xfd,
    0x3f, 0xff, 0xd0, 0x0, 0x0, 0x4, 0x44, 0x20,
    0x0, 0x0, 0x3f, 0xff, 0xd3, 0xff, 0xfd, 0x0,
    0x0, 0x0, 0x0, 0x0, 0x0, 0x0, 0x3, 0xff,
    0xfd, 0x3f, 0xff, 0xd0, 0x0, 0x0, 0x0, 0x0,
    0x0, 0x0, 0x0, 0x3f, 0xff, 0xd3, 0xff, 0xfd,
    0x0, 0x0, 0x0, 0x0, 0x0, 0x0, 0x0, 0x3,
    0xff, 0xfd, 0x3f, 0xff, 0xd0, 0x0, 0x0, 0x0,
    0x0, 0x0, 0x0, 0x0, 0x3f, 0xff, 0xd3, 0xff,
    0xfd, 0x0, 0x0, 0x0, 0x0, 0x0, 0x0, 0x0,
    0x3, 0xff, 0xfd,

    /* U+004E "N" */
    0x3f, 0xff, 0xf6, 0x0, 0x0, 0x0, 0x0, 0x0,
    0xb, 0xff, 0xf4, 0x3f, 0xff, 0xff, 0x30, 0x0,
    0x0, 0x0, 0x0, 0xb, 0xff, 0xf4, 0x3f, 0xff,
    0xff, 0xe1, 0x0, 0x0, 0x0, 0x0, 0xb, 0xff,
    0xf4, 0x3f, 0xff, 0xff, 0xfb, 0x0, 0x0, 0x0,
    0x0, 0xb, 0xff, 0xf4, 0x3f, 0xff, 0xff, 0xff,
    0x70, 0x0, 0x0, 0x0, 0xb, 0xff, 0xf4, 0x3f,
    0xff, 0xff, 0xff, 0xf4, 0x0, 0x0, 0x0, 0xb,
    0xff, 0xf4, 0x3f, 0xff, 0xcc, 0xff, 0xfe, 0x10,
    0x0, 0x0, 0xb, 0xff, 0xf4, 0x3f, 0xff, 0xc1,
    0xef, 0xff, 0xc0, 0x0, 0x0, 0xb, 0xff, 0xf4,
    0x3f, 0xff, 0xc0, 0x4f, 0xff, 0xf8, 0x0, 0x0,
    0xb, 0xff, 0xf4, 0x3f, 0xff, 0xc0, 0x7, 0xff,
    0xff, 0x50, 0x0, 0xb, 0xff, 0xf4, 0x3f, 0xff,
    0xc0, 0x0, 0xbf, 0xff, 0xf2, 0x0, 0xb, 0xff,
    0xf4, 0x3f, 0xff, 0xc0, 0x0, 0x1e, 0xff, 0xfd,
    0x0, 0xb, 0xff, 0xf4, 0x3f, 0xff, 0xc0, 0x0,
    0x3, 0xff, 0xff, 0x90, 0xb, 0xff, 0xf4, 0x3f,
    0xff, 0xc0, 0x0, 0x0, 0x6f, 0xff, 0xf6, 0xb,
    0xff, 0xf4, 0x3f, 0xff, 0xc0, 0x0, 0x0, 0xa,
    0xff, 0xff, 0x2b, 0xff, 0xf4, 0x3f, 0xff, 0xc0,
    0x0, 0x0, 0x0, 0xdf, 0xff, 0xdc, 0xff, 0xf4,
    0x3f, 0xff, 0xc0, 0x0, 0x0, 0x0, 0x2f, 0xff,
    0xff, 0xff, 0xf4, 0x3f, 0xff, 0xc0, 0x0, 0x0,
    0x0, 0x5, 0xff, 0xff, 0xff, 0xf4, 0x3f, 0xff,
    0xc0, 0x0, 0x0, 0x0, 0x0, 0x9f, 0xff, 0xff,
    0xf4, 0x3f, 0xff, 0xc0, 0x0, 0x0, 0x0, 0x0,
    0xc, 0xff, 0xff, 0xf4, 0x3f, 0xff, 0xc0, 0x0,
    0x0, 0x0, 0x0, 0x2, 0xef, 0xff, 0xf4, 0x3f,
    0xff, 0xc0, 0x0, 0x0, 0x0, 0x0, 0x0, 0x4f,
    0xff, 0xf4,

    /* U+004F "O" */
    0x0, 0x0, 0x0, 0x0, 0x1, 0x56, 0x87, 0x53,
    0x0, 0x0, 0x0, 0x0, 0x0, 0x0, 0x0, 0x0,
    0x6d, 0xff, 0xff, 0xff, 0xfe, 0x81, 0x0, 0x0,
    0x0, 0x0, 0x0, 0x3, 0xdf, 0xff, 0xff, 0xff,
    0xff, 0xff, 0xf6, 0x0, 0x0, 0x0, 0x0, 0x5,
    0xff, 0xff, 0xff, 0xff, 0xff, 0xff, 0xff, 0xf9,
    0x0, 0x0, 0x0, 0x4, 0xff, 0xff, 0xfa, 0x51,
    0x1, 0x49, 0xff, 0xff, 0xf8, 0x0, 0x0, 0x2,
    0xff, 0xff, 0xe3, 0x0, 0x0, 0x0, 0x2, 0xdf,
    0xff, 0xf5, 0x0, 0x0, 0xaf, 0xff, 0xe2, 0x0,
    0x0, 0x0, 0x0, 0x1, 0xdf, 0xff, 0xd0, 0x0,
    0x2f, 0xff, 0xf5, 0x0, 0x0, 0x0, 0x0, 0x0,
    0x3, 0xff, 0xff, 0x60, 0x7, 0xff, 0xfc, 0x0,
    0x0, 0x0, 0x0, 0x0, 0x0, 0xa, 0xff, 0xfb,
    0x0, 0xcf, 0xff, 0x70, 0x0, 0x0, 0x0, 0x0,
    0x0, 0x0, 0x5f, 0xff, 0xf0, 0xe, 0xff, 0xf4,
    0x0, 0x0, 0x0, 0x0, 0x0, 0x0, 0x1, 0xff,
    0xff, 0x10, 0xff, 0xff, 0x20, 0x0, 0x0, 0x0,
    0x0, 0x0, 0x0, 0xf, 0xff, 0xf2, 0xf, 0xff,
    0xf2, 0x0, 0x0, 0x0, 0x0, 0x0, 0x0, 0x0,
    0xff, 0xff, 0x20, 0xef, 0xff, 0x40, 0x0, 0x0,
    0x0, 0x0, 0x0, 0x0, 0x1f, 0xff, 0xf1, 0xc,
    0xff, 0xf7, 0x0, 0x0, 0x0, 0x0, 0x0, 0x0,
    0x4, 0xff, 0xfe, 0x0, 0x7f, 0xff, 0xd0, 0x0,
    0x0, 0x0, 0x0, 0x0, 0x0, 0xaf, 0xff, 0xa0,
    0x2, 0xff, 0xff, 0x60, 0x0, 0x0, 0x0, 0x0,
    0x0, 0x2f, 0xff, 0xf5, 0x0, 0xa, 0xff, 0xff,
    0x20, 0x0, 0x0, 0x0, 0x0, 0xd, 0xff, 0xfd,
    0x0, 0x0, 0x2f, 0xff, 0xfe, 0x40, 0x0, 0x0,
    0x0, 0x2d, 0xff, 0xff, 0x40, 0x0, 0x0, 0x4f,
    0xff, 0xff, 0xb5, 0x20, 0x14, 0x9f, 0xff, 0xff,
    0x70, 0x0, 0x0, 0x0, 0x6f, 0xff, 0xff, 0xff,
    0xff, 0xff, 0xff, 0xff, 0x80, 0x0, 0x0, 0x0,
    0x0, 0x3d, 0xff, 0xff, 0xff, 0xff, 0xff, 0xfe,
    0x50, 0x0, 0x0, 0x0, 0x0, 0x0, 0x6, 0xdf,
    0xff, 0xff, 0xff, 0xd7, 0x0, 0x0, 0x0, 0x0,
    0x0, 0x0, 0x0, 0x0, 0x15, 0x67, 0x65, 0x20,
    0x0, 0x0, 0x0, 0x0,

    /* U+0050 "P" */
    0x3f, 0xff, 0xff, 0xff, 0xff, 0xff, 0xeb, 0x82,
    0x0, 0x0, 0x3f, 0xff, 0xff, 0xff, 0xff, 0xff,
    0xff, 0xff, 0x80, 0x0, 0x3f, 0xff, 0xff, 0xff,
    0xff, 0xff, 0xff, 0xff, 0xfb, 0x0, 0x3f, 0xff,
    0xf9, 0x99, 0x99, 0x9a, 0xcf, 0xff, 0xff, 0x70,
    0x3f, 0xff, 0xe0, 0x0, 0x0, 0x0, 0x2, 0xcf,
    0xff, 0xf0, 0x3f, 0xff, 0xe0, 0x0, 0x0, 0x0,
    0x0, 0x2f, 0xff, 0xf3, 0x3f, 0xff, 0xe0, 0x0,
    0x0, 0x0, 0x0, 0xd, 0xff, 0xf5, 0x3f, 0xff,
    0xe0, 0x0, 0x0, 0x0, 0x0, 0xd, 0xff, 0xf5,
    0x3f, 0xff, 0xe0, 0x0, 0x0, 0x0, 0x0, 0x2f,
    0xff, 0xf3, 0x3f, 0xff, 0xe0, 0x0, 0x0, 0x0,
    0x3, 0xdf, 0xff, 0xe0, 0x3f, 0xff, 0xf8, 0x88,
    0x88, 0x89, 0xcf, 0xff, 0xff, 0x50, 0x3f, 0xff,
    0xff, 0xff, 0xff, 0xff, 0xff, 0xff, 0xf8, 0x0,
    0x3f, 0xff, 0xff, 0xff, 0xff, 0xff, 0xff, 0xfe,
    0x50, 0x0, 0x3f, 0xff, 0xff, 0xff, 0xff, 0xff,
    0xda, 0x60, 0x0, 0x0, 0x3f, 0xff, 0xe0, 0x0,
    0x0, 0x0, 0x0, 0x0, 0x0, 0x0, 0x3f, 0xff,
    0xe0, 0x0, 0x0, 0x0, 0x0, 0x0, 0x0, 0x0,
    0x3f, 0xff, 0xe0, 0x0, 0x0, 0x0, 0x0, 0x0,
    0x0, 0x0, 0x3f, 0xff, 0xe0, 0x0, 0x0, 0x0,
    0x0, 0x0, 0x0, 0x0, 0x3f, 0xff, 0xe0, 0x0,
    0x0, 0x0, 0x0, 0x0, 0x0, 0x0, 0x3f, 0xff,
    0xe0, 0x0, 0x0, 0x0, 0x0, 0x0, 0x0, 0x0,
    0x3f, 0xff, 0xe0, 0x0, 0x0, 0x0, 0x0, 0x0,
    0x0, 0x0, 0x3f, 0xff, 0xe0, 0x0, 0x0, 0x0,
    0x0, 0x0, 0x0, 0x0,

    /* U+0051 "Q" */
    0x0, 0x0, 0x0, 0x0, 0x49, 0xce, 0xfe, 0xda,
    0x51, 0x0, 0x0, 0x0, 0x0, 0x0, 0x0, 0x5,
    0xdf, 0xff, 0xff, 0xff, 0xff, 0xf7, 0x0, 0x0,
    0x0, 0x0, 0x0, 0xa, 0xff, 0xff, 0xff, 0xff,
    0xff, 0xff, 0xfd, 0x10, 0x0, 0x0, 0x0, 0xc,
    0xff, 0xff, 0xfd, 0xa8, 0x9c, 0xff, 0xff, 0xfe,
    0x20, 0x0, 0x0, 0xa, 0xff, 0xff, 0xc3, 0x0,
    0x0, 0x2, 0xaf, 0xff, 0xfd, 0x0, 0x0, 0x5,
    0xff, 0xff, 0x90, 0x0, 0x0, 0x0, 0x0, 0x7f,
    0xff, 0xf9, 0x0, 0x0, 0xdf, 0xff, 0xb0, 0x0,
    0x0, 0x0, 0x0, 0x0, 0x9f, 0xff, 0xf2, 0x0,
    0x4f, 0xff, 0xf1, 0x0, 0x0, 0x0, 0x0, 0x0,
    0x0, 0xef, 0xff, 0x80, 0x9, 0xff, 0xfa, 0x0,
    0x0, 0x0, 0x0, 0x0, 0x0, 0x7, 0xff, 0xfd,
    0x0, 0xdf, 0xff, 0x50, 0x0, 0x0, 0x0, 0x0,
    0x0, 0x0, 0x3f, 0xff, 0xf0, 0xe, 0xff, 0xf3,
    0x0, 0x0, 0x0, 0x0, 0x0, 0x0, 0x0, 0xff,
    0xff, 0x20, 0xff, 0xff, 0x20, 0x0, 0x0, 0x0,
    0x0, 0x0, 0x0, 0xf, 0xff, 0xf3, 0xf, 0xff,
    0xf3, 0x0, 0x0, 0x0, 0x0, 0x0, 0x0, 0x0,
    0xff, 0xff, 0x20, 0xdf, 0xff, 0x50, 0x0, 0x0,
    0x0, 0x0, 0x0, 0x0, 0x2f, 0xff, 0xf0, 0xa,
    0xff, 0xfa, 0x0, 0x0, 0x0, 0x0, 0x0, 0x0,
    0x6, 0xff, 0xfd, 0x0, 0x5f, 0xff, 0xf1, 0x0,
    0x0, 0x0, 0x0, 0x0, 0x0, 0xdf, 0xff, 0x80,
    0x0, 0xef, 0xff, 0xa0, 0x0, 0x0, 0x0, 0x0,
    0x0, 0x7f, 0xff, 0xf2, 0x0, 0x7, 0xff, 0xff,
    0x80, 0x0, 0x0, 0x0, 0x0, 0x5f, 0xff, 0xf9,
    0x0, 0x0, 0xc, 0xff, 0xff, 0xb2, 0x0, 0x0,
    0x0, 0x8f, 0xff, 0xfd, 0x0, 0x0, 0x0, 0x1d,
    0xff, 0xff, 0xfc, 0x87, 0x8a, 0xff, 0xff, 0xfe,
    0x20, 0x0, 0x0, 0x0, 0x1c, 0xff, 0xff, 0xff,
    0xff, 0xff, 0xff, 0xfd, 0x20, 0x0, 0x0, 0x0,
    0x0, 0x7, 0xef, 0xff, 0xff, 0xff, 0xff, 0xf8,
    0x0, 0x0, 0x0, 0x0, 0x0, 0x0, 0x0, 0x6a,
    0xef, 0xff, 0xeb, 0x71, 0x0, 0x0, 0x0, 0x0,
    0x0, 0x0, 0x0, 0x0, 0x2, 0xff, 0xf8, 0x0,
    0x0, 0x0, 0x0, 0x0, 0x0, 0x0, 0x0, 0x0,
    0x0, 0xf, 0xff, 0xe3, 0x0, 0x0, 0x0, 0x0,
    0x0, 0x0, 0x0, 0x0, 0x0, 0x0, 0xaf, 0xff,
    0xff, 0xfd, 0x0, 0x0, 0x0, 0x0, 0x0, 0x0,
    0x0, 0x0, 0x1, 0xef, 0xff, 0xff, 0xe0, 0x0,
    0x0, 0x0, 0x0, 0x0, 0x0, 0x0, 0x0, 0x1,
    0x8c, 0xff, 0xfe, 0x0, 0x0, 0x0,

    /* U+0052 "R" */
    0x3f, 0xff, 0xff, 0xff, 0xff, 0xff, 0xec, 0x94,
    0x0, 0x0, 0x3, 0xff, 0xff, 0xff, 0xff, 0xff,
    0xff, 0xff, 0xfc, 0x20, 0x0, 0x3f, 0xff, 0xff,
    0xff, 0xff, 0xff, 0xff, 0xff, 0xfe, 0x20, 0x3,
    0xff, 0xfe, 0x77, 0x77, 0x77, 0x8a, 0xef, 0xff,
    0xfc, 0x0, 0x3f, 0xff, 0xd0, 0x0, 0x0, 0x0,
    0x0, 0x8f, 0xff, 0xf3, 0x3, 0xff, 0xfd, 0x0,
    0x0, 0x0, 0x0, 0x0, 0xdf, 0xff, 0x70, 0x3f,
    0xff, 0xd0, 0x0, 0x0, 0x0, 0x0, 0x9, 0xff,
    0xf8, 0x3, 0xff, 0xfd, 0x0, 0x0, 0x0, 0x0,
    0x0, 0xbf, 0xff, 0x80, 0x3f, 0xff, 0xd0, 0x0,
    0x0, 0x0, 0x0, 0x3f, 0xff, 0xf5, 0x3, 0xff,
    0xfd, 0x0, 0x0, 0x0, 0x13, 0x8f, 0xff, 0xfe,
    0x0, 0x3f, 0xff, 0xff, 0xff, 0xff, 0xff, 0xff,
    0xff, 0xff, 0x40, 0x3, 0xff, 0xff, 0xff, 0xff,
    0xff, 0xff, 0xff, 0xff, 0x50, 0x0, 0x3f, 0xff,
    0xff, 0xff, 0xff, 0xff, 0xff, 0xe8, 0x10, 0x0,
    0x3, 0xff, 0xfe, 0x77, 0x77, 0x7e, 0xff, 0xf9,
    0x0, 0x0, 0x0, 0x3f, 0xff, 0xd0, 0x0, 0x0,
    0x5f, 0xff, 0xf3, 0x0, 0x0, 0x3, 0xff, 0xfd,
    0x0, 0x0, 0x0, 0xbf, 0xff, 0xd0, 0x0, 0x0,
    0x3f, 0xff, 0xd0, 0x0, 0x0, 0x2, 0xff, 0xff,
    0x80, 0x0, 0x3, 0xff, 0xfd, 0x0, 0x0, 0x0,
    0x7, 0xff, 0xff, 0x30, 0x0, 0x3f, 0xff, 0xd0,
    0x0, 0x0, 0x0, 0xd, 0xff, 0xfd, 0x0, 0x3,
    0xff, 0xfd, 0x0, 0x0, 0x0, 0x0, 0x3f, 0xff,
    0xf8, 0x0, 0x3f, 0xff, 0xd0, 0x0, 0x0, 0x0,
    0x0, 0x9f, 0xff, 0xf3, 0x3, 0xff, 0xfd, 0x0,
    0x0, 0x0, 0x0, 0x1, 0xef, 0xff, 0xc0,

    /* U+0053 "S" */
    0x0, 0x0, 0x0, 0x59, 0xde, 0xfe, 0xdb, 0x72,
    0x0, 0x0, 0x0, 0x0, 0x5, 0xef, 0xff, 0xff,
    0xff, 0xff, 0xfb, 0x20, 0x0, 0x0, 0x8, 0xff,
    0xff, 0xff, 0xff, 0xff, 0xff, 0xff, 0x70, 0x0,
    0x6, 0xff, 0xff, 0xfc, 0xa8, 0x9b, 0xff, 0xff,
    0xff, 0x70, 0x0, 0xef, 0xff, 0xb2, 0x0, 0x0,
    0x0, 0x5c, 0xff, 0xc0, 0x0, 0x4f, 0xff, 0xd0,
    0x0, 0x0, 0x0, 0x0, 0x6, 0xd1, 0x0, 0x5,
    0xff, 0xfa, 0x0, 0x0, 0x0, 0x0, 0x0, 0x0,
    0x0, 0x0, 0x5f, 0xff, 0xe0, 0x0, 0x0, 0x0,
    0x0, 0x0, 0x0, 0x0, 0x2, 0xff, 0xff, 0xd6,
    0x21, 0x0, 0x0, 0x0, 0x0, 0x0, 0x0, 0xb,
    0xff, 0xff, 0xff, 0xff, 0xff, 0xeb, 0x84, 0x0,
    0x0, 0x0, 0x1d, 0xff, 0xff, 0xff, 0xff, 0xff,
    0xff, 0xfc, 0x20, 0x0, 0x0, 0x7, 0xdf, 0xff,
    0xff, 0xff, 0xff, 0xff, 0xfe, 0x20, 0x0, 0x0,
    0x0, 0x15, 0x79, 0xbb, 0xdf, 0xff, 0xff, 0xfa,
    0x0, 0x0, 0x0, 0x0, 0x0, 0x0, 0x0, 0x3,
    0xcf, 0xff, 0xf0, 0x0, 0x0, 0x0, 0x0, 0x0,
    0x0, 0x0, 0x1, 0xff, 0xff, 0x20, 0x1, 0x0,
    0x0, 0x0, 0x0, 0x0, 0x0, 0xd, 0xff, 0xf2,
    0x0, 0xbd, 0x10, 0x0, 0x0, 0x0, 0x0, 0x0,
    0xef, 0xff, 0x10, 0x7f, 0xfe, 0x70, 0x0, 0x0,
    0x0, 0x0, 0x9f, 0xff, 0xc0, 0x1f, 0xff, 0xff,
    0xe9, 0x42, 0x11, 0x36, 0xdf, 0xff, 0xf5, 0x0,
    0x4e, 0xff, 0xff, 0xff, 0xff, 0xff, 0xff, 0xff,
    0xf9, 0x0, 0x0, 0x1b, 0xff, 0xff, 0xff, 0xff,
    0xff, 0xff, 0xf8, 0x0, 0x0, 0x0, 0x3, 0x9e,
    0xff, 0xff, 0xff, 0xff, 0xa2, 0x0, 0x0, 0x0,
    0x0, 0x0, 0x2, 0x56, 0x77, 0x63, 0x0, 0x0,
    0x0, 0x0,

    /* U+0054 "T" */
    0x6f, 0xff, 0xff, 0xff, 0xff, 0xff, 0xff, 0xff,
    0xff, 0xff, 0xf1, 0x6f, 0xff, 0xff, 0xff, 0xff,
    0xff, 0xff, 0xff, 0xff, 0xff, 0xf1, 0x6f, 0xff,
    0xff, 0xff, 0xff, 0xff, 0xff, 0xff, 0xff, 0xff,
    0xf1, 0x39, 0x99, 0x99, 0x99, 0xaf, 0xff, 0xf9,
    0x99, 0x99, 0x99, 0x90, 0x0, 0x0, 0x0, 0x0,
    0x3f, 0xff, 0xd0, 0x0, 0x0, 0x0, 0x0, 0x0,
    0x0, 0x0, 0x0, 0x3f, 0xff, 0xd0, 0x0, 0x0,
    0x0, 0x0, 0x0, 0x0, 0x0, 0x0, 0x3f, 0xff,
    0xd0, 0x0, 0x0, 0x0, 0x0, 0x0, 0x0, 0x0,
    0x0, 0x3f, 0xff, 0xd0, 0x0, 0x0, 0x0, 0x0,
    0x0, 0x0, 0x0, 0x0, 0x3f, 0xff, 0xd0, 0x0,
    0x0, 0x0, 0x0, 0x0, 0x0, 0x0, 0x0, 0x3f,
    0xff, 0xd0, 0x0, 0x0, 0x0, 0x0, 0x0, 0x0,
    0x0, 0x0, 0x3f, 0xff, 0xd0, 0x0, 0x0, 0x0,
    0x0, 0x0, 0x0, 0x0, 0x0, 0x3f, 0xff, 0xd0,
    0x0, 0x0, 0x0, 0x0, 0x0, 0x0, 0x0, 0x0,
    0x3f, 0xff, 0xd0, 0x0, 0x0, 0x0, 0x0, 0x0,
    0x0, 0x0, 0x0, 0x3f, 0xff, 0xd0, 0x0, 0x0,
    0x0, 0x0, 0x0, 0x0, 0x0, 0x0, 0x3f, 0xff,
    0xd0, 0x0, 0x0, 0x0, 0x0, 0x0, 0x0, 0x0,
    0x0, 0x3f, 0xff, 0xd0, 0x0, 0x0, 0x0, 0x0,
    0x0, 0x0, 0x0, 0x0, 0x3f, 0xff, 0xd0, 0x0,
    0x0, 0x0, 0x0, 0x0, 0x0, 0x0, 0x0, 0x3f,
    0xff, 0xd0, 0x0, 0x0, 0x0, 0x0, 0x0, 0x0,
    0x0, 0x0, 0x3f, 0xff, 0xd0, 0x0, 0x0, 0x0,
    0x0, 0x0, 0x0, 0x0, 0x0, 0x3f, 0xff, 0xd0,
    0x0, 0x0, 0x0, 0x0, 0x0, 0x0, 0x0, 0x0,
    0x3f, 0xff, 0xd0, 0x0, 0x0, 0x0, 0x0, 0x0,
    0x0, 0x0, 0x0, 0x3f, 0xff, 0xd0, 0x0, 0x0,
    0x0, 0x0,

    /* U+0055 "U" */
    0x7f, 0xff, 0xa0, 0x0, 0x0, 0x0, 0x0, 0x0,
    0x8, 0xff, 0xf8, 0x7f, 0xff, 0xa0, 0x0, 0x0,
    0x0, 0x0, 0x0, 0x8, 0xff, 0xf8, 0x7f, 0xff,
    0xa0, 0x0, 0x0, 0x0, 0x0, 0x0, 0x8, 0xff,
    0xf8, 0x7f, 0xff, 0xa0, 0x0, 0x0, 0x0, 0x0,
    0x0, 0x8, 0xff, 0xf8, 0x7f, 0xff, 0xa0, 0x0,
    0x0, 0x0, 0x0, 0x0, 0x8, 0xff, 0xf8, 0x7f,
    0xff, 0xa0, 0x0, 0x0, 0x0, 0x0, 0x0, 0x8,
    0xff, 0xf8, 0x7f, 0xff, 0xa0, 0x0, 0x0, 0x0,
    0x0, 0x0, 0x8, 0xff, 0xf8, 0x7f, 0xff, 0xa0,
    0x0, 0x0, 0x0, 0x0, 0x0, 0x8, 0xff, 0xf8,
    0x7f, 0xff, 0xa0, 0x0, 0x0, 0x0, 0x0, 0x0,
    0x8, 0xff, 0xf8, 0x7f, 0xff, 0xa0, 0x0, 0x0,
    0x0, 0x0, 0x0, 0x8, 0xff, 0xf8, 0x7f, 0xff,
    0xa0, 0x0, 0x0, 0x0, 0x0, 0x0, 0x8, 0xff,
    0xf8, 0x7f, 0xff, 0xa0, 0x0, 0x0, 0x0, 0x0,
    0x0, 0x8, 0xff, 0xf8, 0x6f, 0xff, 0xa0, 0x0,
    0x0, 0x0, 0x0, 0x0, 0x8, 0xff, 0xf8, 0x5f,
    0xff, 0xc0, 0x0, 0x0, 0x0, 0x0, 0x0, 0xa,
    0xff, 0xf6, 0x3f, 0xff, 0xf0, 0x0, 0x0, 0x0,
    0x0, 0x0, 0xd, 0xff, 0xf5, 0xf, 0xff, 0xf5,
    0x0, 0x0, 0x0, 0x0, 0x0, 0x3f, 0xff, 0xf1,
    0xa, 0xff, 0xfe, 0x10, 0x0, 0x0, 0x0, 0x0,
    0xcf, 0xff, 0xc0, 0x3, 0xff, 0xff, 0xc1, 0x0,
    0x0, 0x0, 0xb, 0xff, 0xff, 0x40, 0x0, 0x9f,
    0xff, 0xff, 0x83, 0x11, 0x27, 0xef, 0xff, 0xfa,
    0x0, 0x0, 0xb, 0xff, 0xff, 0xff, 0xff, 0xff,
    0xff, 0xff, 0xb0, 0x0, 0x0, 0x0, 0x9f, 0xff,
    0xff, 0xff, 0xff, 0xff, 0xf9, 0x0, 0x0, 0x0,
    0x0, 0x3, 0xaf, 0xff, 0xff, 0xff, 0xfa, 0x30,
    0x0, 0x0, 0x0, 0x0, 0x0, 0x0, 0x46, 0x77,
    0x64, 0x0, 0x0, 0x0, 0x0,

    /* U+0056 "V" */
    0x9f, 0xff, 0xd0, 0x0, 0x0, 0x0, 0x0, 0x0,
    0x0, 0xc, 0xff, 0xf8, 0x2f, 0xff, 0xf4, 0x0,
    0x0, 0x0, 0x0, 0x0, 0x0, 0x3f, 0xff, 0xf2,
    0xb, 0xff, 0xfa, 0x0, 0x0, 0x0, 0x0, 0x0,
    0x0, 0x9f, 0xff, 0xa0, 0x4, 0xff, 0xff, 0x10,
    0x0, 0x0, 0x0, 0x0, 0x1, 0xff, 0xff, 0x30,
    0x0, 0xdf, 0xff, 0x80, 0x0, 0x0, 0x0, 0x0,
    0x7, 0xff, 0xfc, 0x0, 0x0, 0x6f, 0xff, 0xe0,
    0x0, 0x0, 0x0, 0x0, 0xe, 0xff, 0xf5, 0x0,
    0x0, 0xe, 0xff, 0xf6, 0x0, 0x0, 0x0, 0x0,
    0x5f, 0xff, 0xe0, 0x0, 0x0, 0x8, 0xff, 0xfd,
    0x0, 0x0, 0x0, 0x0, 0xcf, 0xff, 0x70, 0x0,
    0x0, 0x1, 0xff, 0xff, 0x40, 0x0, 0x0, 0x3,
    0xff, 0xff, 0x10, 0x0, 0x0, 0x0, 0xaf, 0xff,
    0xb0, 0x0, 0x0, 0xa, 0xff, 0xf9, 0x0, 0x0,
    0x0, 0x0, 0x3f, 0xff, 0xf2, 0x0, 0x0, 0x1f,
    0xff, 0xf2, 0x0, 0x0, 0x0, 0x0, 0xc, 0xff,
    0xf8, 0x0, 0x0, 0x7f, 0xff, 0xb0, 0x0, 0x0,
    0x0, 0x0, 0x5, 0xff, 0xfe, 0x0, 0x0, 0xef,
    0xff, 0x40, 0x0, 0x0, 0x0, 0x0, 0x0, 0xdf,
    0xff, 0x60, 0x5, 0xff, 0xfd, 0x0, 0x0, 0x0,
    0x0, 0x0, 0x0, 0x7f, 0xff, 0xd0, 0xc, 0xff,
    0xf6, 0x0, 0x0, 0x0, 0x0, 0x0, 0x0, 0xf,
    0xff, 0xf4, 0x3f, 0xff, 0xf0, 0x0, 0x0, 0x0,
    0x0, 0x0, 0x0, 0x8, 0xff, 0xfb, 0xaf, 0xff,
    0x80, 0x0, 0x0, 0x0, 0x0, 0x0, 0x0, 0x2,
    0xff, 0xff, 0xff, 0xff, 0x10, 0x0, 0x0, 0x0,
    0x0, 0x0, 0x0, 0x0, 0xaf, 0xff, 0xff, 0xfa,
    0x0, 0x0, 0x0, 0x0, 0x0, 0x0, 0x0, 0x0,
    0x3f, 0xff, 0xff, 0xf3, 0x0, 0x0, 0x0, 0x0,
    0x0, 0x0, 0x0, 0x0, 0xc, 0xff, 0xff, 0xc0,
    0x0, 0x0, 0x0, 0x0, 0x0, 0x0, 0x0, 0x0,
    0x5, 0xff, 0xff, 0x50, 0x0, 0x0, 0x0, 0x0,

    /* U+0057 "W" */
    0x1f, 0xff, 0xf3, 0x0, 0x0, 0x0, 0x2, 0xff,
    0xff, 0x10, 0x0, 0x0, 0x0, 0x4f, 0xff, 0xf0,
    0xd, 0xff, 0xf6, 0x0, 0x0, 0x0, 0x7, 0xff,
    0xff, 0x60, 0x0, 0x0, 0x0, 0x7f, 0xff, 0xc0,
    0x9, 0xff, 0xfa, 0x0, 0x0, 0x0, 0xc, 0xff,
    0xff, 0xc0, 0x0, 0x0, 0x0, 0xaf, 0xff, 0x80,
    0x6, 0xff, 0xfd, 0x0, 0x0, 0x0, 0x2f, 0xff,
    0xff, 0xf1, 0x0, 0x0, 0x0, 0xdf, 0xff, 0x40,
    0x2, 0xff, 0xff, 0x0, 0x0, 0x0, 0x7f, 0xff,
    0xff, 0xf6, 0x0, 0x0, 0x1, 0xff, 0xff, 0x10,
    0x0, 0xef, 0xff, 0x30, 0x0, 0x0, 0xcf, 0xff,
    0xff, 0xfb, 0x0, 0x0, 0x4, 0xff, 0xfd, 0x0,
    0x0, 0xbf, 0xff, 0x60, 0x0, 0x1, 0xff, 0xfa,
    0xdf, 0xff, 0x10, 0x0, 0x7, 0xff, 0xf9, 0x0,
    0x0, 0x7f, 0xff, 0xa0, 0x0, 0x6, 0xff, 0xf4,
    0x7f, 0xff, 0x60, 0x0, 0xa, 0xff, 0xf6, 0x0,
    0x0, 0x4f, 0xff, 0xd0, 0x0, 0xc, 0xff, 0xe0,
    0x2f, 0xff, 0xb0, 0x0, 0xe, 0xff, 0xf2, 0x0,
    0x0, 0xf, 0xff, 0xf0, 0x0, 0x1f, 0xff, 0xa0,
    0xc, 0xff, 0xf0, 0x0, 0x1f, 0xff, 0xe0, 0x0,
    0x0, 0xc, 0xff, 0xf3, 0x0, 0x6f, 0xff, 0x40,
    0x7, 0xff, 0xf5, 0x0, 0x4f, 0xff, 0xb0, 0x0,
    0x0, 0x9, 0xff, 0xf6, 0x0, 0xbf, 0xfe, 0x0,
    0x2, 0xff, 0xfa, 0x0, 0x7f, 0xff, 0x70, 0x0,
    0x0, 0x5, 0xff, 0xfa, 0x1, 0xff, 0xf9, 0x0,
    0x0, 0xcf, 0xff, 0x0, 0xbf, 0xff, 0x30, 0x0,
    0x0, 0x2, 0xff, 0xfd, 0x6, 0xff, 0xf4, 0x0,
    0x0, 0x7f, 0xff, 0x50, 0xef, 0xff, 0x0, 0x0,
    0x0, 0x0, 0xef, 0xff, 0xb, 0xff, 0xe0, 0x0,
    0x0, 0x1f, 0xff, 0xa1, 0xff, 0xfc, 0x0, 0x0,
    0x0, 0x0, 0xaf, 0xff, 0x4f, 0xff, 0x90, 0x0,
    0x0, 0xc, 0xff, 0xf5, 0xff, 0xf9, 0x0, 0x0,
    0x0, 0x0, 0x7f, 0xff, 0xcf, 0xff, 0x40, 0x0,
    0x0, 0x6, 0xff, 0xfc, 0xff, 0xf5, 0x0, 0x0,
    0x0, 0x0, 0x3f, 0xff, 0xff, 0xfe, 0x0, 0x0,
    0x0, 0x1, 0xff, 0xff, 0xff, 0xf1, 0x0, 0x0,
    0x0, 0x0, 0xf, 0xff, 0xff, 0xf9, 0x0, 0x0,
    0x0, 0x0, 0xcf, 0xff, 0xff, 0xe0, 0x0, 0x0,
    0x0, 0x0, 0xc, 0xff, 0xff, 0xf4, 0x0, 0x0,
    0x0, 0x0, 0x6f, 0xff, 0xff, 0xa0, 0x0, 0x0,
    0x0, 0x0, 0x8, 0xff, 0xff, 0xe0, 0x0, 0x0,
    0x0, 0x0, 0x1f, 0xff, 0xff, 0x60, 0x0, 0x0,
    0x0, 0x0, 0x5, 0xff, 0xff, 0x90, 0x0, 0x0,
    0x0, 0x0, 0xb, 0xff, 0xff, 0x30, 0x0, 0x0,

    /* U+0058 "X" */
    0xb, 0xff, 0xff, 0x40, 0x0, 0x0, 0x0, 0x0,
    0x1d, 0xff, 0xfe, 0x10, 0x1d, 0xff, 0xfe, 0x10,
    0x0, 0x0, 0x0, 0xa, 0xff, 0xff, 0x30, 0x0,
    0x3f, 0xff, 0xfc, 0x0, 0x0, 0x0, 0x6, 0xff,
    0xff, 0x60, 0x0, 0x0, 0x6f, 0xff, 0xf7, 0x0,
    0x0, 0x3, 0xff, 0xff, 0x90, 0x0, 0x0, 0x0,
    0x9f, 0xff, 0xf3, 0x0, 0x0, 0xdf, 0xff, 0xc0,
    0x0, 0x0, 0x0, 0x0, 0xcf, 0xff, 0xe1, 0x0,
    0xaf, 0xff, 0xe2, 0x0, 0x0, 0x0, 0x0, 0x1,
    0xef, 0xff, 0xb0, 0x6f, 0xff, 0xf4, 0x0, 0x0,
    0x0, 0x0, 0x0, 0x4, 0xff, 0xff, 0x9f, 0xff,
    0xf8, 0x0, 0x0, 0x0, 0x0, 0x0, 0x0, 0x7,
    0xff, 0xff, 0xff, 0xfb, 0x0, 0x0, 0x0, 0x0,
    0x0, 0x0, 0x0, 0xb, 0xff, 0xff, 0xfe, 0x10,
    0x0, 0x0, 0x0, 0x0, 0x0, 0x0, 0x0, 0x1f,
    0xff, 0xff, 0x40, 0x0, 0x0, 0x0, 0x0, 0x0,
    0x0, 0x0, 0x6, 0xff, 0xff, 0xfb, 0x0, 0x0,
    0x0, 0x0, 0x0, 0x0, 0x0, 0x3, 0xff, 0xff,
    0xff, 0xf8, 0x0, 0x0, 0x0, 0x0, 0x0, 0x0,
    0x1, 0xef, 0xff, 0xdf, 0xff, 0xf5, 0x0, 0x0,
    0x0, 0x0, 0x0, 0x0, 0xbf, 0xff, 0xc0, 0xaf,
    0xff, 0xf2, 0x0, 0x0, 0x0, 0x0, 0x0, 0x8f,
    0xff, 0xf2, 0x1, 0xdf, 0xff, 0xd0, 0x0, 0x0,
    0x0, 0x0, 0x5f, 0xff, 0xf5, 0x0, 0x3, 0xff,
    0xff, 0xa0, 0x0, 0x0, 0x0, 0x2f, 0xff, 0xf9,
    0x0, 0x0, 0x7, 0xff, 0xff, 0x60, 0x0, 0x0,
    0xd, 0xff, 0xfd, 0x0, 0x0, 0x0, 0xb, 0xff,
    0xff, 0x30, 0x0, 0xa, 0xff, 0xff, 0x20, 0x0,
    0x0, 0x0, 0x1e, 0xff, 0xfe, 0x10, 0x7, 0xff,
    0xff, 0x50, 0x0, 0x0, 0x0, 0x0, 0x3f, 0xff,
    0xfc, 0x3, 0xff, 0xff, 0x90, 0x0, 0x0, 0x0,
    0x0, 0x0, 0x7f, 0xff, 0xf8,

    /* U+0059 "Y" */
    0xaf, 0xff, 0xf2, 0x0, 0x0, 0x0, 0x0, 0x0,
    0xc, 0xff, 0xfe, 0x0, 0xdf, 0xff, 0xd0, 0x0,
    0x0, 0x0, 0x0, 0x7, 0xff, 0xff, 0x30, 0x3,
    0xff, 0xff, 0x80, 0x0, 0x0, 0x0, 0x2, 0xff,
    0xff, 0x80, 0x0, 0x8, 0xff, 0xff, 0x30, 0x0,
    0x0, 0x0, 0xcf, 0xff, 0xc0, 0x0, 0x0, 0xc,
    0xff, 0xfd, 0x0, 0x0, 0x0, 0x7f, 0xff, 0xf2,
    0x0, 0x0, 0x0, 0x2f, 0xff, 0xf8, 0x0, 0x0,
    0x2f, 0xff, 0xf6, 0x0, 0x0, 0x0, 0x0, 0x5f,
    0xff, 0xf3, 0x0, 0xc, 0xff, 0xfa, 0x0, 0x0,
    0x0, 0x0, 0x0, 0xaf, 0xff, 0xd0, 0x8, 0xff,
    0xfe, 0x10, 0x0, 0x0, 0x0, 0x0, 0x1, 0xef,
    0xff, 0x93, 0xff, 0xff, 0x40, 0x0, 0x0, 0x0,
    0x0, 0x0, 0x3, 0xff, 0xff, 0xef, 0xff, 0x80,
    0x0, 0x0, 0x0, 0x0, 0x0, 0x0, 0x8, 0xff,
    0xff, 0xff, 0xc0, 0x0, 0x0, 0x0, 0x0, 0x0,
    0x0, 0x0, 0xc, 0xff, 0xff, 0xf2, 0x0, 0x0,
    0x0, 0x0, 0x0, 0x0, 0x0, 0x0, 0x2f, 0xff,
    0xf6, 0x0, 0x0, 0x0, 0x0, 0x0, 0x0, 0x0,
    0x0, 0x0, 0xef, 0xff, 0x30, 0x0, 0x0, 0x0,
    0x0, 0x0, 0x0, 0x0, 0x0, 0xe, 0xff, 0xf3,
    0x0, 0x0, 0x0, 0x0, 0x0, 0x0, 0x0, 0x0,
    0x0, 0xef, 0xff, 0x30, 0x0, 0x0, 0x0, 0x0,
    0x0, 0x0, 0x0, 0x0, 0xe, 0xff, 0xf3, 0x0,
    0x0, 0x0, 0x0, 0x0, 0x0, 0x0, 0x0, 0x0,
    0xef, 0xff, 0x30, 0x0, 0x0, 0x0, 0x0, 0x0,
    0x0, 0x0, 0x0, 0xe, 0xff, 0xf3, 0x0, 0x0,
    0x0, 0x0, 0x0, 0x0, 0x0, 0x0, 0x0, 0xef,
    0xff, 0x30, 0x0, 0x0, 0x0, 0x0, 0x0, 0x0,
    0x0, 0x0, 0xe, 0xff, 0xf3, 0x0, 0x0, 0x0,
    0x0, 0x0, 0x0, 0x0, 0x0, 0x0, 0xef, 0xff,
    0x30, 0x0, 0x0, 0x0, 0x0,

    /* U+005A "Z" */
    0x9, 0xff, 0xff, 0xff, 0xff, 0xff, 0xff, 0xff,
    0xff, 0xff, 0xa0, 0x9, 0xff, 0xff, 0xff, 0xff,
    0xff, 0xff, 0xff, 0xff, 0xff, 0xa0, 0x9, 0xff,
    0xff, 0xff, 0xff, 0xff, 0xff, 0xff, 0xff, 0xff,
    0xa0, 0x3, 0x55, 0x55, 0x55, 0x55, 0x55, 0x55,
    0x7f, 0xff, 0xff, 0x30, 0x0, 0x0, 0x0, 0x0,
    0x0, 0x0, 0x0, 0xdf, 0xff, 0xf4, 0x0, 0x0,
    0x0, 0x0, 0x0, 0x0, 0x0, 0xc, 0xff, 0xff,
    0x50, 0x0, 0x0, 0x0, 0x0, 0x0, 0x0, 0x0,
    0xbf, 0xff, 0xf6, 0x0, 0x0, 0x0, 0x0, 0x0,
    0x0, 0x0, 0x9, 0xff, 0xff, 0x80, 0x0, 0x0,
    0x0, 0x0, 0x0, 0x0, 0x0, 0x8f, 0xff, 0xf9,
    0x0, 0x0, 0x0, 0x0, 0x0, 0x0, 0x0, 0x6,
    0xff, 0xff, 0xa0, 0x0, 0x0, 0x0, 0x0, 0x0,
    0x0, 0x0, 0x5f, 0xff, 0xfb, 0x0, 0x0, 0x0,
    0x0, 0x0, 0x0, 0x0, 0x4, 0xff, 0xff, 0xc0,
    0x0, 0x0, 0x0, 0x0, 0x0, 0x0, 0x0, 0x3f,
    0xff, 0xfd, 0x10, 0x0, 0x0, 0x0, 0x0, 0x0,
    0x0, 0x2, 0xef, 0xff, 0xe1, 0x0, 0x0, 0x0,
    0x0, 0x0, 0x0, 0x0, 0x1e, 0xff, 0xfe, 0x20,
    0x0, 0x0, 0x0, 0x0, 0x0, 0x0, 0x1, 0xdf,
    0xff, 0xf3, 0x0, 0x0, 0x0, 0x0, 0x0, 0x0,
    0x0, 0xc, 0xff, 0xff, 0x40, 0x0, 0x0, 0x0,
    0x0, 0x0, 0x0, 0x0, 0xbf, 0xff, 0xf5, 0x0,
    0x0, 0x0, 0x0, 0x0, 0x0, 0x0, 0x9, 0xff,
    0xff, 0xb5, 0x55, 0x55, 0x55, 0x55, 0x55, 0x55,
    0x51, 0x1f, 0xff, 0xff, 0xff, 0xff, 0xff, 0xff,
    0xff, 0xff, 0xff, 0xf3, 0x1f, 0xff, 0xff, 0xff,
    0xff, 0xff, 0xff, 0xff, 0xff, 0xff, 0xf3, 0x1f,
    0xff, 0xff, 0xff, 0xff, 0xff, 0xff, 0xff, 0xff,
    0xff, 0xf3,

    /* U+005B "[" */
    0x9f, 0xff, 0xff, 0xff, 0xff, 0x9f, 0xff, 0xff,
    0xff, 0xff, 0x9f, 0xff, 0xff, 0xff, 0xff, 0x9f,
    0xff, 0x63, 0x33, 0x33, 0x9f, 0xff, 0x30, 0x0,
    0x0, 0x9f, 0xff, 0x30, 0x0, 0x0, 0x9f, 0xff,
    0x30, 0x0, 0x0, 0x9f, 0xff, 0x30, 0x0, 0x0,
    0x9f, 0xff, 0x30, 0x0, 0x0, 0x9f, 0xff, 0x30,
    0x0, 0x0, 0x9f, 0xff, 0x30, 0x0, 0x0, 0x9f,
    0xff, 0x30, 0x0, 0x0, 0x9f, 0xff, 0x30, 0x0,
    0x0, 0x9f, 0xff, 0x30, 0x0, 0x0, 0x9f, 0xff,
    0x30, 0x0, 0x0, 0x9f, 0xff, 0x30, 0x0, 0x0,
    0x9f, 0xff, 0x30, 0x0, 0x0, 0x9f, 0xff, 0x30,
    0x0, 0x0, 0x9f, 0xff, 0x30, 0x0, 0x0, 0x9f,
    0xff, 0x30, 0x0, 0x0, 0x9f, 0xff, 0x30, 0x0,
    0x0, 0x9f, 0xff, 0x30, 0x0, 0x0, 0x9f, 0xff,
    0x30, 0x0, 0x0, 0x9f, 0xff, 0x30, 0x0, 0x0,
    0x9f, 0xff, 0x30, 0x0, 0x0, 0x9f, 0xff, 0x30,
    0x0, 0x0, 0x9f, 0xff, 0x63, 0x33, 0x33, 0x9f,
    0xff, 0xff, 0xff, 0xff, 0x9f, 0xff, 0xff, 0xff,
    0xff, 0x9f, 0xff, 0xff, 0xff, 0xff,

    /* U+005C "\\" */
    0x48, 0x87, 0x0, 0x0, 0x0, 0x0, 0x0, 0x6f,
    0xff, 0x30, 0x0, 0x0, 0x0, 0x0, 0x1f, 0xff,
    0x80, 0x0, 0x0, 0x0, 0x0, 0xb, 0xff, 0xd0,
    0x0, 0x0, 0x0, 0x0, 0x6, 0xff, 0xf2, 0x0,
    0x0, 0x0, 0x0, 0x1, 0xff, 0xf7, 0x0, 0x0,
    0x0, 0x0, 0x0, 0xcf, 0xfd, 0x0, 0x0, 0x0,
    0x0, 0x0, 0x6f, 0xff, 0x20, 0x0, 0x0, 0x0,
    0x0, 0x1f, 0xff, 0x70, 0x0, 0x0, 0x0, 0x0,
    0xc, 0xff, 0xc0, 0x0, 0x0, 0x0, 0x0, 0x7,
    0xff, 0xf1, 0x0, 0x0, 0x0, 0x0, 0x2, 0xff,
    0xf7, 0x0, 0x0, 0x0, 0x0, 0x0, 0xdf, 0xfc,
    0x0, 0x0, 0x0, 0x0, 0x0, 0x7f, 0xff, 0x10,
    0x0, 0x0, 0x0, 0x0, 0x2f, 0xff, 0x60, 0x0,
    0x0, 0x0, 0x0, 0xd, 0xff, 0xb0, 0x0, 0x0,
    0x0, 0x0, 0x8, 0xff, 0xf1, 0x0, 0x0, 0x0,
    0x0, 0x3, 0xff, 0xf6, 0x0, 0x0, 0x0, 0x0,
    0x0, 0xdf, 0xfb, 0x0, 0x0, 0x0, 0x0, 0x0,
    0x8f, 0xff, 0x10, 0x0, 0x0, 0x0, 0x0, 0x3f,
    0xff, 0x50, 0x0, 0x0, 0x0, 0x0, 0xe, 0xff,
    0xb0, 0x0, 0x0, 0x0, 0x0, 0x9, 0xff, 0xf0,
    0x0, 0x0, 0x0, 0x0, 0x3, 0xff, 0xf5, 0x0,
    0x0, 0x0, 0x0, 0x0, 0xef, 0xfa, 0x0, 0x0,
    0x0, 0x0, 0x0, 0x9f, 0xff, 0x0, 0x0, 0x0,
    0x0, 0x0, 0x4f, 0xff, 0x50, 0x0, 0x0, 0x0,
    0x0, 0xe, 0xff, 0xa0, 0x0, 0x0, 0x0, 0x0,
    0xa, 0xff, 0xf0, 0x0, 0x0, 0x0, 0x0, 0x4,
    0xff, 0xf4,

    /* U+005D "]" */
    0x4f, 0xff, 0xff, 0xff, 0xff, 0x24, 0xff, 0xff,
    0xff, 0xff, 0xf2, 0x4f, 0xff, 0xff, 0xff, 0xff,
    0x21, 0x33, 0x33, 0x3a, 0xff, 0xf2, 0x0, 0x0,
    0x0, 0x9f, 0xff, 0x20, 0x0, 0x0, 0x9, 0xff,
    0xf2, 0x0, 0x0, 0x0, 0x9f, 0xff, 0x20, 0x0,
    0x0, 0x9, 0xff, 0xf2, 0x0, 0x0, 0x0, 0x9f,
    0xff, 0x20, 0x0, 0x0, 0x9, 0xff, 0xf2, 0x0,
    0x0, 0x0, 0x9f, 0xff, 0x20, 0x0, 0x0, 0x9,
    0xff, 0xf2, 0x0, 0x0, 0x0, 0x9f, 0xff, 0x20,
    0x0, 0x0, 0x9, 0xff, 0xf2, 0x0, 0x0, 0x0,
    0x9f, 0xff, 0x20, 0x0, 0x0, 0x9, 0xff, 0xf2,
    0x0, 0x0, 0x0, 0x9f, 0xff, 0x20, 0x0, 0x0,
    0x9, 0xff, 0xf2, 0x0, 0x0, 0x0, 0x9f, 0xff,
    0x20, 0x0, 0x0, 0x9, 0xff, 0xf2, 0x0, 0x0,
    0x0, 0x9f, 0xff, 0x20, 0x0, 0x0, 0x9, 0xff,
    0xf2, 0x0, 0x0, 0x0, 0x9f, 0xff, 0x20, 0x0,
    0x0, 0x9, 0xff, 0xf2, 0x0, 0x0, 0x0, 0x9f,
    0xff, 0x20, 0x0, 0x0, 0x9, 0xff, 0xf2, 0x13,
    0x33, 0x33, 0xaf, 0xff, 0x24, 0xff, 0xff, 0xff,
    0xff, 0xf2, 0x4f, 0xff, 0xff, 0xff, 0xff, 0x24,
    0xff, 0xff, 0xff, 0xff, 0xf2,

    /* U+005E "^" */
    0x0, 0x0, 0xd, 0xff, 0xf8, 0x0, 0x0, 0x0,
    0x0, 0x6f, 0xff, 0xff, 0x20, 0x0, 0x0, 0x1,
    0xef, 0xfe, 0xff, 0xa0, 0x0, 0x0, 0x8, 0xff,
    0xd2, 0xff, 0xf4, 0x0, 0x0, 0x2f, 0xff, 0x50,
    0x9f, 0xfc, 0x0, 0x0, 0xbf, 0xfc, 0x0, 0x1f,
    0xff, 0x60, 0x4, 0xff, 0xf4, 0x0, 0x8, 0xff,
    0xe0, 0xd, 0xff, 0xb0, 0x0, 0x1, 0xef, 0xf8,

    /* U+005F "_" */
    0x5, 0x55, 0x55, 0x55, 0x55, 0x55, 0x55, 0x55,
    0x53, 0x1f, 0xff, 0xff, 0xff, 0xff, 0xff, 0xff,
    0xff, 0xfa, 0x1f, 0xff, 0xff, 0xff, 0xff, 0xff,
    0xff, 0xff, 0xfa, 0x1f, 0xff, 0xff, 0xff, 0xff,
    0xff, 0xff, 0xff, 0xfa,

    /* U+0060 "`" */
    0x5, 0x91, 0x0, 0x0, 0xc, 0xff, 0x70, 0x0,
    0x1d, 0xff, 0xfe, 0x60, 0x0, 0x4b, 0xff, 0xf8,
    0x0, 0x0, 0x2a, 0xf2, 0x0, 0x0, 0x0, 0x0,

    /* U+0061 "a" */
    0x0, 0x0, 0x28, 0xce, 0xff, 0xd9, 0x20, 0x0,
    0x0, 0x1a, 0xff, 0xff, 0xff, 0xff, 0xf7, 0x0,
    0x0, 0xef, 0xff, 0xff, 0xff, 0xff, 0xff, 0x60,
    0x0, 0x7f, 0xfd, 0x62, 0x13, 0xaf, 0xff, 0xf0,
    0x0, 0xc, 0x60, 0x0, 0x0, 0xb, 0xff, 0xf6,
    0x0, 0x0, 0x0, 0x0, 0x0, 0x4, 0xff, 0xf9,
    0x0, 0x0, 0x0, 0x0, 0x0, 0x1, 0xff, 0xfa,
    0x0, 0x4, 0x9c, 0xef, 0xff, 0xff, 0xff, 0xfb,
    0x1, 0xcf, 0xff, 0xff, 0xff, 0xff, 0xff, 0xfb,
    0xc, 0xff, 0xff, 0xba, 0x99, 0x9a, 0xff, 0xfb,
    0x3f, 0xff, 0xc1, 0x0, 0x0, 0x2, 0xff, 0xfb,
    0x5f, 0xff, 0x60, 0x0, 0x0, 0x9, 0xff, 0xfb,
    0x5f, 0xff, 0x90, 0x0, 0x0, 0x6f, 0xff, 0xfb,
    0x1f, 0xff, 0xfa, 0x54, 0x6c, 0xff, 0xff, 0xfb,
    0x7, 0xff, 0xff, 0xff, 0xff, 0xfa, 0xff, 0xfb,
    0x0, 0x6e, 0xff, 0xff, 0xfe, 0x70, 0xff, 0xfb,
    0x0, 0x0, 0x46, 0x76, 0x40, 0x0, 0x0, 0x0,

    /* U+0062 "b" */
    0x9f, 0xff, 0x40, 0x0, 0x0, 0x0, 0x0, 0x0,
    0x0, 0x9f, 0xff, 0x40, 0x0, 0x0, 0x0, 0x0,
    0x0, 0x0, 0x9f, 0xff, 0x40, 0x0, 0x0, 0x0,
    0x0, 0x0, 0x0, 0x9f, 0xff, 0x40, 0x0, 0x0,
    0x0, 0x0, 0x0, 0x0, 0x9f, 0xff, 0x40, 0x0,
    0x0, 0x0, 0x0, 0x0, 0x0, 0x9f, 0xff, 0x40,
    0x0, 0x0, 0x0, 0x0, 0x0, 0x0, 0x9f, 0xff,
    0x40, 0x6b, 0xef, 0xeb, 0x60, 0x0, 0x0, 0x9f,
    0xff, 0x7d, 0xff, 0xff, 0xff, 0xfd, 0x20, 0x0,
    0x9f, 0xff, 0xff, 0xff, 0xff, 0xff, 0xff, 0xf2,
    0x0, 0x9f, 0xff, 0xff, 0xd6, 0x34, 0x8f, 0xff,
    0xfd, 0x0, 0x9f, 0xff, 0xfa, 0x0, 0x0, 0x2,
    0xef, 0xff, 0x70, 0x9f, 0xff, 0xd0, 0x0, 0x0,
    0x0, 0x5f, 0xff, 0xc0, 0x9f, 0xff, 0x70, 0x0,
    0x0, 0x0, 0xe, 0xff, 0xf0, 0x9f, 0xff, 0x30,
    0x0, 0x0, 0x0, 0xb, 0xff, 0xf2, 0x9f, 0xff,
    0x20, 0x0, 0x0, 0x0, 0xa, 0xff, 0xf2, 0x9f,
    0xff, 0x40, 0x0, 0x0, 0x0, 0xc, 0xff, 0xf1,
    0x9f, 0xff, 0x90, 0x0, 0x0, 0x0, 0x1f, 0xff,
    0xe0, 0x9f, 0xff, 0xf3, 0x0, 0x0, 0x0, 0xaf,
    0xff, 0x90, 0x9f, 0xff, 0xff, 0x50, 0x0, 0x1a,
    0xff, 0xff, 0x20, 0x9f, 0xff, 0xff, 0xfe, 0xcd,
    0xff, 0xff, 0xf7, 0x0, 0x9f, 0xff, 0xbf, 0xff,
    0xff, 0xff, 0xff, 0x80, 0x0, 0x9f, 0xff, 0x26,
    0xef, 0xff, 0xff, 0xd4, 0x0, 0x0, 0x0, 0x0,
    0x0, 0x4, 0x67, 0x62, 0x0, 0x0, 0x0,

    /* U+0063 "c" */
    0x0, 0x0, 0x2, 0x8d, 0xef, 0xeb, 0x60, 0x0,
    0x0, 0x0, 0x9, 0xff, 0xff, 0xff, 0xff, 0xe2,
    0x0, 0x0, 0xc, 0xff, 0xff, 0xff, 0xff, 0xff,
    0xf3, 0x0, 0xa, 0xff, 0xff, 0x94, 0x36, 0xdf,
    0xff, 0xd0, 0x4, 0xff, 0xff, 0x30, 0x0, 0x0,
    0xbf, 0xfd, 0x20, 0xbf, 0xff, 0x60, 0x0, 0x0,
    0x1, 0xc5, 0x0, 0xf, 0xff, 0xf0, 0x0, 0x0,
    0x0, 0x0, 0x0, 0x1, 0xff, 0xfc, 0x0, 0x0,
    0x0, 0x0, 0x0, 0x0, 0x2f, 0xff, 0xb0, 0x0,
    0x0, 0x0, 0x0, 0x0, 0x1, 0xff, 0xfd, 0x0,
    0x0, 0x0, 0x0, 0x0, 0x0, 0xe, 0xff, 0xf2,
    0x0, 0x0, 0x0, 0x3, 0x0, 0x0, 0x9f, 0xff,
    0xb0, 0x0, 0x0, 0x2, 0xfe, 0x60, 0x2, 0xff,
    0xff, 0xb2, 0x0, 0x5, 0xef, 0xff, 0x40, 0x7,
    0xff, 0xff, 0xfd, 0xce, 0xff, 0xff, 0xb0, 0x0,
    0x8, 0xff, 0xff, 0xff, 0xff, 0xff, 0xb0, 0x0,
    0x0, 0x4, 0xcf, 0xff, 0xff, 0xfd, 0x60, 0x0,
    0x0, 0x0, 0x0, 0x25, 0x77, 0x63, 0x0, 0x0,
    0x0,

    /* U+0064 "d" */
    0x0, 0x0, 0x0, 0x0, 0x0, 0x0, 0x3, 0xff,
    0xfa, 0x0, 0x0, 0x0, 0x0, 0x0, 0x0, 0x3,
    0xff, 0xfa, 0x0, 0x0, 0x0, 0x0, 0x0, 0x0,
    0x3, 0xff, 0xfa, 0x0, 0x0, 0x0, 0x0, 0x0,
    0x0, 0x3, 0xff, 0xfa, 0x0, 0x0, 0x0, 0x0,
    0x0, 0x0, 0x3, 0xff, 0xfa, 0x0, 0x0, 0x0,
    0x0, 0x0, 0x0, 0x3, 0xff, 0xfa, 0x0, 0x0,
    0x4, 0xad, 0xff, 0xc8, 0x13, 0xff, 0xfa, 0x0,
    0x1, 0xbf, 0xff, 0xff, 0xff, 0xf8, 0xff, 0xfa,
    0x0, 0x1e, 0xff, 0xff, 0xff, 0xff, 0xff, 0xff,
    0xfa, 0x0, 0xcf, 0xff, 0xf9, 0x54, 0x6c, 0xff,
    0xff, 0xfa, 0x5, 0xff, 0xff, 0x30, 0x0, 0x0,
    0x9f, 0xff, 0xfa, 0xb, 0xff, 0xf6, 0x0, 0x0,
    0x0, 0xd, 0xff, 0xfa, 0xf, 0xff, 0xf0, 0x0,
    0x0, 0x0, 0x6, 0xff, 0xfa, 0x1f, 0xff, 0xc0,
    0x0, 0x0, 0x0, 0x2, 0xff, 0xfa, 0x2f, 0xff,
    0xb0, 0x0, 0x0, 0x0, 0x2, 0xff, 0xfa, 0x1f,
    0xff, 0xd0, 0x0, 0x0, 0x0, 0x4, 0xff, 0xfa,
    0xe, 0xff, 0xf2, 0x0, 0x0, 0x0, 0x9, 0xff,
    0xfa, 0x9, 0xff, 0xfa, 0x0, 0x0, 0x0, 0x3f,
    0xff, 0xfa, 0x2, 0xff, 0xff, 0xa1, 0x0, 0x5,
    0xff, 0xff, 0xfa, 0x0, 0x8f, 0xff, 0xff, 0xdc,
    0xef, 0xff, 0xff, 0xfa, 0x0, 0x9, 0xff, 0xff,
    0xff, 0xff, 0xf9, 0xff, 0xfa, 0x0, 0x0, 0x5e,
    0xff, 0xff, 0xfd, 0x41, 0xff, 0xfa, 0x0, 0x0,
    0x0, 0x36, 0x76, 0x30, 0x0, 0x0, 0x0,

    /* U+0065 "e" */
    0x0, 0x0, 0x3, 0x9d, 0xff, 0xea, 0x40, 0x0,
    0x0, 0x0, 0xa, 0xff, 0xff, 0xff, 0xff, 0xc1,
    0x0, 0x0, 0x1d, 0xff, 0xff, 0xff, 0xff, 0xff,
    0xd1, 0x0, 0xb, 0xff, 0xfd, 0x51, 0x4, 0xdf,
    0xff, 0xb0, 0x5, 0xff, 0xfe, 0x10, 0x0, 0x0,
    0xef, 0xff, 0x30, 0xbf, 0xff, 0x40, 0x0, 0x0,
    0x5, 0xff, 0xf8, 0xf, 0xff, 0xe0, 0x0, 0x0,
    0x0, 0xf, 0xff, 0xc1, 0xff, 0xff, 0xff, 0xff,
    0xff, 0xff, 0xff, 0xfd, 0x2f, 0xff, 0xff, 0xff,
    0xff, 0xff, 0xff, 0xff, 0xe1, 0xff, 0xff, 0xaa,
    0xaa, 0xaa, 0xaa, 0xaa, 0xa8, 0xe, 0xff, 0xf1,
    0x0, 0x0, 0x0, 0x0, 0x0, 0x0, 0x9f, 0xff,
    0x90, 0x0, 0x0, 0x0, 0x16, 0x0, 0x2, 0xff,
    0xff, 0x90, 0x0, 0x0, 0x5e, 0xf8, 0x0, 0x7,
    0xff, 0xff, 0xfb, 0x9a, 0xef, 0xff, 0xf2, 0x0,
    0x7, 0xff, 0xff, 0xff, 0xff, 0xff, 0xe3, 0x0,
    0x0, 0x3, 0xcf, 0xff, 0xff, 0xfe, 0x80, 0x0,
    0x0, 0x0, 0x0, 0x15, 0x77, 0x63, 0x0, 0x0,
    0x0,

    /* U+0066 "f" */
    0x0, 0x0, 0x5b, 0xef, 0xfe, 0x0, 0x7, 0xff,
    0xff, 0xfe, 0x0, 0x1f, 0xff, 0xff, 0xfe, 0x0,
    0x4f, 0xff, 0xc1, 0x0, 0x0, 0x5f, 0xff, 0x80,
    0x0, 0x0, 0x5f, 0xff, 0x80, 0x0, 0x7f, 0xff,
    0xff, 0xff, 0xfe, 0x7f, 0xff, 0xff, 0xff, 0xfe,
    0x7f, 0xff, 0xff, 0xff, 0xfe, 0x25, 0x8f, 0xff,
    0xa5, 0x54, 0x0, 0x5f, 0xff, 0x80, 0x0, 0x0,
    0x5f, 0xff, 0x80, 0x0, 0x0, 0x5f, 0xff, 0x80,
    0x0, 0x0, 0x5f, 0xff, 0x80, 0x0, 0x0, 0x5f,
    0xff, 0x80, 0x0, 0x0, 0x5f, 0xff, 0x80, 0x0,
    0x0, 0x5f, 0xff, 0x80, 0x0, 0x0, 0x5f, 0xff,
    0x80, 0x0, 0x0, 0x5f, 0xff, 0x80, 0x0, 0x0,
    0x5f, 0xff, 0x80, 0x0, 0x0, 0x5f, 0xff, 0x80,
    0x0, 0x0, 0x5f, 0xff, 0x80, 0x0,

    /* U+0067 "g" */
    0x0, 0x0, 0x5, 0xbe, 0xfe, 0xc7, 0x11, 0xff,
    0xf9, 0x0, 0x2, 0xdf, 0xff, 0xff, 0xff, 0xe6,
    0xff, 0xf9, 0x0, 0x2f, 0xff, 0xff, 0xff, 0xff,
    0xff, 0xff, 0xf9, 0x0, 0xdf, 0xff, 0xf9, 0x44,
    0x6d, 0xff, 0xff, 0xf9, 0x7, 0xff, 0xfe, 0x20,
    0x0, 0x0, 0x9f, 0xff, 0xf9, 0xd, 0xff, 0xf4,
    0x0, 0x0, 0x0, 0xc, 0xff, 0xf9, 0x1f, 0xff,
    0xe0, 0x0, 0x0, 0x0, 0x5, 0xff, 0xf9, 0x2f,
    0xff, 0xb0, 0x0, 0x0, 0x0, 0x2, 0xff, 0xf9,
    0x2f, 0xff, 0xb0, 0x0, 0x0, 0x0, 0x2, 0xff,
    0xf9, 0x1f, 0xff, 0xe0, 0x0, 0x0, 0x0, 0x5,
    0xff, 0xf9, 0xd, 0xff, 0xf4, 0x0, 0x0, 0x0,
    0xc, 0xff, 0xf9, 0x8, 0xff, 0xfe, 0x20, 0x0,
    0x0, 0x9f, 0xff, 0xf9, 0x1, 0xef, 0xff, 0xf8,
    0x43, 0x6c, 0xff, 0xff, 0xf9, 0x0, 0x4f, 0xff,
    0xff, 0xff, 0xff, 0xff, 0xff, 0xf9, 0x0, 0x4,
    0xef, 0xff, 0xff, 0xff, 0xd6, 0xff, 0xf9, 0x0,
    0x0, 0x7, 0xce, 0xfe, 0xb5, 0x4, 0xff, 0xf8,
    0x0, 0x0, 0x0, 0x0, 0x0, 0x0, 0x8, 0xff,
    0xf5, 0x0, 0x0, 0x0, 0x0, 0x0, 0x0, 0x2f,
    0xff, 0xf1, 0x0, 0x0, 0x2, 0x22, 0x22, 0x48,
    0xff, 0xff, 0xa0, 0x0, 0x0, 0x4f, 0xff, 0xff,
    0xff, 0xff, 0xfe, 0x10, 0x0, 0x0, 0x4f, 0xff,
    0xff, 0xff, 0xff, 0xc2, 0x0, 0x0, 0x0, 0x4f,
    0xff, 0xff, 0xec, 0x94, 0x0, 0x0,

    /* U+0068 "h" */
    0x9f, 0xff, 0x40, 0x0, 0x0, 0x0, 0x0, 0x0,
    0x9f, 0xff, 0x40, 0x0, 0x0, 0x0, 0x0, 0x0,
    0x9f, 0xff, 0x40, 0x0, 0x0, 0x0, 0x0, 0x0,
    0x9f, 0xff, 0x40, 0x0, 0x0, 0x0, 0x0, 0x0,
    0x9f, 0xff, 0x40, 0x0, 0x0, 0x0, 0x0, 0x0,
    0x9f, 0xff, 0x40, 0x0, 0x0, 0x0, 0x0, 0x0,
    0x9f, 0xff, 0x40, 0x7c, 0xef, 0xea, 0x40, 0x0,
    0x9f, 0xff, 0x7e, 0xff, 0xff, 0xff, 0xfa, 0x0,
    0x9f, 0xff, 0xff, 0xff, 0xff, 0xff, 0xff, 0x90,
    0x9f, 0xff, 0xff, 0xa5, 0x47, 0xef, 0xff, 0xf2,
    0x9f, 0xff, 0xf6, 0x0, 0x0, 0x1e, 0xff, 0xf7,
    0x9f, 0xff, 0xc0, 0x0, 0x0, 0x6, 0xff, 0xfb,
    0x9f, 0xff, 0x60, 0x0, 0x0, 0x1, 0xff, 0xfc,
    0x9f, 0xff, 0x40, 0x0, 0x0, 0x0, 0xff, 0xfd,
    0x9f, 0xff, 0x40, 0x0, 0x0, 0x0, 0xff, 0xfd,
    0x9f, 0xff, 0x40, 0x0, 0x0, 0x0, 0xff, 0xfd,
    0x9f, 0xff, 0x40, 0x0, 0x0, 0x0, 0xff, 0xfd,
    0x9f, 0xff, 0x40, 0x0, 0x0, 0x0, 0xff, 0xfd,
    0x9f, 0xff, 0x40, 0x0, 0x0, 0x0, 0xff, 0xfd,
    0x9f, 0xff, 0x40, 0x0, 0x0, 0x0, 0xff, 0xfd,
    0x9f, 0xff, 0x40, 0x0, 0x0, 0x0, 0xff, 0xfd,
    0x9f, 0xff, 0x40, 0x0, 0x0, 0x0, 0xff, 0xfd,

    /* U+0069 "i" */
    0x7f, 0xff, 0xa7, 0xff, 0xfa, 0x7f, 0xff, 0xa6,
    0xdd, 0xd8, 0x0, 0x0, 0x0, 0x0, 0x0, 0x5f,
    0xff, 0x85, 0xff, 0xf8, 0x5f, 0xff, 0x85, 0xff,
    0xf8, 0x5f, 0xff, 0x85, 0xff, 0xf8, 0x5f, 0xff,
    0x85, 0xff, 0xf8, 0x5f, 0xff, 0x85, 0xff, 0xf8,
    0x5f, 0xff, 0x85, 0xff, 0xf8, 0x5f, 0xff, 0x85,
    0xff, 0xf8, 0x5f, 0xff, 0x85, 0xff, 0xf8,

    /* U+006A "j" */
    0x0, 0x6, 0xff, 0xfb, 0x0, 0x6, 0xff, 0xfb,
    0x0, 0x6, 0xff, 0xfb, 0x0, 0x5, 0xdd, 0xd9,
    0x0, 0x0, 0x0, 0x0, 0x0, 0x0, 0x0, 0x0,
    0x0, 0x4, 0xff, 0xf9, 0x0, 0x4, 0xff, 0xf9,
    0x0, 0x4, 0xff, 0xf9, 0x0, 0x4, 0xff, 0xf9,
    0x0, 0x4, 0xff, 0xf9, 0x0, 0x4, 0xff, 0xf9,
    0x0, 0x4, 0xff, 0xf9, 0x0, 0x4, 0xff, 0xf9,
    0x0, 0x4, 0xff, 0xf9, 0x0, 0x4, 0xff, 0xf9,
    0x0, 0x4, 0xff, 0xf9, 0x0, 0x4, 0xff, 0xf9,
    0x0, 0x4, 0xff, 0xf9, 0x0, 0x4, 0xff, 0xf9,
    0x0, 0x4, 0xff, 0xf9, 0x0, 0x4, 0xff, 0xf9,
    0x0, 0x4, 0xff, 0xf9, 0x0, 0x5, 0xff, 0xf8,
    0x0, 0x1b, 0xff, 0xf6, 0x5f, 0xff, 0xff, 0xf1,
    0x5f, 0xff, 0xff, 0x60, 0x5f, 0xfe, 0xb4, 0x0,

    /* U+006B "k" */
    0x9f, 0xff, 0x40, 0x0, 0x0, 0x0, 0x0, 0x0,
    0x9f, 0xff, 0x40, 0x0, 0x0, 0x0, 0x0, 0x0,
    0x9f, 0xff, 0x40, 0x0, 0x0, 0x0, 0x0, 0x0,
    0x9f, 0xff, 0x40, 0x0, 0x0, 0x0, 0x0, 0x0,
    0x9f, 0xff, 0x40, 0x0, 0x0, 0x0, 0x0, 0x0,
    0x9f, 0xff, 0x40, 0x0, 0x0, 0x0, 0x0, 0x0,
    0x9f, 0xff, 0x40, 0x0, 0x1, 0xdf, 0xff, 0xd1,
    0x9f, 0xff, 0x40, 0x0, 0x1d, 0xff, 0xfd, 0x10,
    0x9f, 0xff, 0x40, 0x1, 0xcf, 0xff, 0xd1, 0x0,
    0x9f, 0xff, 0x40, 0xc, 0xff, 0xfd, 0x10, 0x0,
    0x9f, 0xff, 0x40, 0xcf, 0xff, 0xc1, 0x0, 0x0,
    0x9f, 0xff, 0x5c, 0xff, 0xfc, 0x10, 0x0, 0x0,
    0x9f, 0xff, 0xef, 0xff, 0xc0, 0x0, 0x0, 0x0,
    0x9f, 0xff, 0xff, 0xfd, 0x0, 0x0, 0x0, 0x0,
    0x9f, 0xff, 0xff, 0xff, 0x40, 0x0, 0x0, 0x0,
    0x9f, 0xff, 0xbf, 0xff, 0xf4, 0x0, 0x0, 0x0,
    0x9f, 0xff, 0x48, 0xff, 0xff, 0x30, 0x0, 0x0,
    0x9f, 0xff, 0x40, 0x9f, 0xff, 0xf3, 0x0, 0x0,
    0x9f, 0xff, 0x40, 0xb, 0xff, 0xfe, 0x30, 0x0,
    0x9f, 0xff, 0x40, 0x0, 0xcf, 0xff, 0xe2, 0x0,
    0x9f, 0xff, 0x40, 0x0, 0xc, 0xff, 0xfe, 0x20,
    0x9f, 0xff, 0x40, 0x0, 0x1, 0xdf, 0xff, 0xe2,

    /* U+006C "l" */
    0x5f, 0xff, 0x85, 0xff, 0xf8, 0x5f, 0xff, 0x85,
    0xff, 0xf8, 0x5f, 0xff, 0x85, 0xff, 0xf8, 0x5f,
    0xff, 0x85, 0xff, 0xf8, 0x5f, 0xff, 0x85, 0xff,
    0xf8, 0x5f, 0xff, 0x85, 0xff, 0xf8, 0x5f, 0xff,
    0x85, 0xff, 0xf8, 0x5f, 0xff, 0x85, 0xff, 0xf8,
    0x5f, 0xff, 0x85, 0xff, 0xf8, 0x5f, 0xff, 0x85,
    0xff, 0xf8, 0x5f, 0xff, 0x85, 0xff, 0xf8,

    /* U+006D "m" */
    0x9f, 0xff, 0x24, 0xae, 0xfe, 0xb4, 0x0, 0x7,
    0xce, 0xfe, 0xa4, 0x0, 0x9, 0xff, 0xfa, 0xff,
    0xff, 0xff, 0xfa, 0x3e, 0xff, 0xff, 0xff, 0xf9,
    0x0, 0x9f, 0xff, 0xff, 0xff, 0xff, 0xff, 0xff,
    0xff, 0xff, 0xff, 0xff, 0xf7, 0x9, 0xff, 0xff,
    0xe7, 0x47, 0xef, 0xff, 0xff, 0xf8, 0x56, 0xdf,
    0xff, 0xf0, 0x9f, 0xff, 0xf1, 0x0, 0x1, 0xff,
    0xff, 0xf3, 0x0, 0x0, 0xef, 0xff, 0x49, 0xff,
    0xf8, 0x0, 0x0, 0xa, 0xff, 0xfa, 0x0, 0x0,
    0x7, 0xff, 0xf7, 0x9f, 0xff, 0x50, 0x0, 0x0,
    0x7f, 0xff, 0x70, 0x0, 0x0, 0x5f, 0xff, 0x89,
    0xff, 0xf4, 0x0, 0x0, 0x7, 0xff, 0xf6, 0x0,
    0x0, 0x4, 0xff, 0xf8, 0x9f, 0xff, 0x40, 0x0,
    0x0, 0x7f, 0xff, 0x60, 0x0, 0x0, 0x4f, 0xff,
    0x89, 0xff, 0xf4, 0x0, 0x0, 0x7, 0xff, 0xf6,
    0x0, 0x0, 0x4, 0xff, 0xf8, 0x9f, 0xff, 0x40,
    0x0, 0x0, 0x7f, 0xff, 0x60, 0x0, 0x0, 0x4f,
    0xff, 0x89, 0xff, 0xf4, 0x0, 0x0, 0x7, 0xff,
    0xf6, 0x0, 0x0, 0x4, 0xff, 0xf8, 0x9f, 0xff,
    0x40, 0x0, 0x0, 0x7f, 0xff, 0x60, 0x0, 0x0,
    0x4f, 0xff, 0x89, 0xff, 0xf4, 0x0, 0x0, 0x7,
    0xff, 0xf6, 0x0, 0x0, 0x4, 0xff, 0xf8, 0x9f,
    0xff, 0x40, 0x0, 0x0, 0x7f, 0xff, 0x60, 0x0,
    0x0, 0x4f, 0xff, 0x89, 0xff, 0xf4, 0x0, 0x0,
    0x7, 0xff, 0xf6, 0x0, 0x0, 0x4, 0xff, 0xf8,

    /* U+006E "n" */
    0x9f, 0xff, 0x20, 0x7c, 0xef, 0xea, 0x40, 0x0,
    0x9f, 0xff, 0x6e, 0xff, 0xff, 0xff, 0xf9, 0x0,
    0x9f, 0xff, 0xff, 0xff, 0xff, 0xff, 0xff, 0x80,
    0x9f, 0xff, 0xff, 0xa5, 0x47, 0xef, 0xff, 0xf2,
    0x9f, 0xff, 0xf6, 0x0, 0x0, 0x1e, 0xff, 0xf7,
    0x9f, 0xff, 0xc0, 0x0, 0x0, 0x6, 0xff, 0xfb,
    0x9f, 0xff, 0x60, 0x0, 0x0, 0x1, 0xff, 0xfc,
    0x9f, 0xff, 0x40, 0x0, 0x0, 0x0, 0xff, 0xfd,
    0x9f, 0xff, 0x40, 0x0, 0x0, 0x0, 0xff, 0xfd,
    0x9f, 0xff, 0x40, 0x0, 0x0, 0x0, 0xff, 0xfd,
    0x9f, 0xff, 0x40, 0x0, 0x0, 0x0, 0xff, 0xfd,
    0x9f, 0xff, 0x40, 0x0, 0x0, 0x0, 0xff, 0xfd,
    0x9f, 0xff, 0x40, 0x0, 0x0, 0x0, 0xff, 0xfd,
    0x9f, 0xff, 0x40, 0x0, 0x0, 0x0, 0xff, 0xfd,
    0x9f, 0xff, 0x40, 0x0, 0x0, 0x0, 0xff, 0xfd,
    0x9f, 0xff, 0x40, 0x0, 0x0, 0x0, 0xff, 0xfd,

    /* U+006F "o" */
    0x0, 0x0, 0x2, 0x8c, 0xef, 0xeb, 0x70, 0x0,
    0x0, 0x0, 0x0, 0x9f, 0xff, 0xff, 0xff, 0xfe,
    0x50, 0x0, 0x0, 0xc, 0xff, 0xff, 0xff, 0xff,
    0xff, 0xf7, 0x0, 0x0, 0xaf, 0xff, 0xf9, 0x43,
    0x6c, 0xff, 0xff, 0x40, 0x4, 0xff, 0xff, 0x30,
    0x0, 0x0, 0x9f, 0xff, 0xd0, 0xb, 0xff, 0xf6,
    0x0, 0x0, 0x0, 0xd, 0xff, 0xf4, 0xf, 0xff,
    0xf0, 0x0, 0x0, 0x0, 0x6, 0xff, 0xf8, 0x1f,
    0xff, 0xc0, 0x0, 0x0, 0x0, 0x3, 0xff, 0xfa,
    0x2f, 0xff, 0xb0, 0x0, 0x0, 0x0, 0x2, 0xff,
    0xfb, 0x1f, 0xff, 0xd0, 0x0, 0x0, 0x0, 0x4,
    0xff, 0xf9, 0xd, 0xff, 0xf2, 0x0, 0x0, 0x0,
    0x9, 0xff, 0xf6, 0x8, 0xff, 0xfc, 0x0, 0x0,
    0x0, 0x3f, 0xff, 0xf1, 0x1, 0xff, 0xff, 0xb2,
    0x0, 0x5, 0xef, 0xff, 0x80, 0x0, 0x5f, 0xff,
    0xff, 0xdc, 0xef, 0xff, 0xfc, 0x0, 0x0, 0x6,
    0xff, 0xff, 0xff, 0xff, 0xff, 0xb1, 0x0, 0x0,
    0x0, 0x2b, 0xff, 0xff, 0xff, 0xe6, 0x0, 0x0,
    0x0, 0x0, 0x0, 0x15, 0x77, 0x63, 0x0, 0x0,
    0x0,

    /* U+0070 "p" */
    0x9f, 0xff, 0x20, 0x6b, 0xef, 0xeb, 0x60, 0x0,
    0x0, 0x9f, 0xff, 0x4d, 0xff, 0xff, 0xff, 0xfd,
    0x30, 0x0, 0x9f, 0xff, 0xff, 0xff, 0xff, 0xff,
    0xff, 0xf3, 0x0, 0x9f, 0xff, 0xff, 0xd6, 0x34,
    0x8f, 0xff, 0xfe, 0x0, 0x9f, 0xff, 0xfa, 0x0,
    0x0, 0x2, 0xef, 0xff, 0x70, 0x9f, 0xff, 0xd0,
    0x0, 0x0, 0x0, 0x5f, 0xff, 0xc0, 0x9f, 0xff,
    0x70, 0x0, 0x0, 0x0, 0xe, 0xff, 0xf0, 0x9f,
    0xff, 0x30, 0x0, 0x0, 0x0, 0xb, 0xff, 0xf2,
    0x9f, 0xff, 0x20, 0x0, 0x0, 0x0, 0xa, 0xff,
    0xf2, 0x9f, 0xff, 0x40, 0x0, 0x0, 0x0, 0xc,
    0xff, 0xf1, 0x9f, 0xff, 0x90, 0x0, 0x0, 0x0,
    0x1f, 0xff, 0xe0, 0x9f, 0xff, 0xf3, 0x0, 0x0,
    0x0, 0xaf, 0xff, 0x90, 0x9f, 0xff, 0xff, 0x50,
    0x0, 0x1a, 0xff, 0xff, 0x20, 0x9f, 0xff, 0xff,
    0xfe, 0xcd, 0xff, 0xff, 0xf6, 0x0, 0x9f, 0xff,
    0xef, 0xff, 0xff, 0xff, 0xff, 0x70, 0x0, 0x9f,
    0xff, 0x47, 0xef, 0xff, 0xff, 0xd4, 0x0, 0x0,
    0x9f, 0xff, 0x40, 0x4, 0x77, 0x62, 0x0, 0x0,
    0x0, 0x9f, 0xff, 0x40, 0x0, 0x0, 0x0, 0x0,
    0x0, 0x0, 0x9f, 0xff, 0x40, 0x0, 0x0, 0x0,
    0x0, 0x0, 0x0, 0x9f, 0xff, 0x40, 0x0, 0x0,
    0x0, 0x0, 0x0, 0x0, 0x9f, 0xff, 0x40, 0x0,
    0x0, 0x0, 0x0, 0x0, 0x0, 0x9f, 0xff, 0x40,
    0x0, 0x0, 0x0, 0x0, 0x0, 0x0,

    /* U+0071 "q" */
    0x0, 0x0, 0x5, 0xae, 0xfe, 0xc7, 0x11, 0xff,
    0xfa, 0x0, 0x1, 0xcf, 0xff, 0xff, 0xff, 0xe6,
    0xff, 0xfa, 0x0, 0x1e, 0xff, 0xff, 0xff, 0xff,
    0xff, 0xff, 0xfa, 0x0, 0xcf, 0xff, 0xf9, 0x54,
    0x6d, 0xff, 0xff, 0xfa, 0x5, 0xff, 0xff, 0x30,
    0x0, 0x0, 0x9f, 0xff, 0xfa, 0xb, 0xff, 0xf6,
    0x0, 0x0, 0x0, 0xd, 0xff, 0xfa, 0xf, 0xff,
    0xf0, 0x0, 0x0, 0x0, 0x6, 0xff, 0xfa, 0x1f,
    0xff, 0xc0, 0x0, 0x0, 0x0, 0x2, 0xff, 0xfa,
    0x2f, 0xff, 0xb0, 0x0, 0x0, 0x0, 0x2, 0xff,
    0xfa, 0x1f, 0xff, 0xd0, 0x0, 0x0, 0x0, 0x4,
    0xff, 0xfa, 0xe, 0xff, 0xf2, 0x0, 0x0, 0x0,
    0x9, 0xff, 0xfa, 0x9, 0xff, 0xfa, 0x0, 0x0,
    0x0, 0x3f, 0xff, 0xfa, 0x2, 0xff, 0xff, 0xa1,
    0x0, 0x5, 0xff, 0xff, 0xfa, 0x0, 0x8f, 0xff,
    0xff, 0xdc, 0xef, 0xff, 0xff, 0xfa, 0x0, 0x9,
    0xff, 0xff, 0xff, 0xff, 0xfc, 0xff, 0xfa, 0x0,
    0x0, 0x5d, 0xff, 0xff, 0xfe, 0x63, 0xff, 0xfa,
    0x0, 0x0, 0x0, 0x36, 0x76, 0x30, 0x3, 0xff,
    0xfa, 0x0, 0x0, 0x0, 0x0, 0x0, 0x0, 0x3,
    0xff, 0xfa, 0x0, 0x0, 0x0, 0x0, 0x0, 0x0,
    0x3, 0xff, 0xfa, 0x0, 0x0, 0x0, 0x0, 0x0,
    0x0, 0x3, 0xff, 0xfa, 0x0, 0x0, 0x0, 0x0,
    0x0, 0x0, 0x3, 0xff, 0xfa, 0x0, 0x0, 0x0,
    0x0, 0x0, 0x0, 0x3, 0xff, 0xfa,

    /* U+0072 "r" */
    0x9f, 0xff, 0x24, 0xbe, 0xff, 0x9, 0xff, 0xfa,
    0xff, 0xff, 0xf0, 0x9f, 0xff, 0xff, 0xff, 0xff,
    0x9, 0xff, 0xff, 0xfb, 0x87, 0x70, 0x9f, 0xff,
    0xf4, 0x0, 0x0, 0x9, 0xff, 0xfa, 0x0, 0x0,
    0x0, 0x9f, 0xff, 0x60, 0x0, 0x0, 0x9, 0xff,
    0xf4, 0x0, 0x0, 0x0, 0x9f, 0xff, 0x40, 0x0,
    0x0, 0x9, 0xff, 0xf4, 0x0, 0x0, 0x0, 0x9f,
    0xff, 0x40, 0x0, 0x0, 0x9, 0xff, 0xf4, 0x0,
    0x0, 0x0, 0x9f, 0xff, 0x40, 0x0, 0x0, 0x9,
    0xff, 0xf4, 0x0, 0x0, 0x0, 0x9f, 0xff, 0x40,
    0x0, 0x0, 0x9, 0xff, 0xf4, 0x0, 0x0, 0x0,

    /* U+0073 "s" */
    0x0, 0x0, 0x6b, 0xef, 0xfd, 0xa5, 0x0, 0x0,
    0x3, 0xdf, 0xff, 0xff, 0xff, 0xfe, 0x60, 0x1,
    0xef, 0xff, 0xff, 0xff, 0xff, 0xff, 0x10, 0x8f,
    0xff, 0xa3, 0x12, 0x5a, 0xff, 0x80, 0xc, 0xff,
    0xd0, 0x0, 0x0, 0x2, 0xa1, 0x0, 0xdf, 0xfc,
    0x0, 0x0, 0x0, 0x0, 0x0, 0xb, 0xff, 0xf9,
    0x42, 0x11, 0x0, 0x0, 0x0, 0x5f, 0xff, 0xff,
    0xff, 0xff, 0xb5, 0x0, 0x0, 0xaf, 0xff, 0xff,
    0xff, 0xff, 0xfa, 0x0, 0x0, 0x49, 0xdf, 0xff,
    0xff, 0xff, 0xf4, 0x0, 0x0, 0x0, 0x0, 0x2,
    0x8f, 0xff, 0x90, 0x3, 0x0, 0x0, 0x0, 0x0,
    0xef, 0xfa, 0x7, 0xfa, 0x30, 0x0, 0x0, 0x4f,
    0xff, 0x81, 0xff, 0xff, 0xea, 0x99, 0xcf, 0xff,
    0xf2, 0x2d, 0xff, 0xff, 0xff, 0xff, 0xff, 0xf6,
    0x0, 0x6, 0xcf, 0xff, 0xff, 0xff, 0xc4, 0x0,
    0x0, 0x0, 0x14, 0x67, 0x75, 0x20, 0x0, 0x0,

    /* U+0074 "t" */
    0x0, 0x8f, 0xff, 0x50, 0x0, 0x0, 0x8f, 0xff,
    0x50, 0x0, 0x0, 0x8f, 0xff, 0x50, 0x0, 0x0,
    0x8f, 0xff, 0x50, 0x0, 0x9f, 0xff, 0xff, 0xff,
    0xfd, 0x9f, 0xff, 0xff, 0xff, 0xfd, 0x9f, 0xff,
    0xff, 0xff, 0xfd, 0x35, 0xaf, 0xff, 0x85, 0x54,
    0x0, 0x8f, 0xff, 0x50, 0x0, 0x0, 0x8f, 0xff,
    0x50, 0x0, 0x0, 0x8f, 0xff, 0x50, 0x0, 0x0,
    0x8f, 0xff, 0x50, 0x0, 0x0, 0x8f, 0xff, 0x50,
    0x0, 0x0, 0x8f, 0xff, 0x50, 0x0, 0x0, 0x7f,
    0xff, 0x50, 0x0, 0x0, 0x7f, 0xff, 0x70, 0x0,
    0x0, 0x5f, 0xff, 0xe7, 0x54, 0x0, 0x1f, 0xff,
    0xff, 0xfd, 0x0, 0x8, 0xff, 0xff, 0xfd, 0x0,
    0x0, 0x5c, 0xef, 0xfd,

    /* U+0075 "u" */
    0xbf, 0xff, 0x20, 0x0, 0x0, 0x2, 0xff, 0xfb,
    0xbf, 0xff, 0x20, 0x0, 0x0, 0x2, 0xff, 0xfb,
    0xbf, 0xff, 0x20, 0x0, 0x0, 0x2, 0xff, 0xfb,
    0xbf, 0xff, 0x20, 0x0, 0x0, 0x2, 0xff, 0xfb,
    0xbf, 0xff, 0x20, 0x0, 0x0, 0x2, 0xff, 0xfb,
    0xbf, 0xff, 0x20, 0x0, 0x0, 0x2, 0xff, 0xfb,
    0xbf, 0xff, 0x20, 0x0, 0x0, 0x2, 0xff, 0xfb,
    0xbf, 0xff, 0x20, 0x0, 0x0, 0x2, 0xff, 0xfb,
    0xbf, 0xff, 0x20, 0x0, 0x0, 0x2, 0xff, 0xfb,
    0xbf, 0xff, 0x30, 0x0, 0x0, 0x3, 0xff, 0xfb,
    0x9f, 0xff, 0x50, 0x0, 0x0, 0x7, 0xff, 0xfb,
    0x7f, 0xff, 0xc0, 0x0, 0x0, 0xe, 0xff, 0xfb,
    0x2f, 0xff, 0xf9, 0x0, 0x2, 0xcf, 0xff, 0xfb,
    0xb, 0xff, 0xff, 0xfc, 0xdf, 0xff, 0xff, 0xfb,
    0x1, 0xef, 0xff, 0xff, 0xff, 0xfa, 0xff, 0xfb,
    0x0, 0x1b, 0xff, 0xff, 0xff, 0x70, 0xff, 0xfb,
    0x0, 0x0, 0x26, 0x77, 0x40, 0x0, 0x0, 0x0,

    /* U+0076 "v" */
    0x7f, 0xff, 0xa0, 0x0, 0x0, 0x0, 0xf, 0xff,
    0xf0, 0x1f, 0xff, 0xf0, 0x0, 0x0, 0x0, 0x5f,
    0xff, 0x90, 0xa, 0xff, 0xf6, 0x0, 0x0, 0x0,
    0xbf, 0xff, 0x20, 0x4, 0xff, 0xfc, 0x0, 0x0,
    0x2, 0xff, 0xfc, 0x0, 0x0, 0xdf, 0xff, 0x20,
    0x0, 0x8, 0xff, 0xf5, 0x0, 0x0, 0x6f, 0xff,
    0x80, 0x0, 0xe, 0xff, 0xe0, 0x0, 0x0, 0x1f,
    0xff, 0xe0, 0x0, 0x4f, 0xff, 0x80, 0x0, 0x0,
    0x9, 0xff, 0xf5, 0x0, 0xaf, 0xff, 0x20, 0x0,
    0x0, 0x3, 0xff, 0xfb, 0x1, 0xff, 0xfb, 0x0,
    0x0, 0x0, 0x0, 0xcf, 0xff, 0x16, 0xff, 0xf4,
    0x0, 0x0, 0x0, 0x0, 0x6f, 0xff, 0x7c, 0xff,
    0xe0, 0x0, 0x0, 0x0, 0x0, 0xe, 0xff, 0xef,
    0xff, 0x70, 0x0, 0x0, 0x0, 0x0, 0x9, 0xff,
    0xff, 0xff, 0x10, 0x0, 0x0, 0x0, 0x0, 0x2,
    0xff, 0xff, 0xfa, 0x0, 0x0, 0x0, 0x0, 0x0,
    0x0, 0xbf, 0xff, 0xf4, 0x0, 0x0, 0x0, 0x0,
    0x0, 0x0, 0x5f, 0xff, 0xd0, 0x0, 0x0, 0x0,

    /* U+0077 "w" */
    0x1f, 0xff, 0xc0, 0x0, 0x0, 0xaf, 0xff, 0x40,
    0x0, 0x2, 0xff, 0xfc, 0xd, 0xff, 0xf0, 0x0,
    0x0, 0xff, 0xff, 0xa0, 0x0, 0x5, 0xff, 0xf8,
    0xa, 0xff, 0xf3, 0x0, 0x4, 0xff, 0xff, 0xf0,
    0x0, 0x8, 0xff, 0xf4, 0x6, 0xff, 0xf6, 0x0,
    0xa, 0xff, 0xff, 0xf4, 0x0, 0xb, 0xff, 0xf1,
    0x2, 0xff, 0xf9, 0x0, 0xf, 0xff, 0xff, 0xf9,
    0x0, 0xe, 0xff, 0xd0, 0x0, 0xef, 0xfc, 0x0,
    0x4f, 0xff, 0xcf, 0xfe, 0x0, 0x2f, 0xff, 0x90,
    0x0, 0xbf, 0xff, 0x0, 0xaf, 0xfd, 0x4f, 0xff,
    0x40, 0x5f, 0xff, 0x50, 0x0, 0x7f, 0xff, 0x20,
    0xff, 0xf7, 0xe, 0xff, 0x90, 0x8f, 0xff, 0x20,
    0x0, 0x3f, 0xff, 0x64, 0xff, 0xf2, 0x9, 0xff,
    0xe0, 0xbf, 0xfe, 0x0, 0x0, 0xf, 0xff, 0x9a,
    0xff, 0xc0, 0x3, 0xff, 0xf4, 0xef, 0xfa, 0x0,
    0x0, 0xc, 0xff, 0xcf, 0xff, 0x70, 0x0, 0xef,
    0xfb, 0xff, 0xf6, 0x0, 0x0, 0x8, 0xff, 0xff,
    0xff, 0x10, 0x0, 0x8f, 0xff, 0xff, 0xf3, 0x0,
    0x0, 0x5, 0xff, 0xff, 0xfc, 0x0, 0x0, 0x3f,
    0xff, 0xff, 0xf0, 0x0, 0x0, 0x1, 0xff, 0xff,
    0xf6, 0x0, 0x0, 0xd, 0xff, 0xff, 0xb0, 0x0,
    0x0, 0x0, 0xdf, 0xff, 0xf1, 0x0, 0x0, 0x8,
    0xff, 0xff, 0x80, 0x0, 0x0, 0x0, 0xaf, 0xff,
    0xb0, 0x0, 0x0, 0x2, 0xff, 0xff, 0x40, 0x0,

    /* U+0078 "x" */
    0x1e, 0xff, 0xf6, 0x0, 0x0, 0x5, 0xff, 0xfd,
    0x0, 0x4f, 0xff, 0xf2, 0x0, 0x1, 0xef, 0xff,
    0x20, 0x0, 0x8f, 0xff, 0xc0, 0x0, 0xbf, 0xff,
    0x50, 0x0, 0x0, 0xcf, 0xff, 0x70, 0x7f, 0xff,
    0xa0, 0x0, 0x0, 0x2, 0xff, 0xff, 0x5f, 0xff,
    0xd0, 0x0, 0x0, 0x0, 0x5, 0xff, 0xff, 0xff,
    0xf2, 0x0, 0x0, 0x0, 0x0, 0xa, 0xff, 0xff,
    0xf6, 0x0, 0x0, 0x0, 0x0, 0x0, 0xe, 0xff,
    0xfb, 0x0, 0x0, 0x0, 0x0, 0x0, 0x4, 0xff,
    0xff, 0xf2, 0x0, 0x0, 0x0, 0x0, 0x1, 0xef,
    0xff, 0xff, 0xd0, 0x0, 0x0, 0x0, 0x0, 0xbf,
    0xff, 0xcf, 0xff, 0x90, 0x0, 0x0, 0x0, 0x7f,
    0xff, 0xa0, 0xcf, 0xff, 0x50, 0x0, 0x0, 0x3f,
    0xff, 0xe1, 0x2, 0xff, 0xff, 0x20, 0x0, 0x1d,
    0xff, 0xf4, 0x0, 0x7, 0xff, 0xfd, 0x0, 0xa,
    0xff, 0xf9, 0x0, 0x0, 0xc, 0xff, 0xf9, 0x6,
    0xff, 0xfd, 0x0, 0x0, 0x0, 0x1f, 0xff, 0xf5,

    /* U+0079 "y" */
    0x7f, 0xff, 0xa0, 0x0, 0x0, 0x0, 0xf, 0xff,
    0xf0, 0x1f, 0xff, 0xf0, 0x0, 0x0, 0x0, 0x6f,
    0xff, 0x90, 0xa, 0xff, 0xf6, 0x0, 0x0, 0x0,
    0xcf, 0xff, 0x20, 0x4, 0xff, 0xfc, 0x0, 0x0,
    0x2, 0xff, 0xfc, 0x0, 0x0, 0xdf, 0xff, 0x20,
    0x0, 0x8, 0xff, 0xf5, 0x0, 0x0, 0x7f, 0xff,
    0x80, 0x0, 0xe, 0xff, 0xe0, 0x0, 0x0, 0x1f,
    0xff, 0xe0, 0x0, 0x4f, 0xff, 0x80, 0x0, 0x0,
    0xa, 0xff, 0xf4, 0x0, 0xaf, 0xff, 0x20, 0x0,
    0x0, 0x3, 0xff, 0xfb, 0x1, 0xff, 0xfb, 0x0,
    0x0, 0x0, 0x0, 0xdf, 0xff, 0x16, 0xff, 0xf5,
    0x0, 0x0, 0x0, 0x0, 0x6f, 0xff, 0x7c, 0xff,
    0xe0, 0x0, 0x0, 0x0, 0x0, 0x1f, 0xff, 0xef,
    0xff, 0x80, 0x0, 0x0, 0x0, 0x0, 0x9, 0xff,
    0xff, 0xff, 0x10, 0x0, 0x0, 0x0, 0x0, 0x3,
    0xff, 0xff, 0xfb, 0x0, 0x0, 0x0, 0x0, 0x0,
    0x0, 0xcf, 0xff, 0xf4, 0x0, 0x0, 0x0, 0x0,
    0x0, 0x0, 0x6f, 0xff, 0xe0, 0x0, 0x0, 0x0,
    0x0, 0x0, 0x0, 0x3f, 0xff, 0x70, 0x0, 0x0,
    0x0, 0x0, 0x0, 0x0, 0xaf, 0xff, 0x10, 0x0,
    0x0, 0x0, 0x0, 0x0, 0x1, 0xff, 0xfa, 0x0,
    0x0, 0x0, 0x0, 0x0, 0x0, 0x9, 0xff, 0xf4,
    0x0, 0x0, 0x0, 0x0, 0x0, 0x0, 0xf, 0xff,
    0xd0, 0x0, 0x0, 0x0, 0x0, 0x0, 0x0, 0x7f,
    0xff, 0x70, 0x0, 0x0, 0x0, 0x0,

    /* U+007A "z" */
    0xf, 0xff, 0xff, 0xff, 0xff, 0xff, 0xff, 0x40,
    0xff, 0xff, 0xff, 0xff, 0xff, 0xff, 0xf4, 0xf,
    0xff, 0xff, 0xff, 0xff, 0xff, 0xff, 0x40, 0x0,
    0x0, 0x0, 0x1, 0xdf, 0xff, 0xb0, 0x0, 0x0,
    0x0, 0x0, 0xcf, 0xff, 0xd0, 0x0, 0x0, 0x0,
    0x0, 0xaf, 0xff, 0xe1, 0x0, 0x0, 0x0, 0x0,
    0x8f, 0xff, 0xf2, 0x0, 0x0, 0x0, 0x0, 0x6f,
    0xff, 0xf4, 0x0, 0x0, 0x0, 0x0, 0x5f, 0xff,
    0xf6, 0x0, 0x0, 0x0, 0x0, 0x3f, 0xff, 0xf8,
    0x0, 0x0, 0x0, 0x0, 0x2e, 0xff, 0xfa, 0x0,
    0x0, 0x0, 0x0, 0x1d, 0xff, 0xfc, 0x0, 0x0,
    0x0, 0x0, 0xc, 0xff, 0xfd, 0x10, 0x0, 0x0,
    0x0, 0x5, 0xff, 0xff, 0xff, 0xff, 0xff, 0xff,
    0xfc, 0x5f, 0xff, 0xff, 0xff, 0xff, 0xff, 0xff,
    0xc5, 0xff, 0xff, 0xff, 0xff, 0xff, 0xff, 0xfc,

    /* U+007B "{" */
    0x0, 0x0, 0x4, 0xae, 0xff, 0xff, 0xff, 0xf1,
    0x0, 0x0, 0x7f, 0xff, 0xff, 0xff, 0xff, 0xf1,
    0x0, 0x2, 0xff, 0xff, 0xff, 0xff, 0xff, 0xf1,
    0x0, 0x6, 0xff, 0xfd, 0x53, 0x33, 0x33, 0x30,
    0x0, 0x6, 0xff, 0xf7, 0x0, 0x0, 0x0, 0x0,
    0x0, 0x3, 0xff, 0xfc, 0x0, 0x0, 0x0, 0x0,
    0x0, 0x0, 0xcf, 0xff, 0x60, 0x0, 0x0, 0x0,
    0x0, 0x0, 0x3f, 0xff, 0xf1, 0x0, 0x0, 0x0,
    0x0, 0x0, 0x8, 0xff, 0xfb, 0x0, 0x0, 0x0,
    0x0, 0x0, 0x0, 0xdf, 0xff, 0x40, 0x0, 0x0,
    0x0, 0x0, 0x0, 0x5f, 0xff, 0xa0, 0x0, 0x0,
    0x0, 0x0, 0x0, 0x7f, 0xff, 0xb0, 0x0, 0x0,
    0x0, 0x3, 0x8d, 0xff, 0xff, 0x60, 0x0, 0x0,
    0x2b, 0xff, 0xff, 0xff, 0xf7, 0x0, 0x0, 0x0,
    0x4f, 0xff, 0xfd, 0xa6, 0x10, 0x0, 0x0, 0x0,
    0x4f, 0xff, 0xfd, 0xa5, 0x0, 0x0, 0x0, 0x0,
    0x2b, 0xff, 0xff, 0xff, 0xf7, 0x0, 0x0, 0x0,
    0x0, 0x3, 0x8d, 0xff, 0xff, 0x60, 0x0, 0x0,
    0x0, 0x0, 0x0, 0x7f, 0xff, 0xb0, 0x0, 0x0,
    0x0, 0x0, 0x0, 0x5f, 0xff, 0xa0, 0x0, 0x0,
    0x0, 0x0, 0x0, 0xdf, 0xff, 0x40, 0x0, 0x0,
    0x0, 0x0, 0x8, 0xff, 0xfb, 0x0, 0x0, 0x0,
    0x0, 0x0, 0x3f, 0xff, 0xf1, 0x0, 0x0, 0x0,
    0x0, 0x0, 0xcf, 0xff, 0x60, 0x0, 0x0, 0x0,
    0x0, 0x3, 0xff, 0xfc, 0x0, 0x0, 0x0, 0x0,
    0x0, 0x6, 0xff, 0xf7, 0x0, 0x0, 0x0, 0x0,
    0x0, 0x6, 0xff, 0xfd, 0x53, 0x33, 0x33, 0x30,
    0x0, 0x2, 0xff, 0xff, 0xff, 0xff, 0xff, 0xf1,
    0x0, 0x0, 0x7f, 0xff, 0xff, 0xff, 0xff, 0xf1,
    0x0, 0x0, 0x4, 0xbe, 0xff, 0xff, 0xff, 0xf1,

    /* U+007C "|" */
    0x7b, 0xb7, 0xbf, 0xfb, 0xbf, 0xfb, 0xbf, 0xfb,
    0xbf, 0xfb, 0xbf, 0xfb, 0xbf, 0xfb, 0xbf, 0xfb,
    0xbf, 0xfb, 0xbf, 0xfb, 0xbf, 0xfb, 0xbf, 0xfb,
    0xbf, 0xfb, 0xbf, 0xfb, 0xbf, 0xfb, 0xbf, 0xfb,
    0xbf, 0xfb, 0xbf, 0xfb, 0xbf, 0xfb, 0xbf, 0xfb,
    0xbf, 0xfb, 0xbf, 0xfb, 0xbf, 0xfb, 0xbf, 0xfb,
    0xbf, 0xfb, 0xbf, 0xfb, 0xbf, 0xfb, 0xbf, 0xfb,
    0xbf, 0xfb, 0xbf, 0xfb,

    /* U+007D "}" */
    0x4f, 0xff, 0xff, 0xff, 0xd9, 0x20, 0x0, 0x0,
    0x4f, 0xff, 0xff, 0xff, 0xff, 0xf4, 0x0, 0x0,
    0x4f, 0xff, 0xff, 0xff, 0xff, 0xfe, 0x0, 0x0,
    0x13, 0x33, 0x33, 0x36, 0xff, 0xff, 0x30, 0x0,
    0x0, 0x0, 0x0, 0x0, 0xaf, 0xff, 0x30, 0x0,
    0x0, 0x0, 0x0, 0x1, 0xff, 0xff, 0x0, 0x0,
    0x0, 0x0, 0x0, 0x9, 0xff, 0xf9, 0x0, 0x0,
    0x0, 0x0, 0x0, 0x4f, 0xff, 0xe1, 0x0, 0x0,
    0x0, 0x0, 0x0, 0xdf, 0xff, 0x40, 0x0, 0x0,
    0x0, 0x0, 0x7, 0xff, 0xfa, 0x0, 0x0, 0x0,
    0x0, 0x0, 0xd, 0xff, 0xf1, 0x0, 0x0, 0x0,
    0x0, 0x0, 0xe, 0xff, 0xf4, 0x0, 0x0, 0x0,
    0x0, 0x0, 0x9, 0xff, 0xff, 0xc7, 0x20, 0x0,
    0x0, 0x0, 0x0, 0x9f, 0xff, 0xff, 0xfe, 0xa0,
    0x0, 0x0, 0x0, 0x1, 0x7b, 0xef, 0xff, 0xf1,
    0x0, 0x0, 0x0, 0x1, 0x6a, 0xef, 0xff, 0xf1,
    0x0, 0x0, 0x0, 0x9f, 0xff, 0xff, 0xfe, 0xa0,
    0x0, 0x0, 0x9, 0xff, 0xff, 0xc7, 0x20, 0x0,
    0x0, 0x0, 0xe, 0xff, 0xf4, 0x0, 0x0, 0x0,
    0x0, 0x0, 0xd, 0xff, 0xf1, 0x0, 0x0, 0x0,
    0x0, 0x0, 0x7, 0xff, 0xfa, 0x0, 0x0, 0x0,
    0x0, 0x0, 0x0, 0xdf, 0xff, 0x40, 0x0, 0x0,
    0x0, 0x0, 0x0, 0x4f, 0xff, 0xe1, 0x0, 0x0,
    0x0, 0x0, 0x0, 0x9, 0xff, 0xf8, 0x0, 0x0,
    0x0, 0x0, 0x0, 0x1, 0xff, 0xff, 0x0, 0x0,
    0x0, 0x0, 0x0, 0x0, 0xaf, 0xff, 0x30, 0x0,
    0x13, 0x33, 0x33, 0x36, 0xef, 0xff, 0x30, 0x0,
    0x4f, 0xff, 0xff, 0xff, 0xff, 0xfe, 0x0, 0x0,
    0x4f, 0xff, 0xff, 0xff, 0xff, 0xf4, 0x0, 0x0,
    0x4f, 0xff, 0xff, 0xff, 0xea, 0x20, 0x0, 0x0,

    /* U+007E "~" */
    0x0, 0x0, 0x0, 0x0, 0x0, 0x1, 0x0, 0x0,
    0x1b, 0xfd, 0x60, 0x0, 0xb, 0xe8, 0x0, 0xbf,
    0xff, 0xfc, 0x30, 0x4f, 0xf6, 0x4, 0xff, 0xdd,
    0xff, 0xfc, 0xff, 0xe0, 0xb, 0xfe, 0x10, 0x5e,
    0xff, 0xff, 0x70, 0xb, 0xf7, 0x0, 0x1, 0x9e,
    0xf8, 0x0, 0x0, 0x0, 0x0, 0x0, 0x0, 0x0,
    0x0
};


/*---------------------
 *  GLYPH DESCRIPTION
 *--------------------*/

static const lv_font_fmt_txt_glyph_dsc_t glyph_dsc[] = {
    {.bitmap_index = 0, .adv_w = 0, .box_w = 0, .box_h = 0, .ofs_x = 0, .ofs_y = 0} /* id = 0 reserved */,
    {.bitmap_index = 0, .adv_w = 91, .box_w = 0, .box_h = 0, .ofs_x = 0, .ofs_y = 0},
    {.bitmap_index = 0, .adv_w = 120, .box_w = 6, .box_h = 22, .ofs_x = 1, .ofs_y = 0},
    {.bitmap_index = 66, .adv_w = 205, .box_w = 11, .box_h = 8, .ofs_x = 1, .ofs_y = 14},
    {.bitmap_index = 110, .adv_w = 315, .box_w = 18, .box_h = 22, .ofs_x = 1, .ofs_y = 0},
    {.bitmap_index = 308, .adv_w = 329, .box_w = 20, .box_h = 29, .ofs_x = 0, .ofs_y = -3},
    {.bitmap_index = 598, .adv_w = 403, .box_w = 25, .box_h = 23, .ofs_x = 0, .ofs_y = -1},
    {.bitmap_index = 886, .adv_w = 354, .box_w = 23, .box_h = 23, .ofs_x = 0, .ofs_y = -1},
    {.bitmap_index = 1151, .adv_w = 115, .box_w = 5, .box_h = 8, .ofs_x = 1, .ofs_y = 14},
    {.bitmap_index = 1171, .adv_w = 209, .box_w = 12, .box_h = 31, .ofs_x = 1, .ofs_y = -4},
    {.bitmap_index = 1357, .adv_w = 209, .box_w = 12, .box_h = 30, .ofs_x = 0, .ofs_y = -4},
    {.bitmap_index = 1537, .adv_w = 193, .box_w = 12, .box_h = 11, .ofs_x = 0, .ofs_y = 11},
    {.bitmap_index = 1603, .adv_w = 236, .box_w = 13, .box_h = 12, .ofs_x = 1, .ofs_y = 5},
    {.bitmap_index = 1681, .adv_w = 113, .box_w = 7, .box_h = 9, .ofs_x = 0, .ofs_y = -4},
    {.bitmap_index = 1713, .adv_w = 162, .box_w = 10, .box_h = 4, .ofs_x = 0, .ofs_y = 7},
    {.bitmap_index = 1733, .adv_w = 113, .box_w = 5, .box_h = 5, .ofs_x = 1, .ofs_y = 0},
    {.bitmap_index = 1746, .adv_w = 188, .box_w = 14, .box_h = 30, .ofs_x = -1, .ofs_y = -4},
    {.bitmap_index = 1956, .adv_w = 330, .box_w = 20, .box_h = 24, .ofs_x = 0, .ofs_y = -1},
    {.bitmap_index = 2196, .adv_w = 162, .box_w = 9, .box_h = 22, .ofs_x = 0, .ofs_y = 0},
    {.bitmap_index = 2295, .adv_w = 298, .box_w = 17, .box_h = 23, .ofs_x = 1, .ofs_y = 0},
    {.bitmap_index = 2491, .adv_w = 304, .box_w = 18, .box_h = 24, .ofs_x = 0, .ofs_y = -1},
    {.bitmap_index = 2707, .adv_w = 327, .box_w = 20, .box_h = 22, .ofs_x = 0, .ofs_y = 0},
    {.bitmap_index = 2927, .adv_w = 306, .box_w = 19, .box_h = 23, .ofs_x = 0, .ofs_y = -1},
    {.bitmap_index = 3146, .adv_w = 304, .box_w = 19, .box_h = 23, .ofs_x = 0, .ofs_y = -1},
    {.bitmap_index = 3365, .adv_w = 274, .box_w = 17, .box_h = 22, .ofs_x = 0, .ofs_y = 0},
    {.bitmap_index = 3552, .adv_w = 311, .box_w = 19, .box_h = 24, .ofs_x = 0, .ofs_y = -1},
    {.bitmap_index = 3780, .adv_w = 304, .box_w = 19, .box_h = 22, .ofs_x = 0, .ofs_y = 0},
    {.bitmap_index = 3989, .adv_w = 121, .box_w = 5, .box_h = 16, .ofs_x = 1, .ofs_y = 0},
    {.bitmap_index = 4029, .adv_w = 121, .box_w = 7, .box_h = 20, .ofs_x = 0, .ofs_y = -4},
    {.bitmap_index = 4099, .adv_w = 220, .box_w = 12, .box_h = 14, .ofs_x = 1, .ofs_y = 4},
    {.bitmap_index = 4183, .adv_w = 236, .box_w = 13, .box_h = 8, .ofs_x = 1, .ofs_y = 7},
    {.bitmap_index = 4235, .adv_w = 220, .box_w = 12, .box_h = 14, .ofs_x = 1, .ofs_y = 4},
    {.bitmap_index = 4319, .adv_w = 261, .box_w = 16, .box_h = 23, .ofs_x = 0, .ofs_y = 0},
    {.bitmap_index = 4503, .adv_w = 485, .box_w = 28, .box_h = 28, .ofs_x = 1, .ofs_y = -4},
    {.bitmap_index = 4895, .adv_w = 383, .box_w = 24, .box_h = 22, .ofs_x = 0, .ofs_y = 0},
    {.bitmap_index = 5159, .adv_w = 349, .box_w = 20, .box_h = 22, .ofs_x = 1, .ofs_y = 0},
    {.bitmap_index = 5379, .adv_w = 371, .box_w = 23, .box_h = 24, .ofs_x = 0, .ofs_y = -1},
    {.bitmap_index = 5655, .adv_w = 377, .box_w = 22, .box_h = 22, .ofs_x = 1, .ofs_y = 0},
    {.bitmap_index = 5897, .adv_w = 318, .box_w = 18, .box_h = 22, .ofs_x = 1, .ofs_y = 0},
    {.bitmap_index = 6095, .adv_w = 308, .box_w = 18, .box_h = 22, .ofs_x = 1, .ofs_y = 0},
    {.bitmap_index = 6293, .adv_w = 395, .box_w = 24, .box_h = 24, .ofs_x = 0, .ofs_y = -1},
    {.bitmap_index = 6581, .adv_w = 385, .box_w = 22, .box_h = 22, .ofs_x = 1, .ofs_y = 0},
    {.bitmap_index = 6823, .adv_w = 129, .box_w = 6, .box_h = 22, .ofs_x = 1, .ofs_y = 0},
    {.bitmap_index = 6889, .adv_w = 315, .box_w = 19, .box_h = 23, .ofs_x = 0, .ofs_y = -1},
    {.bitmap_index = 7108, .adv_w = 355, .box_w = 22, .box_h = 22, .ofs_x = 1, .ofs_y = 0},
    {.bitmap_index = 7350, .adv_w = 295, .box_w = 17, .box_h = 22, .ofs_x = 1, .ofs_y = 0},
    {.bitmap_index = 7537, .adv_w = 442, .box_w = 25, .box_h = 22, .ofs_x = 1, .ofs_y = 0},
    {.bitmap_index = 7812, .adv_w = 386, .box_w = 22, .box_h = 22, .ofs_x = 1, .ofs_y = 0},
    {.bitmap_index = 8054, .adv_w = 403, .box_w = 25, .box_h = 24, .ofs_x = 0, .ofs_y = -1},
    {.bitmap_index = 8354, .adv_w = 335, .box_w = 20, .box_h = 22, .ofs_x = 1, .ofs_y = 0},
    {.bitmap_index = 8574, .adv_w = 403, .box_w = 25, .box_h = 28, .ofs_x = 0, .ofs_y = -6},
    {.bitmap_index = 8924, .adv_w = 350, .box_w = 21, .box_h = 22, .ofs_x = 1, .ofs_y = 0},
    {.bitmap_index = 9155, .adv_w = 342, .box_w = 21, .box_h = 23, .ofs_x = 0, .ofs_y = -1},
    {.bitmap_index = 9397, .adv_w = 347, .box_w = 22, .box_h = 22, .ofs_x = 0, .ofs_y = 0},
    {.bitmap_index = 9639, .adv_w = 386, .box_w = 22, .box_h = 23, .ofs_x = 1, .ofs_y = -1},
    {.bitmap_index = 9892, .adv_w = 383, .box_w = 24, .box_h = 22, .ofs_x = 0, .ofs_y = 0},
    {.bitmap_index = 10156, .adv_w = 511, .box_w = 32, .box_h = 22, .ofs_x = 0, .ofs_y = 0},
    {.bitmap_index = 10508, .adv_w = 373, .box_w = 23, .box_h = 22, .ofs_x = 0, .ofs_y = 0},
    {.bitmap_index = 10761, .adv_w = 357, .box_w = 23, .box_h = 22, .ofs_x = 0, .ofs_y = 0},
    {.bitmap_index = 11014, .adv_w = 354, .box_w = 22, .box_h = 22, .ofs_x = 0, .ofs_y = 0},
    {.bitmap_index = 11256, .adv_w = 202, .box_w = 10, .box_h = 30, .ofs_x = 2, .ofs_y = -4},
    {.bitmap_index = 11406, .adv_w = 188, .box_w = 14, .box_h = 30, .ofs_x = -1, .ofs_y = -4},
    {.bitmap_index = 11616, .adv_w = 202, .box_w = 11, .box_h = 30, .ofs_x = 0, .ofs_y = -4},
    {.bitmap_index = 11781, .adv_w = 236, .box_w = 14, .box_h = 8, .ofs_x = 0, .ofs_y = 14},
    {.bitmap_index = 11837, .adv_w = 266, .box_w = 18, .box_h = 4, .ofs_x = -1, .ofs_y = -5},
    {.bitmap_index = 11873, .adv_w = 256, .box_w = 8, .box_h = 6, .ofs_x = 3, .ofs_y = 16},
    {.bitmap_index = 11897, .adv_w = 271, .box_w = 16, .box_h = 17, .ofs_x = 0, .ofs_y = -1},
    {.bitmap_index = 12033, .adv_w = 305, .box_w = 18, .box_h = 23, .ofs_x = 1, .ofs_y = -1},
    {.bitmap_index = 12240, .adv_w = 274, .box_w = 17, .box_h = 17, .ofs_x = 0, .ofs_y = -1},
    {.bitmap_index = 12385, .adv_w = 305, .box_w = 18, .box_h = 23, .ofs_x = 0, .ofs_y = -1},
    {.bitmap_index = 12592, .adv_w = 284, .box_w = 17, .box_h = 17, .ofs_x = 0, .ofs_y = -1},
    {.bitmap_index = 12737, .adv_w = 165, .box_w = 10, .box_h = 22, .ofs_x = 0, .ofs_y = 0},
    {.bitmap_index = 12847, .adv_w = 305, .box_w = 18, .box_h = 22, .ofs_x = 0, .ofs_y = -6},
    {.bitmap_index = 13045, .adv_w = 290, .box_w = 16, .box_h = 22, .ofs_x = 1, .ofs_y = 0},
    {.bitmap_index = 13221, .adv_w = 115, .box_w = 5, .box_h = 22, .ofs_x = 1, .ofs_y = 0},
    {.bitmap_index = 13276, .adv_w = 116, .box_w = 8, .box_h = 28, .ofs_x = -2, .ofs_y = -6},
    {.bitmap_index = 13388, .adv_w = 263, .box_w = 16, .box_h = 22, .ofs_x = 1, .ofs_y = 0},
    {.bitmap_index = 13564, .adv_w = 115, .box_w = 5, .box_h = 22, .ofs_x = 1, .ofs_y = 0},
    {.bitmap_index = 13619, .adv_w = 429, .box_w = 25, .box_h = 16, .ofs_x = 1, .ofs_y = 0},
    {.bitmap_index = 13819, .adv_w = 290, .box_w = 16, .box_h = 16, .ofs_x = 1, .ofs_y = 0},
    {.bitmap_index = 13947, .adv_w = 297, .box_w = 18, .box_h = 17, .ofs_x = 0, .ofs_y = -1},
    {.bitmap_index = 14100, .adv_w = 305, .box_w = 18, .box_h = 22, .ofs_x = 1, .ofs_y = -6},
    {.bitmap_index = 14298, .adv_w = 305, .box_w = 18, .box_h = 22, .ofs_x = 0, .ofs_y = -6},
    {.bitmap_index = 14496, .adv_w = 183, .box_w = 11, .box_h = 16, .ofs_x = 1, .ofs_y = 0},
    {.bitmap_index = 14584, .adv_w = 247, .box_w = 15, .box_h = 17, .ofs_x = 0, .ofs_y = -1},
    {.bitmap_index = 14712, .adv_w = 170, .box_w = 10, .box_h = 20, .ofs_x = 0, .ofs_y = 0},
    {.bitmap_index = 14812, .adv_w = 290, .box_w = 16, .box_h = 17, .ofs_x = 1, .ofs_y = -1},
    {.bitmap_index = 14948, .adv_w = 280, .box_w = 18, .box_h = 16, .ofs_x = 0, .ofs_y = 0},
    {.bitmap_index = 15092, .adv_w = 395, .box_w = 24, .box_h = 16, .ofs_x = 0, .ofs_y = 0},
    {.bitmap_index = 15284, .adv_w = 271, .box_w = 17, .box_h = 16, .ofs_x = 0, .ofs_y = 0},
    {.bitmap_index = 15420, .adv_w = 280, .box_w = 18, .box_h = 22, .ofs_x = 0, .ofs_y = -6},
    {.bitmap_index = 15618, .adv_w = 246, .box_w = 15, .box_h = 16, .ofs_x = 0, .ofs_y = 0},
    {.bitmap_index = 15738, .adv_w = 252, .box_w = 16, .box_h = 30, .ofs_x = 0, .ofs_y = -4},
    {.bitmap_index = 15978, .adv_w = 160, .box_w = 4, .box_h = 30, .ofs_x = 3, .ofs_y = -4},
    {.bitmap_index = 16038, .adv_w = 252, .box_w = 16, .box_h = 30, .ofs_x = 0, .ofs_y = -4},
    {.bitmap_index = 16278, .adv_w = 236, .box_w = 14, .box_h = 7, .ofs_x = 0, .ofs_y = 7}
};

/*---------------------
 *  CHARACTER MAPPING
 *--------------------*/



/*Collect the unicode lists and glyph_id offsets*/
static const lv_font_fmt_txt_cmap_t cmaps[] =
{
    {
        .range_start = 32, .range_length = 95, .glyph_id_start = 1,
        .unicode_list = NULL, .glyph_id_ofs_list = NULL, .list_length = 0, .type = LV_FONT_FMT_TXT_CMAP_FORMAT0_TINY
    }
};

/*-----------------
 *    KERNING
 *----------------*/


/*Map glyph_ids to kern left classes*/
static const uint8_t kern_left_class_mapping[] =
{
    0, 1, 0, 2, 3, 0, 4, 5,
    2, 6, 0, 7, 0, 8, 9, 8,
    10, 11, 0, 12, 13, 14, 15, 16,
    17, 18, 19, 20, 20, 0, 0, 0,
    21, 22, 23, 24, 25, 26, 27, 28,
    29, 30, 30, 31, 32, 33, 30, 30,
    34, 35, 34, 36, 37, 38, 39, 40,
    41, 42, 43, 44, 6, 0, 0, 0,
    0, 0, 45, 46, 47, 0, 48, 49,
    50, 51, 0, 52, 53, 0, 51, 51,
    46, 46, 54, 55, 56, 57, 58, 59,
    60, 61, 59, 62, 6, 0, 0, 0
};

/*Map glyph_ids to kern right classes*/
static const uint8_t kern_right_class_mapping[] =
{
    0, 1, 2, 3, 4, 0, 5, 6,
    3, 0, 7, 8, 0, 9, 10, 9,
    11, 12, 13, 14, 15, 16, 17, 18,
    19, 20, 21, 22, 22, 0, 0, 0,
    23, 24, 25, 0, 26, 0, 0, 0,
    26, 0, 0, 27, 0, 0, 0, 0,
    26, 0, 26, 0, 28, 29, 30, 31,
    32, 33, 34, 35, 0, 0, 7, 0,
    0, 0, 36, 0, 37, 37, 37, 38,
    39, 0, 40, 41, 0, 0, 42, 42,
    37, 42, 37, 42, 43, 44, 45, 46,
    47, 48, 46, 49, 0, 0, 7, 0
};

/*Kern values between classes*/
static const int8_t kern_class_values[] =
{
    0, 0, 0, 0, 0, 0, 0, 0,
    0, 0, 0, 0, 0, 0, 0, 0,
    0, 0, 0, 0, 0, 0, 0, 0,
    0, 0, -5, 0, -5, 0, 0, 0,
    0, -8, 0, 0, 0, 0, 0, 0,
    0, 0, 0, 0, 0, 0, 0, 0,
    0, 0, 0, 0, 0, 0, 0, 0,
    0, 0, 0, 0, -10, 0, -3, -5,
    -33, -5, -18, 0, -5, -3, 0, 0,
    0, 0, 0, 0, 0, 0, 0, 0,
    0, 0, 0, 0, 0, 0, 0, 0,
    0, 0, 0, 0, 0, 0, 0, 0,
    0, 0, 0, 0, 0, 0, 0, 0,
    0, 0, 0, 0, 0, 0, 0, 0,
    0, 0, 0, 0, 5, 0, 3, 0,
    0, 0, 0, 0, 0, 0, 0, 0,
    0, 0, 0, 0, 0, 0, 0, 0,
    0, 0, 0, 0, 0, 0, 0, 0,
    0, 0, 0, 0, 0, 0, 0, 0,
    0, 0, -20, 0, 0, 0, 0, 0,
    0, 0, 0, 0, 0, 0, 0, 0,
    0, 0, 0, 0, 0, 0, 0, 0,
    0, 0, 0, 0, 0, 0, 0, 0,
    0, 0, 0, 0, 0, 0, 0, 0,
    0, 0, 0, 0, 0, 0, 0, 0,
    0, 0, 0, 0, 0, 0, 0, 0,
    0, 0, 0, 0, 0, 0, 0, 0,
    0, 0, 0, 0, -5, 0, 0, -5,
    -35, -3, -36, -15, -10, -46, 0, 0,
    -2, -10, 0, 0, 0, 0, 0, -5,
    0, -18, -10, -10, 0, 0, 0, 0,
    0, 0, 0, 0, 0, 0, -20, 0,
    -5, 0, 0, -3, -15, 0, -5, 0,
    0, -5, 0, -20, 0, 0, -14, 0,
    -10, 0, 0, 0, 0, 0, 0, 0,
    -5, -14, 0, -15, 0, 26, 0, 0,
    0, -6, -22, -6, 0, 0, 0, 0,
    0, 0, 0, 0, 0, 0, -26, -5,
    -20, -5, 0, 0, 0, 0, 0, -5,
    0, 0, 0, 0, 0, 0, -36, -8,
    -51, 0, 0, 0, 0, 0, -10, -5,
    0, -13, -15, 3, -3, 0, 0, 0,
    -8, 5, 0, 0, 0, -5, 0, 0,
    0, 0, 0, 0, 0, 0, -26, 0,
    0, 0, -6, -15, 0, 0, 0, 0,
    0, -5, 0, -8, 0, -36, 0, 0,
    -11, 0, 3, -51, -8, -33, -15, 0,
    -46, 0, 0, -2, -15, -2, 0, 0,
    0, 0, -2, -2, -32, -10, 0, 0,
    0, 0, 0, 0, 0, 0, -20, -5,
    0, 0, -5, 3, -5, -10, 0, 0,
    0, 0, -18, 0, 0, 0, 0, 0,
    -9, 3, 9, 0, -39, 0, -15, -5,
    -20, -33, -5, 0, 5, 0, 0, 0,
    0, 0, 5, 0, 0, -5, 0, -16,
    0, 0, 0, 0, 0, 0, 0, 0,
    0, 0, -5, -26, 0, 10, -3, 0,
    -9, 0, -8, 3, 0, 0, 0, 0,
    0, 0, -5, -36, 0, 5, 3, 8,
    0, 0, 5, 0, -28, -28, 0, -26,
    0, 0, -13, -23, 0, -5, -10, -10,
    -10, -10, 0, 0, -5, 0, 0, 0,
    -5, -5, -6, 3, 0, 0, -3, 0,
    0, 0, 0, 0, -5, 0, 0, 0,
    0, 0, 0, 0, 0, 0, 0, 0,
    0, 0, 0, 0, 0, 0, 0, 0,
    0, 0, 0, 0, 0, 0, 0, 0,
    0, 0, 0, 0, 0, -8, 0, 0,
    0, 0, -5, 0, -9, 0, -3, 0,
    0, 0, 0, 0, 0, 0, 0, 0,
    0, 0, 0, 0, 0, 0, 0, 0,
    0, 0, 0, 0, 0, 0, 0, 0,
    0, 0, 0, 0, 0, 0, 0, 0,
    0, 0, 0, 0, 0, 0, -5, 0,
    0, 0, -3, -3, 0, 0, 0, 0,
    0, 0, 0, 0, 0, 0, 0, 0,
    0, 0, 0, 0, 0, 0, 0, 0,
    0, 0, 0, 0, 0, 0, 0, 0,
    0, 0, 0, 0, 0, 0, 0, 0,
    0, 0, 0, 0, 0, 0, 0, -20,
    0, -8, 0, -3, -15, 0, 0, 0,
    0, -8, 0, 3, 0, 0, 3, -10,
    3, -9, 0, 0, 0, 0, 0, 0,
    0, 0, 0, 0, 0, 0, 0, 0,
    0, 0, 0, 0, 0, 0, 0, 0,
    0, 0, 0, 0, 0, 0, 0, 0,
    -15, 0, -10, 0, 0, -13, -3, 0,
    0, 0, -5, -3, 0, 0, -5, 0,
    -10, 0, -5, 0, 0, 0, 0, 0,
    0, 0, 0, 0, 0, 0, 0, 0,
    0, 0, 0, 0, 0, 0, 0, 0,
    0, 0, 0, 0, 0, 0, 0, 0,
    0, -13, 0, -6, 0, -5, -10, 0,
    0, 0, 0, -8, 0, 0, 0, 0,
    0, -7, 0, -3, 0, 0, 0, 0,
    0, 0, 0, 0, 0, 0, 0, 0,
    0, 0, 0, 0, 0, 0, 0, 0,
    0, 0, 0, 0, 0, 0, 0, 0,
    0, 0, 0, -10, 0, 0, 0, 0,
    -20, -13, -15, -5, 3, 0, -5, -31,
    -6, -18, 2, 0, 0, -5, 0, 0,
    0, 0, 0, 0, 0, 0, 0, 0,
    0, 0, 0, 0, 0, 0, 0, 0,
    0, 0, 0, 0, 0, 0, 0, 0,
    0, 0, 0, -5, 0, 0, 0, 0,
    -5, 0, 0, 0, 0, -3, 0, 0,
    0, 0, 0, 0, 0, 0, 0, 0,
    0, 0, 0, 0, 0, 0, 0, 0,
    0, 0, 0, 0, 0, 0, 0, 0,
    0, 0, 0, 0, 0, 0, 0, 0,
    0, 0, 0, 0, 0, -3, 0, 0,
    -5, 0, -16, 0, -6, 0, 0, 0,
    0, -5, 0, -8, 0, 0, 0, 0,
    0, 0, 0, 0, 0, 0, 0, 0,
    0, 0, 0, 0, 0, 0, 0, 0,
    0, 0, 0, 0, 0, 0, 0, 0,
    0, 0, 0, 0, 0, 0, 0, 0,
    0, 0, 0, 0, 0, 0, 0, 0,
    0, 0, 0, 0, 0, -5, 0, 0,
    0, 0, 0, 0, 0, 0, 0, 0,
    0, 0, 0, 0, 0, 0, 0, 0,
    0, 0, 0, 0, 0, 0, 0, 0,
    0, 0, 0, 0, 0, 0, 0, 0,
    0, 0, -5, 0, 0, -5, 0, 0,
    0, 0, 0, 0, 0, 0, 0, 0,
    0, 0, 0, 0, 0, 0, 0, 0,
    0, 0, 0, 0, 0, 0, 0, 0,
    0, 0, 0, 0, 0, 0, 0, 0,
    0, 0, 0, 0, 0, 0, 0, 0,
    0, 0, 0, 0, 0, 0, 0, 0,
    0, 0, 0, 0, 0, 0, 0, 0,
    0, 0, 0, 0, 0, -31, 0, 0,
    0, -5, 0, -15, -10, -28, -20, -8,
    0, 0, 0, 0, 0, 0, 0, 0,
    0, 0, -3, -5, -5, -8, 0, 0,
    0, 0, 0, -5, 0, -36, 0, -9,
    0, 0, 0, 0, 0, 0, 0, 0,
    0, 0, 0, 0, -31, -3, -5, -23,
    -13, -5, -52, -22, -53, -28, -15, -59,
    0, 0, -8, -10, -10, 0, 0, 0,
    0, -14, -6, -26, -15, -10, 0, 0,
    0, 0, 0, 0, 5, -8, 0, 0,
    5, 0, 0, 0, 0, 0, 0, 0,
    0, 0, 0, 0, 0, 0, 0, -3,
    0, 0, 0, -2, 0, -10, -6, -15,
    -15, 0, 5, 0, 0, 0, 0, 0,
    0, 0, 0, 0, 0, -3, 0, 0,
    0, 0, 0, 0, 0, 10, -8, 0,
    0, -5, 0, 0, 0, 0, 0, 0,
    0, 0, 0, 0, 0, 0, 0, -5,
    -5, -5, -3, 0, -3, 0, -5, -3,
    -13, -13, 0, 3, 0, 0, 0, 0,
    0, 0, -3, -3, 0, -6, -5, 0,
    0, 0, 0, 0, 0, 0, 0, -14,
    0, -13, 3, -5, 0, 0, 0, 0,
    0, 0, 0, 0, 0, 0, 0, 0,
    0, -24, 0, 0, -5, -17, 0, -23,
    -11, -33, -36, -9, 0, 0, 3, 0,
    0, 0, 0, 0, 3, 0, 0, 0,
    -5, 0, 0, 0, 0, 0, 0, 0,
    0, 0, 0, 0, 0, 0, 0, 0,
    0, 0, 0, 0, 0, 0, 0, 0,
    0, -3, 0, -4, -2, -2, 0, 0,
    0, 0, 0, 0, 0, 0, 0, 0,
    0, 0, 0, 0, 0, -3, 0, 0,
    -5, 0, 0, 0, 3, 0, 0, 0,
    0, 0, 0, -26, 0, -20, 0, 0,
    0, 0, 0, 0, 0, 0, 0, 0,
    0, 0, 0, -34, 0, -20, -7, 0,
    0, 0, 0, -3, 0, 0, -11, -4,
    0, -4, 0, 0, -3, -5, 0, -3,
    0, -3, -6, -3, 0, 0, 0, 0,
    0, 5, -11, -8, -3, 5, -3, 0,
    0, 0, 0, 0, 0, 0, 0, 0,
    0, 0, -6, 0, -20, 0, 0, -3,
    -16, 0, -15, -10, -22, -23, -8, -3,
    0, 3, 0, 0, 0, 0, 0, 3,
    0, -5, -3, -8, 3, 0, 0, 0,
    0, 0, 0, 0, 0, 0, 0, 0,
    0, 0, 0, 0, 0, 0, 0, 0,
    0, 0, 0, 0, 0, -3, 0, 0,
    0, 0, 0, 0, 0, 0, 0, 0,
    0, 0, 0, 0, 0, 0, 0, 0,
    0, 0, 0, 0, 0, 0, 0, 0,
    0, 0, 0, 0, 0, 0, -5, 0,
    0, 0, 0, 0, 0, 0, 0, 0,
    0, 0, 0, 0, 0, 0, -15, 0,
    0, 0, 0, 0, 0, 0, -3, 0,
    0, -3, 0, 0, 0, 0, 0, 0,
    0, 0, 0, 0, 0, -3, 0, 0,
    0, 0, 0, 0, -15, 0, -8, 0,
    -31, 0, 0, 0, 0, 0, 0, 0,
    0, 0, 0, 0, 0, -23, -33, -15,
    -33, -27, -22, -5, -10, -15, -8, -13,
    -15, -5, -13, -24, -13, -23, 0, 0,
    0, -5, -20, -13, -23, -20, -15, -3,
    -5, 0, 0, 0, 0, 5, 0, -56,
    0, -17, 0, 0, 0, 0, 0, 0,
    0, 0, 0, 0, 0, 0, -36, -9,
    0, -11, -5, 0, -58, -10, -46, -26,
    0, -55, 0, 4, 0, -10, 0, 0,
    0, 0, 0, -9, 0, -25, -11, 0,
    0, 0, 0, 0, 0, 0, 3, -14,
    -8, -11, 3, -5, 0, 0, 0, 0,
    0, 0, 0, 0, 0, 0, 0, 0,
    0, -23, 0, 0, -5, -15, 0, -22,
    -11, -29, -33, -8, 0, 0, 0, 0,
    0, 0, 0, 0, 3, 0, 0, 0,
    -5, 0, 0, 0, 0, 0, 0, -15,
    -13, 3, -38, 3, -26, 0, 0, 0,
    0, 0, 0, 0, 0, 0, 0, 0,
    7, -5, -39, 0, -27, 0, 0, 0,
    -5, 0, -22, -15, -5, -8, -9, 10,
    -6, 0, 0, 0, -3, 11, 0, 5,
    0, 0, 0, 0, 0, 0, 0, 0,
    -5, 0, -3, 0, -3, 0, 0, 0,
    0, 0, 0, 0, 0, 0, 0, 0,
    0, 2, 0, -5, -5, -13, 0, -6,
    -3, -10, -8, -8, -18, -5, 0, -8,
    0, -9, 0, 0, 0, 0, 0, 0,
    0, 0, 0, 0, 0, 0, 0, 0,
    0, 3, -8, -8, 0, 5, 0, 0,
    0, 0, 0, 0, 0, 0, 0, 0,
    0, 0, -6, 0, -13, -3, 0, -5,
    -10, 0, -9, -6, -19, -15, 0, 0,
    0, -3, 0, 0, 0, 0, 0, -5,
    0, -9, -5, -10, 0, -5, 0, 0,
    0, 0, -29, 0, 0, -51, -39, -33,
    0, 0, 0, 0, 0, 0, 0, 0,
    0, 0, -16, 0, -20, -52, -15, -56,
    -10, 0, 0, 3, 0, -5, 0, 0,
    -46, -50, -10, -49, 0, 0, -30, -35,
    -5, -30, -27, -32, -27, -20, 0, 0,
    0, 0, 0, 0, 0, 0, -8, 0,
    -5, 0, 0, 0, 0, 0, 0, 0,
    0, 0, 0, 0, 0, 0, -22, 0,
    0, -3, 0, 0, 0, 0, -5, 0,
    0, -3, 0, 0, 0, 0, 0, 0,
    -3, 0, 0, 0, 0, -3, 0, 0,
    0, 0, 0, 0, -26, 0, 0, -33,
    -15, -28, 0, 0, 0, 0, 0, 0,
    0, 0, 0, 0, -12, -8, -26, -53,
    -22, -49, -15, 3, 0, -5, -5, -13,
    -10, -5, -27, -31, -10, -33, -2, -3,
    -17, -24, -10, -12, -15, -17, -19, -14,
    0, 0, 0, 0, 0, -10, 0, 0,
    -15, -5, -11, 0, 0, 0, 0, 0,
    0, 0, 0, 0, 0, -2, -3, -20,
    -28, -11, -31, -13, 0, 0, -5, -5,
    -8, -8, -3, -17, -20, -5, -22, -5,
    -5, -10, -14, -5, -13, -10, -11, -11,
    -10, 0, 0, 0, 0, 0, -15, 0,
    -10, 0, -20, 0, 0, 0, 0, 0,
    0, 0, 0, 0, 0, 0, 0, -23,
    -33, -15, -29, -27, -14, -5, -5, -13,
    -8, -10, -10, -3, -8, -16, -13, -23,
    0, 0, 0, -8, -19, -13, -26, -20,
    -15, 0, -8, 0, 0, 0, 0, -41,
    0, -5, -46, -33, -42, 0, 0, 0,
    0, 0, 0, 0, 0, 0, 0, -29,
    -13, -38, -59, -33, -64, -23, 0, 0,
    -10, -8, -10, -15, 0, -54, -54, -27,
    -51, -6, -13, -38, -51, -26, -38, -34,
    -31, -41, -36, 0, 0, 0, 0, 0,
    0, 0, 0, 0, -20, 0, 0, 0,
    0, 0, 0, 0, 0, 0, 0, 0,
    0, 0, -8, 0, -12, -10, 0, 0,
    0, 0, 0, -3, -3, 0, 0, -4,
    -8, -5, 0, 0, 0, 0, -5, 0,
    -5, -7, 0, 0, 0, 0, 0, 0,
    0, 0, 0, -15, 0, 0, 0, 0,
    0, 0, 0, 0, 0, 0, 0, 0,
    0, 0, -10, 0, 0, 0, -3, 0,
    -38, 0, -26, -13, 0, -47, 0, 0,
    0, -3, 0, 0, 0, 0, 0, -3,
    0, -13, -9, 0, 0, 0, 0, 0,
    0, 0, 0, -14, -15, -2, 5, -5,
    0, 0, 0, 0, 0, 0, 0, 0,
    0, 0, 0, -19, 0, -5, 0, 0,
    0, -47, 0, -28, -18, -17, -52, 0,
    0, 0, -5, 0, 0, 0, 0, 0,
    -3, 0, -15, -11, -19, -5, 0, 0,
    0, 0, 0, 5, -11, -8, 0, 0,
    0, 0, 0, 0, 0, 0, 0, 0,
    0, 0, 0, 0, -3, 0, -4, 0,
    0, 0, -46, 0, -28, -15, -14, -52,
    0, 0, 0, 0, 0, 0, 0, 0,
    0, 0, 0, -8, -5, -3, 5, 0,
    0, 0, 0, 0, 5, -13, -10, 0,
    5, 0, 0, 0, 0, 0, 0, 0,
    0, 0, 0, 0, 0, -15, 0, -5,
    0, 0, 0, -46, 0, -28, -18, -15,
    -52, 0, 0, 0, -3, 0, 0, 0,
    0, 0, -3, 0, -10, -4, -13, 3,
    0, 0, 0, 0, 0, -10, 0, 8,
    -23, 0, -13, 0, 0, 0, 0, 0,
    0, 0, 0, 0, 0, 0, 7, 0,
    -13, 3, -10, 0, 3, 0, 0, 0,
    -5, 0, 3, -10, -5, 0, -3, 0,
    0, 0, 0, 0, 0, 0, 0, -3,
    0, 0, 0, 0, 0, 0, 0, 0,
    0, 0, 0, 0, 0, 0, 0, 0,
    0, 0, 0, 0, 0, 0, 0, 0,
    0, 0, 0, 0, 0, -23, 0, -13,
    -5, 0, -41, 0, 0, 0, 0, 0,
    0, 5, 0, 0, 0, 0, 0, 0,
    0, 0, 0, 0, 0, 0, 0, 0,
    0, -10, 0, 0, 0, 0, 0, 0,
    0, 0, 0, 0, 0, 0, 0, 0,
    -8, 0, 0, 0, -3, 0, -38, 0,
    -26, -13, 0, -47, 0, 0, 0, 0,
    0, 0, 0, 0, 0, 0, 0, -10,
    -6, 0, 0, 0, 0, 0, 0, 0,
    0, 0, 0, 0, 0, 0, 0, 0,
    0, 0, 0, 0, 0, 0, 0, 0,
    0, 0, 0, 0, 0, 0, 0, 0,
    0, 0, 0, 0, -5, 0, 0, 0,
    0, 0, 0, 0, 0, 0, 0, 0,
    0, 0, 0, 0, 0, 0, 0, 0,
    0, -5, 0, 0, 0, -18, 0, 0,
    0, 0, 0, 0, 0, 0, 0, 0,
    0, 0, 7, -10, -13, 0, -13, 0,
    -18, 0, -15, -8, -13, -36, 0, -8,
    -19, 0, -19, 0, 0, 0, 0, 0,
    0, -11, -8, 0, 5, 0, 0, 0,
    0, 0, 0, 0, 0, 0, 0, 0,
    0, 0, 0, 0, 0, 0, 0, 0,
    0, 0, 0, 0, 0, 0, 0, 0,
    0, -23, 0, -13, -5, 0, -36, 0,
    0, 0, 0, 0, 0, 20, 0, 0,
    0, 0, 0, 0, 0, 0, 0, 0,
    0, 0, 0, -8, -15, 0, -33, 0,
    -15, 0, 0, 0, 0, 0, 0, 0,
    0, 0, 0, 0, 2, 0, -20, 5,
    -15, 0, -15, 0, -10, -8, -15, -33,
    -8, -10, -6, 0, -6, 0, 0, 0,
    0, 0, 0, 0, 0, -3, 0, 0,
    0, 0, 0, 0, 0, -5, -5, 0,
    5, 0, 0, 0, 0, 0, 0, 0,
    0, 0, 0, 0, 0, -5, 0, 0,
    0, 0, 0, -28, 0, -20, -10, -5,
    -49, 0, 0, 0, -3, 0, 0, 0,
    0, 0, -3, 0, -8, -8, -10, 0,
    0, 0, 0, 0, 0, 0, 0, 0,
    0, 0, 8, 0, 0, 0, 0, 0,
    0, 0, 0, 0, 0, 5, 0, 0,
    0, 5, -5, 3, -3, 0, -8, -3,
    -5, -28, -3, 3, -4, 0, -4, 0,
    0, 0, 0, 0, 0, 0, 0, 0,
    0, 0, 0, 0, 0, 0, 0, 0,
    0, 0, 0, 0, 0, 0, 0, 0,
    0, 0, 0, 0, 0, 0, 0, 0,
    0, 0, 0, 0, 0, -23, 0, -8,
    -10, 0, -38, 0, 0, 0, 0, 0,
    0, 0, 0, 0, 0, 0, 0, 0,
    0, 0, 0, 0, 0, 0, 0, -15,
    -22, 0, -32, -5, -20, 0, 0, 0,
    0, 0, 0, 0, 0, 0, 0, 0,
    0, -13, -23, 0, -18, 0, -25, 0,
    -13, -8, -23, -32, -3, -11, -15, 0,
    -14, 0, 0, 0, -10, 0, 0, -10,
    -5, -13, 0, 0, 0, 0, 0, 0,
    -13, -6, 0, -10, 0, -8, 0, 0,
    0, 0, 0, 0, 0, 0, 0, 0,
    0, 0, -8, -13, 0, -6, -3, -23,
    0, -13, -8, -18, -28, -3, -14, -11,
    0, -10, 0, 0, 0, -6, 0, 0,
    -5, 0, -10, -3, 0, 0, 0, 0,
    0, -10, 0, -5, 0, -16, 0, 0,
    0, 0, 0, 0, 0, 0, 0, 0,
    0, 0, 0, -18, -10, -3, -13, 0,
    -18, 0, -15, -8, -13, -44, 0, -10,
    -19, 0, -18, 0, 0, 0, -8, 0,
    -5, -13, -10, -8, 0, 0, 0, 0,
    0, 0, 0, 0, 0, 0, 0, 8,
    0, 0, 0, 0, 0, 0, 0, 0,
    0, 0, 0, 0, -8, 0, 0, 0,
    3, -17, 0, -10, -8, 0, -38, 0,
    0, -9, 0, -9, 0, 0, 0, 0,
    0, 0, 0, 0, 0, 0
};


/*Collect the kern class' data in one place*/
static const lv_font_fmt_txt_kern_classes_t kern_classes =
{
    .class_pair_values   = kern_class_values,
    .left_class_mapping  = kern_left_class_mapping,
    .right_class_mapping = kern_right_class_mapping,
    .left_class_cnt      = 62,
    .right_class_cnt     = 49,
};

/*--------------------
 *  ALL CUSTOM DATA
 *--------------------*/

#if LVGL_VERSION_MAJOR == 8
/*Store all the custom data of the font*/
static  lv_font_fmt_txt_glyph_cache_t cache;
#endif

#if LVGL_VERSION_MAJOR >= 8
static const lv_font_fmt_txt_dsc_t font_dsc = {
#else
static lv_font_fmt_txt_dsc_t font_dsc = {
#endif
    .glyph_bitmap = glyph_bitmap,
    .glyph_dsc = glyph_dsc,
    .cmaps = cmaps,
    .kern_dsc = &kern_classes,
    .kern_scale = 16,
    .cmap_num = 1,
    .bpp = 4,
    .kern_classes = 1,
    .bitmap_format = 0,
#if LVGL_VERSION_MAJOR == 8
    .cache = &cache
#endif

};



/*-----------------
 *  PUBLIC FONT
 *----------------*/

/*Initialize a public general font descriptor*/
#if LVGL_VERSION_MAJOR >= 8
const lv_font_t intelone_medium_32 = {
#else
lv_font_t intelone_medium_32 = {
#endif
    .get_glyph_dsc = lv_font_get_glyph_dsc_fmt_txt,    /*Function pointer to get glyph's data*/
    .get_glyph_bitmap = lv_font_get_bitmap_fmt_txt,    /*Function pointer to get glyph's bitmap*/
    .line_height = 33,          /*The maximum line height required by the font*/
    .base_line = 6,             /*Baseline measured from the bottom of the line*/
#if !(LVGL_VERSION_MAJOR == 6 && LVGL_VERSION_MINOR == 0)
    .subpx = LV_FONT_SUBPX_NONE,
#endif
#if LV_VERSION_CHECK(7, 4, 0) || LVGL_VERSION_MAJOR >= 8
    .underline_position = 0,
    .underline_thickness = 0,
#endif
    .dsc = &font_dsc,          /*The custom font data. Will be accessed by `get_glyph_bitmap/dsc` */
#if LV_VERSION_CHECK(8, 2, 0) || LVGL_VERSION_MAJOR >= 9
    .fallback = NULL,
#endif
    .user_data = NULL,
};



#endif /*#if INTELONE_MEDIUM_32*/
