/*******************************************************************************
 * Size: 37 px
 * Bpp: 4
 * Opts: --bpp 4 --size 37 --no-compress --stride 1 --align 1 --font intelone-display-medium.ttf --range 32-127 --format lvgl -o intelone_medium_37.c
 ******************************************************************************/

#ifdef __has_include
    #if __has_include("lvgl.h")
        #ifndef LV_LVGL_H_INCLUDE_SIMPLE
            #define LV_LVGL_H_INCLUDE_SIMPLE
        #endif
    #endif
#endif

#ifdef LV_LVGL_H_INCLUDE_SIMPLE
    #include "lvgl.h"
#else
    #include "lvgl/lvgl.h"
#endif



#ifndef INTELONE_MEDIUM_37
#define INTELONE_MEDIUM_37 1
#endif

#if INTELONE_MEDIUM_37

/*-----------------
 *    BITMAPS
 *----------------*/

/*Store the image of the glyphs*/
static LV_ATTRIBUTE_LARGE_CONST const uint8_t glyph_bitmap[] = {
    /* U+0020 " " */

    /* U+0021 "!" */
    0x4f, 0xff, 0xff, 0x3f, 0xff, 0xfe, 0x2f, 0xff,
    0xfd, 0x1f, 0xff, 0xfc, 0xf, 0xff, 0xfb, 0xf,
    0xff, 0xfb, 0xf, 0xff, 0xfa, 0xe, 0xff, 0xf9,
    0xd, 0xff, 0xf8, 0xc, 0xff, 0xf7, 0xb, 0xff,
    0xf6, 0xa, 0xff, 0xf5, 0x9, 0xff, 0xf4, 0x9,
    0xff, 0xf3, 0x8, 0xff, 0xf2, 0x7, 0xff, 0xf1,
    0x6, 0xff, 0xf1, 0x5, 0xff, 0xf0, 0x4, 0xff,
    0xf0, 0x0, 0x0, 0x0, 0x0, 0x0, 0x0, 0x1b,
    0xbb, 0xba, 0x2f, 0xff, 0xfe, 0x2f, 0xff, 0xfe,
    0x2f, 0xff, 0xfe, 0x2f, 0xff, 0xfe,

    /* U+0022 "\"" */
    0x1f, 0xff, 0xfb, 0xa, 0xff, 0xff, 0x31, 0xff,
    0xff, 0x90, 0xaf, 0xff, 0xf1, 0x1f, 0xff, 0xf7,
    0xa, 0xff, 0xfe, 0x1, 0xff, 0xff, 0x40, 0xaf,
    0xff, 0xc0, 0x1f, 0xff, 0xf2, 0xa, 0xff, 0xfa,
    0x1, 0xff, 0xff, 0x0, 0xaf, 0xff, 0x70, 0x1f,
    0xff, 0xd0, 0xa, 0xff, 0xf5, 0x1, 0xff, 0xfb,
    0x0, 0xaf, 0xff, 0x30, 0xc, 0xcc, 0x70, 0x7,
    0xcc, 0xc1, 0x0,

    /* U+0023 "#" */
    0x0, 0x0, 0x0, 0x2f, 0xff, 0x70, 0x0, 0xd,
    0xff, 0xc0, 0x0, 0x0, 0x0, 0x5, 0xff, 0xf4,
    0x0, 0x0, 0xff, 0xf9, 0x0, 0x0, 0x0, 0x0,
    0x8f, 0xff, 0x10, 0x0, 0x3f, 0xff, 0x60, 0x0,
    0x0, 0x0, 0xb, 0xff, 0xe0, 0x0, 0x6, 0xff,
    0xf3, 0x0, 0x0, 0x0, 0x0, 0xef, 0xfb, 0x0,
    0x0, 0x9f, 0xff, 0x0, 0x0, 0x13, 0x33, 0x4f,
    0xff, 0x93, 0x33, 0x3d, 0xff, 0xe3, 0x31, 0x6,
    0xff, 0xff, 0xff, 0xff, 0xff, 0xff, 0xff, 0xff,
    0xff, 0x70, 0x6f, 0xff, 0xff, 0xff, 0xff, 0xff,
    0xff, 0xff, 0xff, 0xf7, 0x6, 0xff, 0xff, 0xff,
    0xff, 0xff, 0xff, 0xff, 0xff, 0xff, 0x70, 0x6f,
    0xff, 0xff, 0xff, 0xff, 0xff, 0xff, 0xff, 0xff,
    0xf7, 0x0, 0x0, 0x1f, 0xff, 0x80, 0x0, 0xb,
    0xff, 0xe0, 0x0, 0x0, 0x0, 0x4, 0xff, 0xf5,
    0x0, 0x0, 0xef, 0xfa, 0x0, 0x0, 0x0, 0x0,
    0x7f, 0xff, 0x20, 0x0, 0x2f, 0xff, 0x70, 0x0,
    0x0, 0x0, 0xa, 0xff, 0xf0, 0x0, 0x5, 0xff,
    0xf4, 0x0, 0x0, 0x0, 0x0, 0xdf, 0xfc, 0x0,
    0x0, 0x8f, 0xff, 0x10, 0x0, 0x2, 0x33, 0x3f,
    0xff, 0xa3, 0x33, 0x3c, 0xff, 0xe3, 0x33, 0x0,
    0xaf, 0xff, 0xff, 0xff, 0xff, 0xff, 0xff, 0xff,
    0xff, 0xf2, 0xa, 0xff, 0xff, 0xff, 0xff, 0xff,
    0xff, 0xff, 0xff, 0xff, 0x20, 0xaf, 0xff, 0xff,
    0xff, 0xff, 0xff, 0xff, 0xff, 0xff, 0xf2, 0xa,
    0xff, 0xff, 0xff, 0xff, 0xff, 0xff, 0xff, 0xff,
    0xff, 0x20, 0x0, 0xf, 0xff, 0x90, 0x0, 0xb,
    0xff, 0xe0, 0x0, 0x0, 0x0, 0x3, 0xff, 0xf6,
    0x0, 0x0, 0xef, 0xfb, 0x0, 0x0, 0x0, 0x0,
    0x6f, 0xff, 0x30, 0x0, 0x1f, 0xff, 0x80, 0x0,
    0x0, 0x0, 0xa, 0xff, 0xf0, 0x0, 0x4, 0xff,
    0xf5, 0x0, 0x0, 0x0, 0x0, 0xdf, 0xfc, 0x0,
    0x0, 0x7f, 0xff, 0x20, 0x0, 0x0, 0x0, 0xf,
    0xff, 0x90, 0x0, 0xa, 0xff, 0xf0, 0x0, 0x0,
    0x0,

    /* U+0024 "$" */
    0x0, 0x0, 0x0, 0x0, 0x0, 0xff, 0xff, 0x0,
    0x0, 0x0, 0x0, 0x0, 0x0, 0x0, 0x0, 0x0,
    0xf, 0xff, 0xf0, 0x0, 0x0, 0x0, 0x0, 0x0,
    0x0, 0x0, 0x0, 0x0, 0xff, 0xff, 0x0, 0x0,
    0x0, 0x0, 0x0, 0x0, 0x0, 0x0, 0x2, 0x5f,
    0xff, 0xf4, 0x10, 0x0, 0x0, 0x0, 0x0, 0x0,
    0x0, 0x6d, 0xff, 0xff, 0xff, 0xff, 0xd6, 0x0,
    0x0, 0x0, 0x0, 0x2, 0xdf, 0xff, 0xff, 0xff,
    0xff, 0xff, 0xfe, 0x50, 0x0, 0x0, 0x3, 0xff,
    0xff, 0xff, 0xff, 0xff, 0xff, 0xff, 0xff, 0xa0,
    0x0, 0x1, 0xef, 0xff, 0xff, 0xc9, 0x89, 0xbf,
    0xff, 0xff, 0xff, 0xa0, 0x0, 0x8f, 0xff, 0xfc,
    0x20, 0x0, 0x0, 0x5, 0xdf, 0xff, 0xf2, 0x0,
    0xe, 0xff, 0xfd, 0x0, 0x0, 0x0, 0x0, 0x0,
    0x7f, 0xf6, 0x0, 0x2, 0xff, 0xff, 0x60, 0x0,
    0x0, 0x0, 0x0, 0x0, 0x5a, 0x0, 0x0, 0x3f,
    0xff, 0xf4, 0x0, 0x0, 0x0, 0x0, 0x0, 0x0,
    0x0, 0x0, 0x3, 0xff, 0xff, 0x70, 0x0, 0x0,
    0x0, 0x0, 0x0, 0x0, 0x0, 0x0, 0x1f, 0xff,
    0xfe, 0x20, 0x0, 0x0, 0x0, 0x0, 0x0, 0x0,
    0x0, 0x0, 0xdf, 0xff, 0xff, 0x95, 0x32, 0x10,
    0x0, 0x0, 0x0, 0x0, 0x0, 0x5, 0xff, 0xff,
    0xff, 0xff, 0xff, 0xff, 0xec, 0x83, 0x0, 0x0,
    0x0, 0xa, 0xff, 0xff, 0xff, 0xff, 0xff, 0xff,
    0xff, 0xfb, 0x20, 0x0, 0x0, 0x7, 0xff, 0xff,
    0xff, 0xff, 0xff, 0xff, 0xff, 0xfe, 0x10, 0x0,
    0x0, 0x0, 0x59, 0xce, 0xff, 0xff, 0xff, 0xff,
    0xff, 0xfa, 0x0, 0x0, 0x0, 0x0, 0x0, 0x0,
    0x0, 0x12, 0x6c, 0xff, 0xff, 0xf1, 0x0, 0x0,
    0x0, 0x0, 0x0, 0x0, 0x0, 0x0, 0xa, 0xff,
    0xff, 0x50, 0x0, 0x0, 0x0, 0x0, 0x0, 0x0,
    0x0, 0x0, 0x2f, 0xff, 0xf6, 0x0, 0x18, 0x0,
    0x0, 0x0, 0x0, 0x0, 0x0, 0x1, 0xff, 0xff,
    0x60, 0xb, 0xfd, 0x20, 0x0, 0x0, 0x0, 0x0,
    0x0, 0x6f, 0xff, 0xf4, 0x8, 0xff, 0xff, 0xa2,
    0x0, 0x0, 0x0, 0x0, 0x5f, 0xff, 0xfe, 0x0,
    0xef, 0xff, 0xff, 0xfd, 0x85, 0x43, 0x47, 0xcf,
    0xff, 0xff, 0x60, 0x1, 0xcf, 0xff, 0xff, 0xff,
    0xff, 0xff, 0xff, 0xff, 0xff, 0xa0, 0x0, 0x0,
    0x7f, 0xff, 0xff, 0xff, 0xff, 0xff, 0xff, 0xff,
    0x90, 0x0, 0x0, 0x0, 0x18, 0xef, 0xff, 0xff,
    0xff, 0xff, 0xfc, 0x40, 0x0, 0x0, 0x0, 0x0,
    0x0, 0x47, 0xaf, 0xff, 0xfa, 0x72, 0x0, 0x0,
    0x0, 0x0, 0x0, 0x0, 0x0, 0x0, 0xff, 0xff,
    0x0, 0x0, 0x0, 0x0, 0x0, 0x0, 0x0, 0x0,
    0x0, 0xf, 0xff, 0xf0, 0x0, 0x0, 0x0, 0x0,
    0x0, 0x0, 0x0, 0x0, 0x0, 0xff, 0xff, 0x0,
    0x0, 0x0, 0x0, 0x0, 0x0, 0x0, 0x0, 0x0,
    0xf, 0xff, 0xf0, 0x0, 0x0, 0x0, 0x0,

    /* U+0025 "%" */
    0x0, 0x4, 0xbe, 0xfe, 0xb5, 0x0, 0x0, 0x0,
    0x0, 0x0, 0x3f, 0xff, 0x70, 0x0, 0x0, 0xaf,
    0xff, 0xff, 0xff, 0xc1, 0x0, 0x0, 0x0, 0x0,
    0xdf, 0xfb, 0x0, 0x0, 0xa, 0xff, 0xff, 0xff,
    0xff, 0xfb, 0x0, 0x0, 0x0, 0x9, 0xff, 0xe1,
    0x0, 0x0, 0x4f, 0xff, 0xd4, 0x14, 0xdf, 0xff,
    0x50, 0x0, 0x0, 0x4f, 0xff, 0x40, 0x0, 0x0,
    0xaf, 0xff, 0x10, 0x0, 0x1f, 0xff, 0xb0, 0x0,
    0x1, 0xef, 0xf8, 0x0, 0x0, 0x0, 0xdf, 0xfa,
    0x0, 0x0, 0x9, 0xff, 0xe0, 0x0, 0xb, 0xff,
    0xc0, 0x0, 0x0, 0x0, 0xef, 0xf8, 0x0, 0x0,
    0x7, 0xff, 0xf0, 0x0, 0x6f, 0xfe, 0x10, 0x0,
    0x0, 0x0, 0xdf, 0xfa, 0x0, 0x0, 0x9, 0xff,
    0xe0, 0x2, 0xff, 0xf4, 0x0, 0x0, 0x0, 0x0,
    0xaf, 0xff, 0x10, 0x0, 0xe, 0xff, 0xb0, 0xc,
    0xff, 0x80, 0x0, 0x0, 0x0, 0x0, 0x5f, 0xff,
    0xc3, 0x3, 0xcf, 0xff, 0x50, 0x8f, 0xfc, 0x0,
    0x0, 0x0, 0x0, 0x0, 0xc, 0xff, 0xff, 0xff,
    0xff, 0xfc, 0x4, 0xff, 0xe1, 0x0, 0x0, 0x0,
    0x0, 0x0, 0x1, 0xcf, 0xff, 0xff, 0xff, 0xc1,
    0x1e, 0xff, 0x40, 0x0, 0x0, 0x0, 0x0, 0x0,
    0x0, 0x7, 0xdf, 0xff, 0xd7, 0x0, 0xaf, 0xf8,
    0x0, 0x0, 0x0, 0x0, 0x0, 0x0, 0x0, 0x0,
    0x0, 0x10, 0x0, 0x6, 0xff, 0xc0, 0x3, 0xae,
    0xfe, 0xb6, 0x0, 0x0, 0x0, 0x0, 0x0, 0x0,
    0x0, 0x2f, 0xff, 0x20, 0x9f, 0xff, 0xff, 0xff,
    0xc1, 0x0, 0x0, 0x0, 0x0, 0x0, 0x0, 0xdf,
    0xf6, 0x8, 0xff, 0xff, 0xff, 0xff, 0xfc, 0x0,
    0x0, 0x0, 0x0, 0x0, 0xa, 0xff, 0xa0, 0x2f,
    0xff, 0xe5, 0x24, 0xdf, 0xff, 0x60, 0x0, 0x0,
    0x0, 0x0, 0x6f, 0xfe, 0x10, 0x8f, 0xff, 0x30,
    0x0, 0x1e, 0xff, 0xc0, 0x0, 0x0, 0x0, 0x2,
    0xff, 0xf4, 0x0, 0xbf, 0xfc, 0x0, 0x0, 0x8,
    0xff, 0xf0, 0x0, 0x0, 0x0, 0xd, 0xff, 0x90,
    0x0, 0xcf, 0xfa, 0x0, 0x0, 0x6, 0xff, 0xf0,
    0x0, 0x0, 0x0, 0x9f, 0xfd, 0x0, 0x0, 0xcf,
    0xfb, 0x0, 0x0, 0x7, 0xff, 0xf0, 0x0, 0x0,
    0x5, 0xff, 0xf3, 0x0, 0x0, 0xaf, 0xfe, 0x0,
    0x0, 0xb, 0xff, 0xe0, 0x0, 0x0, 0x2f, 0xff,
    0x70, 0x0, 0x0, 0x5f, 0xff, 0x80, 0x0, 0x5f,
    0xff, 0x90, 0x0, 0x0, 0xdf, 0xfc, 0x0, 0x0,
    0x0, 0xd, 0xff, 0xfc, 0x9b, 0xff, 0xff, 0x20,
    0x0, 0x9, 0xff, 0xf1, 0x0, 0x0, 0x0, 0x3,
    0xff, 0xff, 0xff, 0xff, 0xf5, 0x0, 0x0, 0x5f,
    0xff, 0x50, 0x0, 0x0, 0x0, 0x0, 0x2c, 0xff,
    0xff, 0xfd, 0x40, 0x0, 0x0, 0x0, 0x0, 0x0,
    0x0, 0x0, 0x0, 0x0, 0x0, 0x26, 0x76, 0x30,
    0x0, 0x0,

    /* U+0026 "&" */
    0x0, 0x0, 0x0, 0x0, 0x1, 0x68, 0x98, 0x51,
    0x0, 0x0, 0x0, 0x0, 0x0, 0x0, 0x0, 0x0,
    0x1, 0xaf, 0xff, 0xff, 0xff, 0x80, 0x0, 0x0,
    0x0, 0x0, 0x0, 0x0, 0x0, 0x2e, 0xff, 0xff,
    0xff, 0xff, 0xfb, 0x0, 0x0, 0x0, 0x0, 0x0,
    0x0, 0x0, 0xef, 0xff, 0xff, 0xff, 0xff, 0xff,
    0x90, 0x0, 0x0, 0x0, 0x0, 0x0, 0x7, 0xff,
    0xff, 0x92, 0x4, 0xdf, 0xff, 0xf1, 0x0, 0x0,
    0x0, 0x0, 0x0, 0xd, 0xff, 0xfa, 0x0, 0x0,
    0x2f, 0xff, 0xf6, 0x0, 0x0, 0x0, 0x0, 0x0,
    0xf, 0xff, 0xf4, 0x0, 0x0, 0xb, 0xff, 0xf8,
    0x0, 0x0, 0x0, 0x0, 0x0, 0xf, 0xff, 0xf3,
    0x0, 0x0, 0x9, 0xff, 0xf8, 0x0, 0x0, 0x0,
    0x0, 0x0, 0xf, 0xff, 0xf7, 0x0, 0x0, 0xd,
    0xff, 0xf5, 0x0, 0x0, 0x0, 0x0, 0x0, 0xa,
    0xff, 0xfe, 0x0, 0x0, 0x7f, 0xff, 0xf1, 0x0,
    0x0, 0x0, 0x0, 0x0, 0x4, 0xff, 0xff, 0xa0,
    0x8, 0xff, 0xff, 0x70, 0x0, 0x0, 0x0, 0x0,
    0x0, 0x0, 0xbf, 0xff, 0xfa, 0xef, 0xff, 0xfa,
    0x0, 0x0, 0x0, 0x0, 0x0, 0x0, 0x0, 0x4f,
    0xff, 0xff, 0xff, 0xff, 0x80, 0x0, 0x0, 0x0,
    0x0, 0x0, 0x0, 0x4c, 0xff, 0xff, 0xff, 0xfe,
    0x82, 0x0, 0x0, 0x11, 0x11, 0x0, 0x0, 0x9,
    0xff, 0xff, 0xff, 0xff, 0xff, 0x30, 0x0, 0xa,
    0xff, 0xf9, 0x0, 0x0, 0x9f, 0xff, 0xff, 0xb9,
    0xff, 0xff, 0xe2, 0x0, 0xe, 0xff, 0xf5, 0x0,
    0x4, 0xff, 0xff, 0xd2, 0x0, 0x8f, 0xff, 0xfe,
    0x10, 0x2f, 0xff, 0xf1, 0x0, 0xb, 0xff, 0xfe,
    0x0, 0x0, 0xa, 0xff, 0xff, 0xd1, 0x9f, 0xff,
    0xc0, 0x0, 0xf, 0xff, 0xf7, 0x0, 0x0, 0x0,
    0xbf, 0xff, 0xfc, 0xff, 0xff, 0x60, 0x0, 0x1f,
    0xff, 0xf5, 0x0, 0x0, 0x0, 0xc, 0xff, 0xff,
    0xff, 0xfe, 0x0, 0x0, 0xf, 0xff, 0xf6, 0x0,
    0x0, 0x0, 0x1, 0xdf, 0xff, 0xff, 0xf5, 0x0,
    0x0, 0xf, 0xff, 0xfc, 0x0, 0x0, 0x0, 0x0,
    0x2f, 0xff, 0xff, 0xd0, 0x0, 0x0, 0xa, 0xff,
    0xff, 0x90, 0x0, 0x0, 0x2, 0xbf, 0xff, 0xff,
    0xf6, 0x0, 0x0, 0x3, 0xff, 0xff, 0xfe, 0x86,
    0x67, 0xcf, 0xff, 0xff, 0xff, 0xff, 0x50, 0x0,
    0x0, 0x8f, 0xff, 0xff, 0xff, 0xff, 0xff, 0xff,
    0xfd, 0xff, 0xff, 0xf4, 0x0, 0x0, 0x7, 0xff,
    0xff, 0xff, 0xff, 0xff, 0xff, 0x80, 0x6f, 0xff,
    0xff, 0x30, 0x0, 0x0, 0x3b, 0xff, 0xff, 0xff,
    0xfe, 0x81, 0x0, 0x7, 0xff, 0xff, 0xe2, 0x0,
    0x0, 0x0, 0x14, 0x67, 0x65, 0x20, 0x0, 0x0,
    0x0, 0x0, 0x0, 0x0,

    /* U+0027 "'" */
    0x1f, 0xff, 0xfa, 0x1f, 0xff, 0xf8, 0x1f, 0xff,
    0xf5, 0x1f, 0xff, 0xf3, 0x1f, 0xff, 0xf1, 0x1f,
    0xff, 0xf0, 0x1f, 0xff, 0xc0, 0x1f, 0xff, 0xa0,
    0xc, 0xcc, 0x60,

    /* U+0028 "(" */
    0x0, 0x0, 0x0, 0x0, 0x0, 0x58, 0x0, 0x0,
    0x0, 0x0, 0x0, 0x1a, 0xff, 0x40, 0x0, 0x0,
    0x0, 0x3, 0xef, 0xff, 0xe1, 0x0, 0x0, 0x0,
    0x4f, 0xff, 0xff, 0xe3, 0x0, 0x0, 0x4, 0xff,
    0xff, 0xfa, 0x10, 0x0, 0x0, 0x3f, 0xff, 0xff,
    0x80, 0x0, 0x0, 0x1, 0xef, 0xff, 0xf7, 0x0,
    0x0, 0x0, 0xa, 0xff, 0xff, 0x90, 0x0, 0x0,
    0x0, 0x4f, 0xff, 0xfc, 0x0, 0x0, 0x0, 0x0,
    0xcf, 0xff, 0xf2, 0x0, 0x0, 0x0, 0x4, 0xff,
    0xff, 0x80, 0x0, 0x0, 0x0, 0xa, 0xff, 0xff,
    0x10, 0x0, 0x0, 0x0, 0xf, 0xff, 0xfa, 0x0,
    0x0, 0x0, 0x0, 0x3f, 0xff, 0xf5, 0x0, 0x0,
    0x0, 0x0, 0x7f, 0xff, 0xf1, 0x0, 0x0, 0x0,
    0x0, 0x9f, 0xff, 0xe0, 0x0, 0x0, 0x0, 0x0,
    0xbf, 0xff, 0xc0, 0x0, 0x0, 0x0, 0x0, 0xcf,
    0xff, 0xb0, 0x0, 0x0, 0x0, 0x0, 0xbf, 0xff,
    0xb0, 0x0, 0x0, 0x0, 0x0, 0xaf, 0xff, 0xc0,
    0x0, 0x0, 0x0, 0x0, 0x9f, 0xff, 0xe0, 0x0,
    0x0, 0x0, 0x0, 0x6f, 0xff, 0xf2, 0x0, 0x0,
    0x0, 0x0, 0x3f, 0xff, 0xf6, 0x0, 0x0, 0x0,
    0x0, 0xe, 0xff, 0xfb, 0x0, 0x0, 0x0, 0x0,
    0x9, 0xff, 0xff, 0x20, 0x0, 0x0, 0x0, 0x3,
    0xff, 0xff, 0xa0, 0x0, 0x0, 0x0, 0x0, 0xbf,
    0xff, 0xf4, 0x0, 0x0, 0x0, 0x0, 0x3f, 0xff,
    0xfe, 0x10, 0x0, 0x0, 0x0, 0x8, 0xff, 0xff,
    0xc0, 0x0, 0x0, 0x0, 0x0, 0xcf, 0xff, 0xfb,
    0x0, 0x0, 0x0, 0x0, 0x1e, 0xff, 0xff, 0xc1,
    0x0, 0x0, 0x0, 0x2, 0xef, 0xff, 0xfe, 0x40,
    0x0, 0x0, 0x0, 0x2d, 0xff, 0xff, 0xf4, 0x0,
    0x0, 0x0, 0x1, 0xbf, 0xff, 0xc0, 0x0, 0x0,
    0x0, 0x0, 0x7, 0xff, 0x20, 0x0, 0x0, 0x0,
    0x0, 0x0, 0x25, 0x0,

    /* U+0029 ")" */
    0x0, 0x55, 0x0, 0x0, 0x0, 0x0, 0x0, 0x2,
    0xff, 0xb1, 0x0, 0x0, 0x0, 0x0, 0xc, 0xff,
    0xfe, 0x30, 0x0, 0x0, 0x0, 0x2e, 0xff, 0xff,
    0xf5, 0x0, 0x0, 0x0, 0x1, 0xbf, 0xff, 0xff,
    0x50, 0x0, 0x0, 0x0, 0x9, 0xff, 0xff, 0xf4,
    0x0, 0x0, 0x0, 0x0, 0x7f, 0xff, 0xfe, 0x10,
    0x0, 0x0, 0x0, 0x9, 0xff, 0xff, 0xc0, 0x0,
    0x0, 0x0, 0x0, 0xcf, 0xff, 0xf6, 0x0, 0x0,
    0x0, 0x0, 0x2f, 0xff, 0xfe, 0x0, 0x0, 0x0,
    0x0, 0x8, 0xff, 0xff, 0x60, 0x0, 0x0, 0x0,
    0x0, 0xef, 0xff, 0xc0, 0x0, 0x0, 0x0, 0x0,
    0x9f, 0xff, 0xf1, 0x0, 0x0, 0x0, 0x0, 0x4f,
    0xff, 0xf5, 0x0, 0x0, 0x0, 0x0, 0xf, 0xff,
    0xf8, 0x0, 0x0, 0x0, 0x0, 0xc, 0xff, 0xfb,
    0x0, 0x0, 0x0, 0x0, 0xb, 0xff, 0xfc, 0x0,
    0x0, 0x0, 0x0, 0xa, 0xff, 0xfd, 0x0, 0x0,
    0x0, 0x0, 0xa, 0xff, 0xfd, 0x0, 0x0, 0x0,
    0x0, 0xb, 0xff, 0xfc, 0x0, 0x0, 0x0, 0x0,
    0xd, 0xff, 0xfa, 0x0, 0x0, 0x0, 0x0, 0xf,
    0xff, 0xf8, 0x0, 0x0, 0x0, 0x0, 0x4f, 0xff,
    0xf4, 0x0, 0x0, 0x0, 0x0, 0xaf, 0xff, 0xf0,
    0x0, 0x0, 0x0, 0x1, 0xff, 0xff, 0xa0, 0x0,
    0x0, 0x0, 0x8, 0xff, 0xff, 0x40, 0x0, 0x0,
    0x0, 0x2f, 0xff, 0xfc, 0x0, 0x0, 0x0, 0x0,
    0xcf, 0xff, 0xf4, 0x0, 0x0, 0x0, 0xa, 0xff,
    0xff, 0xa0, 0x0, 0x0, 0x0, 0x8f, 0xff, 0xfd,
    0x0, 0x0, 0x0, 0xa, 0xff, 0xff, 0xf3, 0x0,
    0x0, 0x2, 0xcf, 0xff, 0xff, 0x30, 0x0, 0x0,
    0x2f, 0xff, 0xff, 0xe4, 0x0, 0x0, 0x0, 0xc,
    0xff, 0xfd, 0x20, 0x0, 0x0, 0x0, 0x1, 0xff,
    0x90, 0x0, 0x0, 0x0, 0x0, 0x0, 0x54, 0x0,
    0x0, 0x0, 0x0, 0x0,

    /* U+002A "*" */
    0x0, 0x0, 0x5, 0xff, 0x40, 0x0, 0x0, 0x0,
    0x0, 0x5, 0xff, 0x30, 0x0, 0x0, 0x1, 0x30,
    0x4, 0xff, 0x30, 0x3, 0x10, 0x8, 0xfb, 0x44,
    0xff, 0x25, 0xcf, 0x70, 0xe, 0xff, 0xfe, 0xff,
    0xef, 0xff, 0xd0, 0x3, 0x9e, 0xff, 0xff, 0xff,
    0xe8, 0x30, 0x0, 0x0, 0x4f, 0xff, 0xf4, 0x0,
    0x0, 0x0, 0x0, 0x9f, 0xff, 0xf8, 0x0, 0x0,
    0x0, 0x6, 0xff, 0x9a, 0xff, 0x50, 0x0, 0x0,
    0x4f, 0xfd, 0x1, 0xef, 0xf3, 0x0, 0x0, 0x9f,
    0xf2, 0x0, 0x3f, 0xf8, 0x0, 0x0, 0x6, 0x60,
    0x0, 0x7, 0x50, 0x0,

    /* U+002B "+" */
    0x0, 0x0, 0x1, 0xbb, 0xb1, 0x0, 0x0, 0x0,
    0x0, 0x0, 0x2f, 0xff, 0x20, 0x0, 0x0, 0x0,
    0x0, 0x2, 0xff, 0xf2, 0x0, 0x0, 0x0, 0x0,
    0x0, 0x2f, 0xff, 0x20, 0x0, 0x0, 0x0, 0x0,
    0x2, 0xff, 0xf2, 0x0, 0x0, 0x0, 0x11, 0x11,
    0x3f, 0xff, 0x31, 0x11, 0x10, 0x5f, 0xff, 0xff,
    0xff, 0xff, 0xff, 0xff, 0x55, 0xff, 0xff, 0xff,
    0xff, 0xff, 0xff, 0xf5, 0x5f, 0xff, 0xff, 0xff,
    0xff, 0xff, 0xff, 0x50, 0x0, 0x0, 0x2f, 0xff,
    0x20, 0x0, 0x0, 0x0, 0x0, 0x2, 0xff, 0xf2,
    0x0, 0x0, 0x0, 0x0, 0x0, 0x2f, 0xff, 0x20,
    0x0, 0x0, 0x0, 0x0, 0x2, 0xff, 0xf2, 0x0,
    0x0, 0x0, 0x0, 0x0, 0x2f, 0xff, 0x20, 0x0,
    0x0,

    /* U+002C "," */
    0x0, 0x9c, 0xcc, 0xc1, 0x0, 0xff, 0xff, 0xc0,
    0x3, 0xff, 0xff, 0x60, 0x6, 0xff, 0xff, 0x10,
    0xa, 0xff, 0xfa, 0x0, 0xe, 0xff, 0xf4, 0x0,
    0x1f, 0xff, 0xe0, 0x0, 0x5f, 0xff, 0x90, 0x0,
    0x9f, 0xff, 0x30, 0x0, 0xcf, 0xfd, 0x0, 0x0,

    /* U+002D "-" */
    0x3, 0x33, 0x33, 0x33, 0x33, 0x21, 0xff, 0xff,
    0xff, 0xff, 0xfc, 0x1f, 0xff, 0xff, 0xff, 0xff,
    0xc1, 0xff, 0xff, 0xff, 0xff, 0xfc, 0x1f, 0xff,
    0xff, 0xff, 0xff, 0xc0,

    /* U+002E "." */
    0x13, 0x33, 0x32, 0x7f, 0xff, 0xfa, 0x7f, 0xff,
    0xfa, 0x7f, 0xff, 0xfa, 0x7f, 0xff, 0xfa, 0x7f,
    0xff, 0xfa,

    /* U+002F "/" */
    0x0, 0x0, 0x0, 0x0, 0x0, 0xe, 0xff, 0xf3,
    0x0, 0x0, 0x0, 0x0, 0x0, 0x3f, 0xff, 0xe0,
    0x0, 0x0, 0x0, 0x0, 0x0, 0x8f, 0xff, 0x90,
    0x0, 0x0, 0x0, 0x0, 0x0, 0xdf, 0xff, 0x40,
    0x0, 0x0, 0x0, 0x0, 0x2, 0xff, 0xff, 0x0,
    0x0, 0x0, 0x0, 0x0, 0x7, 0xff, 0xfa, 0x0,
    0x0, 0x0, 0x0, 0x0, 0xc, 0xff, 0xf5, 0x0,
    0x0, 0x0, 0x0, 0x0, 0x1f, 0xff, 0xf0, 0x0,
    0x0, 0x0, 0x0, 0x0, 0x7f, 0xff, 0xb0, 0x0,
    0x0, 0x0, 0x0, 0x0, 0xcf, 0xff, 0x60, 0x0,
    0x0, 0x0, 0x0, 0x1, 0xff, 0xff, 0x10, 0x0,
    0x0, 0x0, 0x0, 0x6, 0xff, 0xfc, 0x0, 0x0,
    0x0, 0x0, 0x0, 0xb, 0xff, 0xf7, 0x0, 0x0,
    0x0, 0x0, 0x0, 0xf, 0xff, 0xf2, 0x0, 0x0,
    0x0, 0x0, 0x0, 0x5f, 0xff, 0xc0, 0x0, 0x0,
    0x0, 0x0, 0x0, 0xaf, 0xff, 0x70, 0x0, 0x0,
    0x0, 0x0, 0x0, 0xff, 0xff, 0x20, 0x0, 0x0,
    0x0, 0x0, 0x4, 0xff, 0xfd, 0x0, 0x0, 0x0,
    0x0, 0x0, 0x9, 0xff, 0xf8, 0x0, 0x0, 0x0,
    0x0, 0x0, 0xe, 0xff, 0xf3, 0x0, 0x0, 0x0,
    0x0, 0x0, 0x3f, 0xff, 0xe0, 0x0, 0x0, 0x0,
    0x0, 0x0, 0x8f, 0xff, 0x90, 0x0, 0x0, 0x0,
    0x0, 0x0, 0xdf, 0xff, 0x40, 0x0, 0x0, 0x0,
    0x0, 0x2, 0xff, 0xff, 0x0, 0x0, 0x0, 0x0,
    0x0, 0x7, 0xff, 0xfa, 0x0, 0x0, 0x0, 0x0,
    0x0, 0xc, 0xff, 0xf5, 0x0, 0x0, 0x0, 0x0,
    0x0, 0x2f, 0xff, 0xf0, 0x0, 0x0, 0x0, 0x0,
    0x0, 0x7f, 0xff, 0xb0, 0x0, 0x0, 0x0, 0x0,
    0x0, 0xcf, 0xff, 0x60, 0x0, 0x0, 0x0, 0x0,
    0x1, 0xff, 0xff, 0x10, 0x0, 0x0, 0x0, 0x0,
    0x6, 0xff, 0xfb, 0x0, 0x0, 0x0, 0x0, 0x0,
    0xb, 0xff, 0xf6, 0x0, 0x0, 0x0, 0x0, 0x0,
    0xf, 0xff, 0xf1, 0x0, 0x0, 0x0, 0x0, 0x0,
    0x5f, 0xff, 0xc0, 0x0, 0x0, 0x0, 0x0, 0x0,
    0xaf, 0xff, 0x70, 0x0, 0x0, 0x0, 0x0, 0x0,

    /* U+0030 "0" */
    0x0, 0x0, 0x0, 0x16, 0xbd, 0xff, 0xdb, 0x61,
    0x0, 0x0, 0x0, 0x0, 0x0, 0x8, 0xff, 0xff,
    0xff, 0xff, 0xff, 0x70, 0x0, 0x0, 0x0, 0x1,
    0xcf, 0xff, 0xff, 0xff, 0xff, 0xff, 0xfc, 0x0,
    0x0, 0x0, 0xd, 0xff, 0xff, 0xff, 0xff, 0xff,
    0xff, 0xff, 0xc0, 0x0, 0x0, 0x9f, 0xff, 0xff,
    0x93, 0x11, 0x4a, 0xff, 0xff, 0xf8, 0x0, 0x3,
    0xff, 0xff, 0xf3, 0x0, 0x0, 0x0, 0x5f, 0xff,
    0xff, 0x20, 0xa, 0xff, 0xff, 0x50, 0x0, 0x0,
    0x0, 0x7, 0xff, 0xff, 0x90, 0x1f, 0xff, 0xfc,
    0x0, 0x0, 0x0, 0x0, 0x0, 0xef, 0xff, 0xf0,
    0x5f, 0xff, 0xf6, 0x0, 0x0, 0x0, 0x0, 0x0,
    0x8f, 0xff, 0xf3, 0x9f, 0xff, 0xf1, 0x0, 0x0,
    0x0, 0x0, 0x0, 0x4f, 0xff, 0xf7, 0xbf, 0xff,
    0xe0, 0x0, 0x0, 0x0, 0x0, 0x0, 0x1f, 0xff,
    0xfa, 0xdf, 0xff, 0xc0, 0x0, 0x0, 0x0, 0x0,
    0x0, 0xf, 0xff, 0xfb, 0xef, 0xff, 0xc0, 0x0,
    0x0, 0x0, 0x0, 0x0, 0xe, 0xff, 0xfc, 0xef,
    0xff, 0xb0, 0x0, 0x0, 0x0, 0x0, 0x0, 0xe,
    0xff, 0xfc, 0xef, 0xff, 0xb0, 0x0, 0x0, 0x0,
    0x0, 0x0, 0xe, 0xff, 0xfc, 0xdf, 0xff, 0xc0,
    0x0, 0x0, 0x0, 0x0, 0x0, 0xe, 0xff, 0xfb,
    0xcf, 0xff, 0xd0, 0x0, 0x0, 0x0, 0x0, 0x0,
    0xf, 0xff, 0xfa, 0xbf, 0xff, 0xf0, 0x0, 0x0,
    0x0, 0x0, 0x0, 0x2f, 0xff, 0xf8, 0x7f, 0xff,
    0xf3, 0x0, 0x0, 0x0, 0x0, 0x0, 0x5f, 0xff,
    0xf5, 0x4f, 0xff, 0xf8, 0x0, 0x0, 0x0, 0x0,
    0x0, 0xbf, 0xff, 0xf1, 0xe, 0xff, 0xff, 0x10,
    0x0, 0x0, 0x0, 0x2, 0xff, 0xff, 0xc0, 0x8,
    0xff, 0xff, 0xb0, 0x0, 0x0, 0x0, 0xc, 0xff,
    0xff, 0x50, 0x1, 0xef, 0xff, 0xfb, 0x10, 0x0,
    0x2, 0xcf, 0xff, 0xfc, 0x0, 0x0, 0x5f, 0xff,
    0xff, 0xfb, 0x99, 0xbf, 0xff, 0xff, 0xf2, 0x0,
    0x0, 0x8, 0xff, 0xff, 0xff, 0xff, 0xff, 0xff,
    0xff, 0x40, 0x0, 0x0, 0x0, 0x7f, 0xff, 0xff,
    0xff, 0xff, 0xff, 0xe4, 0x0, 0x0, 0x0, 0x0,
    0x2, 0xaf, 0xff, 0xff, 0xff, 0xe8, 0x0, 0x0,
    0x0, 0x0, 0x0, 0x0, 0x0, 0x46, 0x77, 0x53,
    0x0, 0x0, 0x0, 0x0,

    /* U+0031 "1" */
    0x3f, 0xff, 0xff, 0xff, 0xf4, 0x3f, 0xff, 0xff,
    0xff, 0xf4, 0x3f, 0xff, 0xff, 0xff, 0xf4, 0x3f,
    0xff, 0xff, 0xff, 0xf4, 0x1, 0x11, 0x5f, 0xff,
    0xf4, 0x0, 0x0, 0x4f, 0xff, 0xf4, 0x0, 0x0,
    0x4f, 0xff, 0xf4, 0x0, 0x0, 0x4f, 0xff, 0xf4,
    0x0, 0x0, 0x4f, 0xff, 0xf4, 0x0, 0x0, 0x4f,
    0xff, 0xf4, 0x0, 0x0, 0x4f, 0xff, 0xf4, 0x0,
    0x0, 0x4f, 0xff, 0xf4, 0x0, 0x0, 0x4f, 0xff,
    0xf4, 0x0, 0x0, 0x4f, 0xff, 0xf4, 0x0, 0x0,
    0x4f, 0xff, 0xf4, 0x0, 0x0, 0x4f, 0xff, 0xf4,
    0x0, 0x0, 0x4f, 0xff, 0xf4, 0x0, 0x0, 0x4f,
    0xff, 0xf4, 0x0, 0x0, 0x4f, 0xff, 0xf4, 0x0,
    0x0, 0x4f, 0xff, 0xf4, 0x0, 0x0, 0x4f, 0xff,
    0xf4, 0x0, 0x0, 0x4f, 0xff, 0xf4, 0x0, 0x0,
    0x4f, 0xff, 0xf4, 0x0, 0x0, 0x4f, 0xff, 0xf4,
    0x0, 0x0, 0x4f, 0xff, 0xf4, 0x0, 0x0, 0x4f,
    0xff, 0xf4,

    /* U+0032 "2" */
    0x0, 0x0, 0x2, 0x7b, 0xef, 0xfe, 0xb6, 0x0,
    0x0, 0x0, 0x0, 0x0, 0x9f, 0xff, 0xff, 0xff,
    0xff, 0xf6, 0x0, 0x0, 0x0, 0x1c, 0xff, 0xff,
    0xff, 0xff, 0xff, 0xff, 0x90, 0x0, 0x0, 0xbf,
    0xff, 0xff, 0xff, 0xff, 0xff, 0xff, 0xf7, 0x0,
    0x7, 0xff, 0xff, 0xf9, 0x31, 0x15, 0xdf, 0xff,
    0xff, 0x10, 0xe, 0xff, 0xff, 0x40, 0x0, 0x0,
    0xc, 0xff, 0xff, 0x60, 0x4f, 0xff, 0xf9, 0x0,
    0x0, 0x0, 0x3, 0xff, 0xff, 0xa0, 0x8f, 0xff,
    0xf2, 0x0, 0x0, 0x0, 0x0, 0xff, 0xff, 0xb0,
    0xaf, 0xff, 0xe0, 0x0, 0x0, 0x0, 0x0, 0xff,
    0xff, 0xb0, 0x9c, 0xcc, 0xa0, 0x0, 0x0, 0x0,
    0x2, 0xff, 0xff, 0x90, 0x0, 0x0, 0x0, 0x0,
    0x0, 0x0, 0x9, 0xff, 0xff, 0x50, 0x0, 0x0,
    0x0, 0x0, 0x0, 0x0, 0x4f, 0xff, 0xfe, 0x0,
    0x0, 0x0, 0x0, 0x0, 0x0, 0x2, 0xef, 0xff,
    0xf5, 0x0, 0x0, 0x0, 0x0, 0x0, 0x0, 0x2e,
    0xff, 0xff, 0xa0, 0x0, 0x0, 0x0, 0x0, 0x0,
    0x2, 0xef, 0xff, 0xfc, 0x0, 0x0, 0x0, 0x0,
    0x0, 0x0, 0x2e, 0xff, 0xff, 0xc1, 0x0, 0x0,
    0x0, 0x0, 0x0, 0x3, 0xff, 0xff, 0xfc, 0x0,
    0x0, 0x0, 0x0, 0x0, 0x0, 0x5f, 0xff, 0xff,
    0xb0, 0x0, 0x0, 0x0, 0x0, 0x0, 0x6, 0xff,
    0xff, 0xfa, 0x0, 0x0, 0x0, 0x0, 0x0, 0x0,
    0x7f, 0xff, 0xff, 0x80, 0x0, 0x0, 0x0, 0x0,
    0x0, 0x9, 0xff, 0xff, 0xf6, 0x0, 0x0, 0x0,
    0x0, 0x0, 0x0, 0xaf, 0xff, 0xff, 0x40, 0x0,
    0x0, 0x0, 0x0, 0x0, 0xb, 0xff, 0xff, 0xf4,
    0x11, 0x11, 0x11, 0x11, 0x11, 0x10, 0xbf, 0xff,
    0xff, 0xff, 0xff, 0xff, 0xff, 0xff, 0xff, 0xf8,
    0xcf, 0xff, 0xff, 0xff, 0xff, 0xff, 0xff, 0xff,
    0xff, 0xf8, 0xcf, 0xff, 0xff, 0xff, 0xff, 0xff,
    0xff, 0xff, 0xff, 0xf8, 0xcf, 0xff, 0xff, 0xff,
    0xff, 0xff, 0xff, 0xff, 0xff, 0xf8,

    /* U+0033 "3" */
    0x0, 0x0, 0x0, 0x6, 0xad, 0xff, 0xec, 0x93,
    0x0, 0x0, 0x0, 0x0, 0x0, 0x6e, 0xff, 0xff,
    0xff, 0xff, 0xfc, 0x20, 0x0, 0x0, 0x0, 0xaf,
    0xff, 0xff, 0xff, 0xff, 0xff, 0xff, 0x40, 0x0,
    0x0, 0xaf, 0xff, 0xff, 0xff, 0xff, 0xff, 0xff,
    0xff, 0x20, 0x0, 0x5f, 0xff, 0xff, 0x93, 0x11,
    0x39, 0xff, 0xff, 0xfb, 0x0, 0xd, 0xff, 0xff,
    0x40, 0x0, 0x0, 0x3, 0xff, 0xff, 0xf1, 0x2,
    0xff, 0xff, 0x80, 0x0, 0x0, 0x0, 0x9, 0xff,
    0xff, 0x30, 0x6f, 0xff, 0xf2, 0x0, 0x0, 0x0,
    0x0, 0x6f, 0xff, 0xf4, 0x7, 0xee, 0xed, 0x0,
    0x0, 0x0, 0x0, 0x8, 0xff, 0xff, 0x10, 0x0,
    0x0, 0x0, 0x0, 0x0, 0x0, 0x1, 0xef, 0xff,
    0xd0, 0x0, 0x0, 0x0, 0x0, 0x0, 0x0, 0x3,
    0xdf, 0xff, 0xf4, 0x0, 0x0, 0x0, 0x0, 0x3,
    0x99, 0xad, 0xff, 0xff, 0xf6, 0x0, 0x0, 0x0,
    0x0, 0x0, 0x5f, 0xff, 0xff, 0xff, 0xd4, 0x0,
    0x0, 0x0, 0x0, 0x0, 0x5, 0xff, 0xff, 0xff,
    0xfa, 0x20, 0x0, 0x0, 0x0, 0x0, 0x0, 0x5f,
    0xff, 0xff, 0xff, 0xff, 0x80, 0x0, 0x0, 0x0,
    0x0, 0x0, 0x0, 0x2, 0x7e, 0xff, 0xff, 0x80,
    0x0, 0x0, 0x0, 0x0, 0x0, 0x0, 0x0, 0x1c,
    0xff, 0xff, 0x20, 0x11, 0x11, 0x0, 0x0, 0x0,
    0x0, 0x0, 0x3f, 0xff, 0xf8, 0xf, 0xff, 0xf7,
    0x0, 0x0, 0x0, 0x0, 0x0, 0xef, 0xff, 0xb0,
    0xef, 0xff, 0xa0, 0x0, 0x0, 0x0, 0x0, 0xe,
    0xff, 0xfc, 0xb, 0xff, 0xff, 0x0, 0x0, 0x0,
    0x0, 0x2, 0xff, 0xff, 0xb0, 0x6f, 0xff, 0xf9,
    0x0, 0x0, 0x0, 0x0, 0xaf, 0xff, 0xf8, 0x1,
    0xef, 0xff, 0xf9, 0x10, 0x0, 0x1, 0xaf, 0xff,
    0xff, 0x20, 0x7, 0xff, 0xff, 0xff, 0xb9, 0x9b,
    0xff, 0xff, 0xff, 0x90, 0x0, 0xa, 0xff, 0xff,
    0xff, 0xff, 0xff, 0xff, 0xff, 0xb0, 0x0, 0x0,
    0x8, 0xff, 0xff, 0xff, 0xff, 0xff, 0xff, 0x90,
    0x0, 0x0, 0x0, 0x3, 0xaf, 0xff, 0xff, 0xff,
    0xfa, 0x30, 0x0, 0x0, 0x0, 0x0, 0x0, 0x4,
    0x67, 0x76, 0x30, 0x0, 0x0, 0x0,

    /* U+0034 "4" */
    0x0, 0x0, 0x0, 0x0, 0x0, 0x1, 0xef, 0xff,
    0xff, 0xd0, 0x0, 0x0, 0x0, 0x0, 0x0, 0x0,
    0x0, 0xa, 0xff, 0xff, 0xff, 0xd0, 0x0, 0x0,
    0x0, 0x0, 0x0, 0x0, 0x0, 0x5f, 0xff, 0xff,
    0xff, 0xd0, 0x0, 0x0, 0x0, 0x0, 0x0, 0x0,
    0x1, 0xef, 0xff, 0xff, 0xff, 0xd0, 0x0, 0x0,
    0x0, 0x0, 0x0, 0x0, 0xb, 0xff, 0xfc, 0x9f,
    0xff, 0xd0, 0x0, 0x0, 0x0, 0x0, 0x0, 0x0,
    0x6f, 0xff, 0xf2, 0x9f, 0xff, 0xd0, 0x0, 0x0,
    0x0, 0x0, 0x0, 0x2, 0xff, 0xff, 0x70, 0x9f,
    0xff, 0xd0, 0x0, 0x0, 0x0, 0x0, 0x0, 0xc,
    0xff, 0xfc, 0x0, 0x9f, 0xff, 0xd0, 0x0, 0x0,
    0x0, 0x0, 0x0, 0x7f, 0xff, 0xf2, 0x0, 0x9f,
    0xff, 0xd0, 0x0, 0x0, 0x0, 0x0, 0x2, 0xff,
    0xff, 0x60, 0x0, 0x9f, 0xff, 0xd0, 0x0, 0x0,
    0x0, 0x0, 0xc, 0xff, 0xfb, 0x0, 0x0, 0x9f,
    0xff, 0xd0, 0x0, 0x0, 0x0, 0x0, 0x8f, 0xff,
    0xf1, 0x0, 0x0, 0x9f, 0xff, 0xd0, 0x0, 0x0,
    0x0, 0x3, 0xff, 0xff, 0x60, 0x0, 0x0, 0x9f,
    0xff, 0xd0, 0x0, 0x0, 0x0, 0xd, 0xff, 0xfb,
    0x0, 0x0, 0x0, 0x9f, 0xff, 0xd0, 0x0, 0x0,
    0x0, 0x9f, 0xff, 0xe1, 0x0, 0x0, 0x0, 0x9f,
    0xff, 0xd0, 0x0, 0x0, 0x4, 0xff, 0xff, 0x50,
    0x0, 0x0, 0x0, 0x9f, 0xff, 0xd0, 0x0, 0x0,
    0xe, 0xff, 0xfa, 0x0, 0x0, 0x0, 0x0, 0x9f,
    0xff, 0xd0, 0x0, 0x0, 0x6f, 0xff, 0xff, 0xff,
    0xff, 0xff, 0xff, 0xff, 0xff, 0xff, 0xff, 0xf1,
    0x7f, 0xff, 0xff, 0xff, 0xff, 0xff, 0xff, 0xff,
    0xff, 0xff, 0xff, 0xf1, 0x7f, 0xff, 0xff, 0xff,
    0xff, 0xff, 0xff, 0xff, 0xff, 0xff, 0xff, 0xf1,
    0x6d, 0xdd, 0xdd, 0xdd, 0xdd, 0xdd, 0xdd, 0xff,
    0xff, 0xfd, 0xdd, 0xd1, 0x0, 0x0, 0x0, 0x0,
    0x0, 0x0, 0x0, 0xcf, 0xff, 0xd0, 0x0, 0x0,
    0x0, 0x0, 0x0, 0x0, 0x0, 0x0, 0x0, 0xcf,
    0xff, 0xd0, 0x0, 0x0, 0x0, 0x0, 0x0, 0x0,
    0x0, 0x0, 0x0, 0xcf, 0xff, 0xd0, 0x0, 0x0,
    0x0, 0x0, 0x0, 0x0, 0x0, 0x0, 0x0, 0xcf,
    0xff, 0xd0, 0x0, 0x0, 0x0, 0x0, 0x0, 0x0,
    0x0, 0x0, 0x0, 0xcf, 0xff, 0xd0, 0x0, 0x0,

    /* U+0035 "5" */
    0x1, 0xff, 0xff, 0xff, 0xff, 0xff, 0xff, 0xff,
    0xff, 0x30, 0x2, 0xff, 0xff, 0xff, 0xff, 0xff,
    0xff, 0xff, 0xff, 0x30, 0x3, 0xff, 0xff, 0xff,
    0xff, 0xff, 0xff, 0xff, 0xff, 0x30, 0x4, 0xff,
    0xff, 0xff, 0xff, 0xff, 0xff, 0xff, 0xff, 0x30,
    0x5, 0xff, 0xfc, 0x22, 0x22, 0x22, 0x22, 0x22,
    0x22, 0x0, 0x6, 0xff, 0xfb, 0x0, 0x0, 0x0,
    0x0, 0x0, 0x0, 0x0, 0x8, 0xff, 0xfa, 0x0,
    0x0, 0x0, 0x0, 0x0, 0x0, 0x0, 0x9, 0xff,
    0xf8, 0x0, 0x0, 0x0, 0x0, 0x0, 0x0, 0x0,
    0xa, 0xff, 0xf7, 0x0, 0x0, 0x0, 0x0, 0x0,
    0x0, 0x0, 0xb, 0xff, 0xf6, 0x5, 0xad, 0xff,
    0xeb, 0x60, 0x0, 0x0, 0xc, 0xff, 0xfa, 0xef,
    0xff, 0xff, 0xff, 0xfe, 0x60, 0x0, 0xd, 0xff,
    0xff, 0xff, 0xff, 0xff, 0xff, 0xff, 0xf9, 0x0,
    0xe, 0xff, 0xff, 0xff, 0xff, 0xff, 0xff, 0xff,
    0xff, 0x70, 0xf, 0xff, 0xff, 0xe7, 0x20, 0x2,
    0x7e, 0xff, 0xff, 0xf1, 0xf, 0xff, 0xf8, 0x0,
    0x0, 0x0, 0x1, 0xdf, 0xff, 0xf7, 0x0, 0x25,
    0x40, 0x0, 0x0, 0x0, 0x0, 0x3f, 0xff, 0xfc,
    0x0, 0x0, 0x0, 0x0, 0x0, 0x0, 0x0, 0xd,
    0xff, 0xfe, 0x0, 0x0, 0x0, 0x0, 0x0, 0x0,
    0x0, 0xb, 0xff, 0xff, 0x0, 0x2, 0x0, 0x0,
    0x0, 0x0, 0x0, 0xc, 0xff, 0xfe, 0x2, 0xce,
    0x10, 0x0, 0x0, 0x0, 0x0, 0x1f, 0xff, 0xfb,
    0x6f, 0xff, 0xc1, 0x0, 0x0, 0x0, 0x0, 0xaf,
    0xff, 0xf6, 0xbf, 0xff, 0xfe, 0x50, 0x0, 0x0,
    0x1a, 0xff, 0xff, 0xe0, 0x2e, 0xff, 0xff, 0xfe,
    0xa8, 0x8b, 0xff, 0xff, 0xff, 0x50, 0x4, 0xff,
    0xff, 0xff, 0xff, 0xff, 0xff, 0xff, 0xf7, 0x0,
    0x0, 0x3d, 0xff, 0xff, 0xff, 0xff, 0xff, 0xff,
    0x50, 0x0, 0x0, 0x0, 0x6d, 0xff, 0xff, 0xff,
    0xfe, 0x81, 0x0, 0x0, 0x0, 0x0, 0x0, 0x14,
    0x67, 0x75, 0x20, 0x0, 0x0, 0x0,

    /* U+0036 "6" */
    0x0, 0x0, 0x0, 0x0, 0x0, 0x1d, 0xff, 0xff,
    0xd1, 0x0, 0x0, 0x0, 0x0, 0x0, 0x0, 0x0,
    0xdf, 0xff, 0xfd, 0x10, 0x0, 0x0, 0x0, 0x0,
    0x0, 0x0, 0xc, 0xff, 0xff, 0xd1, 0x0, 0x0,
    0x0, 0x0, 0x0, 0x0, 0x0, 0xbf, 0xff, 0xfd,
    0x10, 0x0, 0x0, 0x0, 0x0, 0x0, 0x0, 0xa,
    0xff, 0xff, 0xd1, 0x0, 0x0, 0x0, 0x0, 0x0,
    0x0, 0x0, 0x8f, 0xff, 0xfe, 0x10, 0x0, 0x0,
    0x0, 0x0, 0x0, 0x0, 0x6, 0xff, 0xff, 0xe2,
    0x0, 0x0, 0x0, 0x0, 0x0, 0x0, 0x0, 0x3f,
    0xff, 0xfe, 0x20, 0x0, 0x0, 0x0, 0x0, 0x0,
    0x0, 0x1, 0xef, 0xff, 0xf8, 0x9a, 0x98, 0x51,
    0x0, 0x0, 0x0, 0x0, 0xa, 0xff, 0xff, 0xff,
    0xff, 0xff, 0xff, 0xa2, 0x0, 0x0, 0x0, 0x3f,
    0xff, 0xff, 0xff, 0xff, 0xff, 0xff, 0xff, 0x50,
    0x0, 0x0, 0xcf, 0xff, 0xff, 0xff, 0xff, 0xff,
    0xff, 0xff, 0xf4, 0x0, 0x3, 0xff, 0xff, 0xff,
    0x93, 0x0, 0x27, 0xef, 0xff, 0xfe, 0x0, 0x8,
    0xff, 0xff, 0xe3, 0x0, 0x0, 0x0, 0x1d, 0xff,
    0xff, 0x70, 0xc, 0xff, 0xff, 0x40, 0x0, 0x0,
    0x0, 0x3, 0xff, 0xff, 0xc0, 0xf, 0xff, 0xfd,
    0x0, 0x0, 0x0, 0x0, 0x0, 0xcf, 0xff, 0xf0,
    0x1f, 0xff, 0xf9, 0x0, 0x0, 0x0, 0x0, 0x0,
    0xaf, 0xff, 0xf1, 0x1f, 0xff, 0xf9, 0x0, 0x0,
    0x0, 0x0, 0x0, 0x9f, 0xff, 0xf1, 0xf, 0xff,
    0xfb, 0x0, 0x0, 0x0, 0x0, 0x0, 0xcf, 0xff,
    0xf0, 0xd, 0xff, 0xff, 0x10, 0x0, 0x0, 0x0,
    0x2, 0xff, 0xff, 0xb0, 0x9, 0xff, 0xff, 0xa0,
    0x0, 0x0, 0x0, 0xc, 0xff, 0xff, 0x60, 0x2,
    0xff, 0xff, 0xfa, 0x10, 0x0, 0x2, 0xcf, 0xff,
    0xfe, 0x0, 0x0, 0x9f, 0xff, 0xff, 0xfb, 0x99,
    0xcf, 0xff, 0xff, 0xf4, 0x0, 0x0, 0xb, 0xff,
    0xff, 0xff, 0xff, 0xff, 0xff, 0xff, 0x60, 0x0,
    0x0, 0x0, 0x9f, 0xff, 0xff, 0xff, 0xff, 0xff,
    0xe4, 0x0, 0x0, 0x0, 0x0, 0x4, 0xbf, 0xff,
    0xff, 0xff, 0xe7, 0x0, 0x0, 0x0, 0x0, 0x0,
    0x0, 0x1, 0x46, 0x77, 0x52, 0x0, 0x0, 0x0,
    0x0,

    /* U+0037 "7" */
    0x9f, 0xff, 0xff, 0xff, 0xff, 0xff, 0xff, 0xff,
    0xff, 0xf0, 0x9f, 0xff, 0xff, 0xff, 0xff, 0xff,
    0xff, 0xff, 0xff, 0xf0, 0x9f, 0xff, 0xff, 0xff,
    0xff, 0xff, 0xff, 0xff, 0xff, 0xf0, 0x9f, 0xff,
    0xff, 0xff, 0xff, 0xff, 0xff, 0xff, 0xff, 0xf0,
    0x1, 0x11, 0x11, 0x11, 0x11, 0x11, 0x11, 0xdf,
    0xff, 0xb0, 0x0, 0x0, 0x0, 0x0, 0x0, 0x0,
    0x5, 0xff, 0xff, 0x30, 0x0, 0x0, 0x0, 0x0,
    0x0, 0x0, 0xd, 0xff, 0xfb, 0x0, 0x0, 0x0,
    0x0, 0x0, 0x0, 0x0, 0x5f, 0xff, 0xf4, 0x0,
    0x0, 0x0, 0x0, 0x0, 0x0, 0x0, 0xdf, 0xff,
    0xc0, 0x0, 0x0, 0x0, 0x0, 0x0, 0x0, 0x5,
    0xff, 0xff, 0x50, 0x0, 0x0, 0x0, 0x0, 0x0,
    0x0, 0xd, 0xff, 0xfd, 0x0, 0x0, 0x0, 0x0,
    0x0, 0x0, 0x0, 0x5f, 0xff, 0xf6, 0x0, 0x0,
    0x0, 0x0, 0x0, 0x0, 0x0, 0xdf, 0xff, 0xe0,
    0x0, 0x0, 0x0, 0x0, 0x0, 0x0, 0x5, 0xff,
    0xff, 0x70, 0x0, 0x0, 0x0, 0x0, 0x0, 0x0,
    0xc, 0xff, 0xfe, 0x0, 0x0, 0x0, 0x0, 0x0,
    0x0, 0x0, 0x4f, 0xff, 0xf7, 0x0, 0x0, 0x0,
    0x0, 0x0, 0x0, 0x0, 0xcf, 0xff, 0xf1, 0x0,
    0x0, 0x0, 0x0, 0x0, 0x0, 0x4, 0xff, 0xff,
    0x80, 0x0, 0x0, 0x0, 0x0, 0x0, 0x0, 0xc,
    0xff, 0xff, 0x10, 0x0, 0x0, 0x0, 0x0, 0x0,
    0x0, 0x4f, 0xff, 0xf9, 0x0, 0x0, 0x0, 0x0,
    0x0, 0x0, 0x0, 0xcf, 0xff, 0xf2, 0x0, 0x0,
    0x0, 0x0, 0x0, 0x0, 0x4, 0xff, 0xff, 0xa0,
    0x0, 0x0, 0x0, 0x0, 0x0, 0x0, 0xc, 0xff,
    0xff, 0x30, 0x0, 0x0, 0x0, 0x0, 0x0, 0x0,
    0x4f, 0xff, 0xfb, 0x0, 0x0, 0x0, 0x0, 0x0,
    0x0, 0x0, 0xcf, 0xff, 0xf4, 0x0, 0x0, 0x0,
    0x0, 0x0, 0x0, 0x4, 0xff, 0xff, 0xc0, 0x0,
    0x0, 0x0, 0x0, 0x0,

    /* U+0038 "8" */
    0x0, 0x0, 0x1, 0x6a, 0xde, 0xed, 0xc8, 0x40,
    0x0, 0x0, 0x0, 0x0, 0x8, 0xff, 0xff, 0xff,
    0xff, 0xff, 0xd4, 0x0, 0x0, 0x0, 0x1d, 0xff,
    0xff, 0xff, 0xff, 0xff, 0xff, 0xf7, 0x0, 0x0,
    0xd, 0xff, 0xff, 0xff, 0xff, 0xff, 0xff, 0xff,
    0xf6, 0x0, 0x8, 0xff, 0xff, 0xf9, 0x30, 0x2,
    0x6d, 0xff, 0xff, 0xf1, 0x0, 0xef, 0xff, 0xf4,
    0x0, 0x0, 0x0, 0xc, 0xff, 0xff, 0x60, 0x2f,
    0xff, 0xf9, 0x0, 0x0, 0x0, 0x0, 0x2f, 0xff,
    0xfa, 0x3, 0xff, 0xff, 0x50, 0x0, 0x0, 0x0,
    0x0, 0xdf, 0xff, 0xb0, 0x3f, 0xff, 0xf5, 0x0,
    0x0, 0x0, 0x0, 0xe, 0xff, 0xfa, 0x0, 0xff,
    0xff, 0x90, 0x0, 0x0, 0x0, 0x2, 0xff, 0xff,
    0x70, 0xa, 0xff, 0xff, 0x40, 0x0, 0x0, 0x0,
    0xcf, 0xff, 0xf2, 0x0, 0x1e, 0xff, 0xff, 0x93,
    0x0, 0x16, 0xdf, 0xff, 0xf7, 0x0, 0x0, 0x3e,
    0xff, 0xff, 0xff, 0xff, 0xff, 0xff, 0xf9, 0x0,
    0x0, 0x0, 0x1b, 0xff, 0xff, 0xff, 0xff, 0xff,
    0xf5, 0x0, 0x0, 0x0, 0x8, 0xff, 0xff, 0xff,
    0xff, 0xff, 0xff, 0xd4, 0x0, 0x0, 0x1c, 0xff,
    0xff, 0xff, 0xee, 0xff, 0xff, 0xff, 0xf6, 0x0,
    0xc, 0xff, 0xff, 0xc4, 0x0, 0x0, 0x28, 0xff,
    0xff, 0xf4, 0x5, 0xff, 0xff, 0x90, 0x0, 0x0,
    0x0, 0x2, 0xff, 0xff, 0xd0, 0xbf, 0xff, 0xe0,
    0x0, 0x0, 0x0, 0x0, 0x7, 0xff, 0xff, 0x3e,
    0xff, 0xfb, 0x0, 0x0, 0x0, 0x0, 0x0, 0x3f,
    0xff, 0xf5, 0xef, 0xff, 0xc0, 0x0, 0x0, 0x0,
    0x0, 0x5, 0xff, 0xff, 0x5c, 0xff, 0xff, 0x30,
    0x0, 0x0, 0x0, 0x0, 0xcf, 0xff, 0xf3, 0x7f,
    0xff, 0xfe, 0x50, 0x0, 0x0, 0x1, 0xbf, 0xff,
    0xfe, 0x0, 0xef, 0xff, 0xff, 0xd9, 0x77, 0x8b,
    0xff, 0xff, 0xff, 0x50, 0x3, 0xff, 0xff, 0xff,
    0xff, 0xff, 0xff, 0xff, 0xff, 0x90, 0x0, 0x2,
    0xcf, 0xff, 0xff, 0xff, 0xff, 0xff, 0xff, 0x70,
    0x0, 0x0, 0x0, 0x5c, 0xff, 0xff, 0xff, 0xff,
    0xe8, 0x10, 0x0, 0x0, 0x0, 0x0, 0x1, 0x46,
    0x77, 0x65, 0x20, 0x0, 0x0, 0x0,

    /* U+0039 "9" */
    0x0, 0x0, 0x0, 0x6, 0xad, 0xef, 0xec, 0x82,
    0x0, 0x0, 0x0, 0x0, 0x0, 0x7, 0xef, 0xff,
    0xff, 0xff, 0xff, 0xa1, 0x0, 0x0, 0x0, 0x1,
    0xbf, 0xff, 0xff, 0xff, 0xff, 0xff, 0xfe, 0x30,
    0x0, 0x0, 0xc, 0xff, 0xff, 0xff, 0xff, 0xff,
    0xff, 0xff, 0xe2, 0x0, 0x0, 0x9f, 0xff, 0xff,
    0xa4, 0x11, 0x39, 0xff, 0xff, 0xfc, 0x0, 0x3,
    0xff, 0xff, 0xf4, 0x0, 0x0, 0x0, 0x4f, 0xff,
    0xff, 0x40, 0x9, 0xff, 0xff, 0x60, 0x0, 0x0,
    0x0, 0x7, 0xff, 0xff, 0x90, 0xe, 0xff, 0xfe,
    0x0, 0x0, 0x0, 0x0, 0x0, 0xff, 0xff, 0xd0,
    0x1f, 0xff, 0xfa, 0x0, 0x0, 0x0, 0x0, 0x0,
    0xbf, 0xff, 0xf0, 0x2f, 0xff, 0xf8, 0x0, 0x0,
    0x0, 0x0, 0x0, 0xaf, 0xff, 0xf0, 0x2f, 0xff,
    0xf9, 0x0, 0x0, 0x0, 0x0, 0x0, 0xbf, 0xff,
    0xf0, 0xf, 0xff, 0xfc, 0x0, 0x0, 0x0, 0x0,
    0x0, 0xef, 0xff, 0xd0, 0xd, 0xff, 0xff, 0x30,
    0x0, 0x0, 0x0, 0x7, 0xff, 0xff, 0xa0, 0x7,
    0xff, 0xff, 0xd1, 0x0, 0x0, 0x0, 0x4f, 0xff,
    0xff, 0x60, 0x0, 0xef, 0xff, 0xfe, 0x72, 0x0,
    0x3a, 0xff, 0xff, 0xff, 0x10, 0x0, 0x4f, 0xff,
    0xff, 0xff, 0xff, 0xff, 0xff, 0xff, 0xf9, 0x0,
    0x0, 0x5, 0xff, 0xff, 0xff, 0xff, 0xff, 0xff,
    0xff, 0xf1, 0x0, 0x0, 0x0, 0x2a, 0xff, 0xff,
    0xff, 0xff, 0xff, 0xff, 0x70, 0x0, 0x0, 0x0,
    0x0, 0x15, 0x8a, 0xa9, 0x9f, 0xff, 0xfc, 0x0,
    0x0, 0x0, 0x0, 0x0, 0x0, 0x0, 0x2, 0xef,
    0xff, 0xe1, 0x0, 0x0, 0x0, 0x0, 0x0, 0x0,
    0x0, 0x2e, 0xff, 0xff, 0x40, 0x0, 0x0, 0x0,
    0x0, 0x0, 0x0, 0x2, 0xef, 0xff, 0xf6, 0x0,
    0x0, 0x0, 0x0, 0x0, 0x0, 0x0, 0x2e, 0xff,
    0xff, 0x70, 0x0, 0x0, 0x0, 0x0, 0x0, 0x0,
    0x2, 0xef, 0xff, 0xf9, 0x0, 0x0, 0x0, 0x0,
    0x0, 0x0, 0x0, 0x1e, 0xff, 0xff, 0xa0, 0x0,
    0x0, 0x0, 0x0, 0x0, 0x0, 0x1, 0xdf, 0xff,
    0xfc, 0x0, 0x0, 0x0, 0x0, 0x0, 0x0, 0x0,
    0x1d, 0xff, 0xff, 0xd1, 0x0, 0x0, 0x0, 0x0,
    0x0,

    /* U+003A ":" */
    0x3f, 0xff, 0xfe, 0x3f, 0xff, 0xfe, 0x3f, 0xff,
    0xfe, 0x3f, 0xff, 0xfe, 0x3f, 0xff, 0xfe, 0x3,
    0x33, 0x32, 0x0, 0x0, 0x0, 0x0, 0x0, 0x0,
    0x0, 0x0, 0x0, 0x0, 0x0, 0x0, 0x0, 0x0,
    0x0, 0x0, 0x0, 0x0, 0x3, 0x33, 0x32, 0x3f,
    0xff, 0xfe, 0x3f, 0xff, 0xfe, 0x3f, 0xff, 0xfe,
    0x3f, 0xff, 0xfe, 0x3f, 0xff, 0xfe,

    /* U+003B ";" */
    0x3, 0xff, 0xff, 0xe0, 0x3, 0xff, 0xff, 0xe0,
    0x3, 0xff, 0xff, 0xe0, 0x3, 0xff, 0xff, 0xe0,
    0x3, 0xff, 0xff, 0xe0, 0x0, 0x33, 0x33, 0x20,
    0x0, 0x0, 0x0, 0x0, 0x0, 0x0, 0x0, 0x0,
    0x0, 0x0, 0x0, 0x0, 0x0, 0x0, 0x0, 0x0,
    0x0, 0x0, 0x0, 0x0, 0x0, 0x0, 0x0, 0x0,
    0x0, 0x0, 0x0, 0x0, 0x0, 0x8c, 0xcc, 0xc2,
    0x0, 0xef, 0xff, 0xd0, 0x2, 0xff, 0xff, 0x70,
    0x5, 0xff, 0xff, 0x10, 0x9, 0xff, 0xfc, 0x0,
    0xd, 0xff, 0xf6, 0x0, 0xf, 0xff, 0xf0, 0x0,
    0x4f, 0xff, 0xa0, 0x0, 0x8f, 0xff, 0x40, 0x0,
    0xbf, 0xfe, 0x0, 0x0,

    /* U+003C "<" */
    0x0, 0x0, 0x0, 0x0, 0x0, 0x0, 0x10, 0x0,
    0x0, 0x0, 0x0, 0x0, 0x18, 0xf1, 0x0, 0x0,
    0x0, 0x0, 0x18, 0xff, 0xf1, 0x0, 0x0, 0x0,
    0x19, 0xff, 0xff, 0xf1, 0x0, 0x0, 0x19, 0xff,
    0xff, 0xff, 0xc0, 0x0, 0x29, 0xff, 0xff, 0xff,
    0xb3, 0x0, 0x2a, 0xff, 0xff, 0xff, 0x92, 0x0,
    0x0, 0x8f, 0xff, 0xff, 0x81, 0x0, 0x0, 0x0,
    0x8f, 0xff, 0x70, 0x0, 0x0, 0x0, 0x0, 0x8f,
    0xff, 0xd6, 0x0, 0x0, 0x0, 0x0, 0x7f, 0xff,
    0xff, 0xe7, 0x10, 0x0, 0x0, 0x3, 0xbf, 0xff,
    0xff, 0xf9, 0x10, 0x0, 0x0, 0x3, 0xbf, 0xff,
    0xff, 0xfa, 0x30, 0x0, 0x0, 0x3, 0xaf, 0xff,
    0xff, 0xf0, 0x0, 0x0, 0x0, 0x2, 0xaf, 0xff,
    0xf1, 0x0, 0x0, 0x0, 0x0, 0x2, 0xaf, 0xf1,
    0x0, 0x0, 0x0, 0x0, 0x0, 0x2, 0x90,

    /* U+003D "=" */
    0x5f, 0xff, 0xff, 0xff, 0xff, 0xff, 0xff, 0x55,
    0xff, 0xff, 0xff, 0xff, 0xff, 0xff, 0xf5, 0x5f,
    0xff, 0xff, 0xff, 0xff, 0xff, 0xff, 0x50, 0x11,
    0x11, 0x11, 0x11, 0x11, 0x11, 0x10, 0x0, 0x0,
    0x0, 0x0, 0x0, 0x0, 0x0, 0x0, 0x11, 0x11,
    0x11, 0x11, 0x11, 0x11, 0x10, 0x5f, 0xff, 0xff,
    0xff, 0xff, 0xff, 0xff, 0x55, 0xff, 0xff, 0xff,
    0xff, 0xff, 0xff, 0xf5, 0x5f, 0xff, 0xff, 0xff,
    0xff, 0xff, 0xff, 0x50,

    /* U+003E ">" */
    0x0, 0x0, 0x0, 0x0, 0x0, 0x0, 0x0, 0x2e,
    0x70, 0x0, 0x0, 0x0, 0x0, 0x0, 0x2f, 0xfe,
    0x71, 0x0, 0x0, 0x0, 0x0, 0x2f, 0xff, 0xff,
    0x81, 0x0, 0x0, 0x0, 0x1d, 0xff, 0xff, 0xff,
    0x81, 0x0, 0x0, 0x0, 0x4b, 0xff, 0xff, 0xff,
    0x91, 0x0, 0x0, 0x0, 0x3a, 0xff, 0xff, 0xff,
    0x91, 0x0, 0x0, 0x0, 0x29, 0xff, 0xff, 0xf7,
    0x0, 0x0, 0x0, 0x0, 0x18, 0xff, 0xf7, 0x0,
    0x0, 0x0, 0x0, 0x6e, 0xff, 0xf7, 0x0, 0x0,
    0x1, 0x8e, 0xff, 0xff, 0xf6, 0x0, 0x2, 0x9f,
    0xff, 0xff, 0xfb, 0x30, 0x3, 0xbf, 0xff, 0xff,
    0xfa, 0x20, 0x0, 0x2f, 0xff, 0xff, 0xfa, 0x20,
    0x0, 0x0, 0x2f, 0xff, 0xf9, 0x20, 0x0, 0x0,
    0x0, 0x2f, 0xf9, 0x10, 0x0, 0x0, 0x0, 0x0,
    0x28, 0x10, 0x0, 0x0, 0x0, 0x0, 0x0,

    /* U+003F "?" */
    0x0, 0x0, 0x1, 0x7b, 0xef, 0xfe, 0xb7, 0x10,
    0x0, 0x0, 0x0, 0x9, 0xff, 0xff, 0xff, 0xff,
    0xff, 0x60, 0x0, 0x0, 0x1c, 0xff, 0xff, 0xff,
    0xff, 0xff, 0xff, 0x80, 0x0, 0xb, 0xff, 0xff,
    0xff, 0xff, 0xff, 0xff, 0xff, 0x50, 0x5, 0xff,
    0xff, 0xf9, 0x31, 0x36, 0xef, 0xff, 0xfd, 0x0,
    0xdf, 0xff, 0xf4, 0x0, 0x0, 0x1, 0xef, 0xff,
    0xf1, 0x1f, 0xff, 0xf9, 0x0, 0x0, 0x0, 0x8,
    0xff, 0xff, 0x35, 0xff, 0xff, 0x30, 0x0, 0x0,
    0x0, 0x7f, 0xff, 0xf4, 0x7f, 0xff, 0xf0, 0x0,
    0x0, 0x0, 0xa, 0xff, 0xff, 0x21, 0x33, 0x33,
    0x0, 0x0, 0x0, 0x2, 0xff, 0xff, 0xe0, 0x0,
    0x0, 0x0, 0x0, 0x0, 0x2, 0xef, 0xff, 0xf9,
    0x0, 0x0, 0x0, 0x0, 0x0, 0x5, 0xff, 0xff,
    0xfe, 0x10, 0x0, 0x0, 0x0, 0x0, 0x9, 0xff,
    0xff, 0xfe, 0x30, 0x0, 0x0, 0x0, 0x0, 0x1c,
    0xff, 0xff, 0xfd, 0x20, 0x0, 0x0, 0x0, 0x0,
    0xc, 0xff, 0xff, 0xfa, 0x0, 0x0, 0x0, 0x0,
    0x0, 0x1, 0xff, 0xff, 0xf5, 0x0, 0x0, 0x0,
    0x0, 0x0, 0x0, 0x1f, 0xff, 0xf7, 0x0, 0x0,
    0x0, 0x0, 0x0, 0x0, 0x0, 0xff, 0xff, 0x20,
    0x0, 0x0, 0x0, 0x0, 0x0, 0x0, 0xd, 0xff,
    0xf0, 0x0, 0x0, 0x0, 0x0, 0x0, 0x0, 0x0,
    0x8c, 0xc9, 0x0, 0x0, 0x0, 0x0, 0x0, 0x0,
    0x0, 0x0, 0x0, 0x0, 0x0, 0x0, 0x0, 0x0,
    0x0, 0x0, 0x0, 0x0, 0x0, 0x0, 0x0, 0x0,
    0x0, 0x0, 0x0, 0x0, 0x5b, 0xbb, 0xb6, 0x0,
    0x0, 0x0, 0x0, 0x0, 0x0, 0x7, 0xff, 0xff,
    0x90, 0x0, 0x0, 0x0, 0x0, 0x0, 0x0, 0x7f,
    0xff, 0xf9, 0x0, 0x0, 0x0, 0x0, 0x0, 0x0,
    0x7, 0xff, 0xff, 0x90, 0x0, 0x0, 0x0, 0x0,
    0x0, 0x0, 0x7f, 0xff, 0xf9, 0x0, 0x0, 0x0,
    0x0,

    /* U+0040 "@" */
    0x0, 0x0, 0x0, 0x0, 0x0, 0x0, 0x0, 0x4,
    0x67, 0x87, 0x64, 0x10, 0x0, 0x0, 0x0, 0x0,
    0x0, 0x0, 0x0, 0x0, 0x0, 0x0, 0x17, 0xcf,
    0xff, 0xff, 0xff, 0xff, 0xd8, 0x20, 0x0, 0x0,
    0x0, 0x0, 0x0, 0x0, 0x0, 0x2, 0xaf, 0xfc,
    0x84, 0x20, 0x1, 0x24, 0x8c, 0xff, 0xa1, 0x0,
    0x0, 0x0, 0x0, 0x0, 0x0, 0x7, 0xff, 0x92,
    0x0, 0x0, 0x0, 0x0, 0x0, 0x2, 0x9f, 0xe4,
    0x0, 0x0, 0x0, 0x0, 0x0, 0x1c, 0xfb, 0x10,
    0x0, 0x0, 0x0, 0x0, 0x0, 0x0, 0x0, 0x4e,
    0xf4, 0x0, 0x0, 0x0, 0x0, 0x1d, 0xf6, 0x0,
    0x0, 0x0, 0x0, 0x0, 0x0, 0x0, 0x0, 0x0,
    0x2e, 0xf3, 0x0, 0x0, 0x0, 0x1d, 0xf4, 0x0,
    0x0, 0x0, 0x0, 0x0, 0x0, 0x0, 0x0, 0x0,
    0x0, 0x3f, 0xc0, 0x0, 0x0, 0xb, 0xf5, 0x0,
    0x0, 0x0, 0x0, 0x0, 0x0, 0x0, 0x0, 0x0,
    0x0, 0x0, 0x8f, 0x50, 0x0, 0x7, 0xf7, 0x0,
    0x0, 0x0, 0x0, 0x25, 0x76, 0x30, 0x0, 0x0,
    0x0, 0x0, 0x1, 0xfc, 0x0, 0x2, 0xfc, 0x0,
    0x0, 0x0, 0x3, 0xcf, 0xff, 0xff, 0xd3, 0x2f,
    0xff, 0x70, 0x0, 0xb, 0xf1, 0x0, 0x9f, 0x30,
    0x0, 0x0, 0x7, 0xff, 0xff, 0xff, 0xff, 0xfa,
    0xff, 0xf3, 0x0, 0x0, 0x7f, 0x40, 0x1f, 0xb0,
    0x0, 0x0, 0x8, 0xff, 0xff, 0xeb, 0xcf, 0xff,
    0xff, 0xfe, 0x0, 0x0, 0x5, 0xf6, 0x7, 0xf5,
    0x0, 0x0, 0x4, 0xff, 0xff, 0x60, 0x0, 0x3e,
    0xff, 0xff, 0x90, 0x0, 0x0, 0x3f, 0x70, 0xbf,
    0x0, 0x0, 0x0, 0xdf, 0xff, 0x50, 0x0, 0x0,
    0x4f, 0xff, 0xf5, 0x0, 0x0, 0x3, 0xf7, 0xf,
    0xb0, 0x0, 0x0, 0x4f, 0xff, 0xa0, 0x0, 0x0,
    0x0, 0xff, 0xff, 0x0, 0x0, 0x0, 0x4f, 0x62,
    0xf8, 0x0, 0x0, 0x9, 0xff, 0xf4, 0x0, 0x0,
    0x0, 0xf, 0xff, 0xb0, 0x0, 0x0, 0x7, 0xf4,
    0x4f, 0x60, 0x0, 0x0, 0xcf, 0xff, 0x0, 0x0,
    0x0, 0x2, 0xff, 0xf7, 0x0, 0x0, 0x0, 0xbf,
    0x5, 0xf5, 0x0, 0x0, 0xd, 0xff, 0xf0, 0x0,
    0x0, 0x0, 0x7f, 0xff, 0x20, 0x0, 0x0, 0x1f,
    0xb0, 0x5f, 0x50, 0x0, 0x0, 0xcf, 0xff, 0x10,
    0x0, 0x0, 0x1e, 0xff, 0xe0, 0x0, 0x0, 0x9,
    0xf5, 0x4, 0xf6, 0x0, 0x0, 0xa, 0xff, 0xf8,
    0x0, 0x0, 0xc, 0xff, 0xfb, 0x0, 0x0, 0x3,
    0xfc, 0x0, 0x3f, 0x80, 0x0, 0x0, 0x5f, 0xff,
    0xf8, 0x33, 0x6e, 0xff, 0xff, 0xb0, 0x0, 0x2,
    0xef, 0x20, 0x0, 0xfb, 0x0, 0x0, 0x0, 0xdf,
    0xff, 0xff, 0xff, 0xff, 0xff, 0xff, 0x50, 0x17,
    0xff, 0x40, 0x0, 0xc, 0xf0, 0x0, 0x0, 0x2,
    0xef, 0xff, 0xff, 0xff, 0xa3, 0xff, 0xff, 0xff,
    0xfe, 0x40, 0x0, 0x0, 0x7f, 0x50, 0x0, 0x0,
    0x1, 0x8d, 0xff, 0xd9, 0x30, 0x2, 0xae, 0xfe,
    0xc6, 0x0, 0x0, 0x0, 0x1, 0xfd, 0x0, 0x0,
    0x0, 0x0, 0x0, 0x0, 0x0, 0x0, 0x0, 0x0,
    0x0, 0x0, 0x0, 0x0, 0x0, 0x8, 0xf7, 0x0,
    0x0, 0x0, 0x0, 0x0, 0x0, 0x0, 0x0, 0x0,
    0x0, 0x0, 0x0, 0x0, 0x0, 0x0, 0xc, 0xf4,
    0x0, 0x0, 0x0, 0x0, 0x0, 0x0, 0x0, 0x0,
    0x0, 0x0, 0x0, 0x0, 0x0, 0x0, 0x0, 0x1e,
    0xf6, 0x0, 0x0, 0x0, 0x0, 0x0, 0x0, 0x0,
    0x0, 0x0, 0x0, 0x0, 0x0, 0x0, 0x0, 0x0,
    0x2d, 0xfa, 0x20, 0x0, 0x0, 0x0, 0x0, 0x0,
    0x49, 0x0, 0x0, 0x0, 0x0, 0x0, 0x0, 0x0,
    0x0, 0x9, 0xff, 0xb7, 0x31, 0x0, 0x12, 0x59,
    0xef, 0xd2, 0x0, 0x0, 0x0, 0x0, 0x0, 0x0,
    0x0, 0x0, 0x2, 0x9e, 0xff, 0xff, 0xff, 0xff,
    0xfa, 0x50, 0x0, 0x0, 0x0, 0x0, 0x0, 0x0,
    0x0, 0x0, 0x0, 0x0, 0x2, 0x56, 0x88, 0x75,
    0x30, 0x0, 0x0, 0x0, 0x0, 0x0, 0x0, 0x0,

    /* U+0041 "A" */
    0x0, 0x0, 0x0, 0x0, 0x0, 0xd, 0xff, 0xff,
    0x80, 0x0, 0x0, 0x0, 0x0, 0x0, 0x0, 0x0,
    0x0, 0x0, 0x0, 0x4f, 0xff, 0xff, 0xe0, 0x0,
    0x0, 0x0, 0x0, 0x0, 0x0, 0x0, 0x0, 0x0,
    0x0, 0xbf, 0xff, 0xff, 0xf6, 0x0, 0x0, 0x0,
    0x0, 0x0, 0x0, 0x0, 0x0, 0x0, 0x2, 0xff,
    0xff, 0xff, 0xfd, 0x0, 0x0, 0x0, 0x0, 0x0,
    0x0, 0x0, 0x0, 0x0, 0x8, 0xff, 0xff, 0xff,
    0xff, 0x30, 0x0, 0x0, 0x0, 0x0, 0x0, 0x0,
    0x0, 0x0, 0xe, 0xff, 0xf7, 0xdf, 0xff, 0xa0,
    0x0, 0x0, 0x0, 0x0, 0x0, 0x0, 0x0, 0x0,
    0x6f, 0xff, 0xf1, 0x7f, 0xff, 0xf1, 0x0, 0x0,
    0x0, 0x0, 0x0, 0x0, 0x0, 0x0, 0xdf, 0xff,
    0xa0, 0x1f, 0xff, 0xf8, 0x0, 0x0, 0x0, 0x0,
    0x0, 0x0, 0x0, 0x4, 0xff, 0xff, 0x30, 0xa,
    0xff, 0xfe, 0x0, 0x0, 0x0, 0x0, 0x0, 0x0,
    0x0, 0xb, 0xff, 0xfc, 0x0, 0x3, 0xff, 0xff,
    0x60, 0x0, 0x0, 0x0, 0x0, 0x0, 0x0, 0x2f,
    0xff, 0xf6, 0x0, 0x0, 0xcf, 0xff, 0xd0, 0x0,
    0x0, 0x0, 0x0, 0x0, 0x0, 0x8f, 0xff, 0xe0,
    0x0, 0x0, 0x6f, 0xff, 0xf4, 0x0, 0x0, 0x0,
    0x0, 0x0, 0x0, 0xef, 0xff, 0x80, 0x0, 0x0,
    0xe, 0xff, 0xfa, 0x0, 0x0, 0x0, 0x0, 0x0,
    0x6, 0xff, 0xff, 0x20, 0x0, 0x0, 0x9, 0xff,
    0xff, 0x10, 0x0, 0x0, 0x0, 0x0, 0xd, 0xff,
    0xfb, 0x0, 0x0, 0x0, 0x2, 0xff, 0xff, 0x80,
    0x0, 0x0, 0x0, 0x0, 0x4f, 0xff, 0xff, 0xff,
    0xff, 0xff, 0xff, 0xff, 0xff, 0xe0, 0x0, 0x0,
    0x0, 0x0, 0xbf, 0xff, 0xff, 0xff, 0xff, 0xff,
    0xff, 0xff, 0xff, 0xf6, 0x0, 0x0, 0x0, 0x2,
    0xff, 0xff, 0xff, 0xff, 0xff, 0xff, 0xff, 0xff,
    0xff, 0xfd, 0x0, 0x0, 0x0, 0x9, 0xff, 0xff,
    0xff, 0xff, 0xff, 0xff, 0xff, 0xff, 0xff, 0xff,
    0x40, 0x0, 0x0, 0xf, 0xff, 0xfa, 0x11, 0x11,
    0x11, 0x11, 0x11, 0x12, 0xff, 0xff, 0xb0, 0x0,
    0x0, 0x6f, 0xff, 0xf4, 0x0, 0x0, 0x0, 0x0,
    0x0, 0x0, 0xaf, 0xff, 0xf2, 0x0, 0x0, 0xdf,
    0xff, 0xd0, 0x0, 0x0, 0x0, 0x0, 0x0, 0x0,
    0x4f, 0xff, 0xf8, 0x0, 0x4, 0xff, 0xff, 0x70,
    0x0, 0x0, 0x0, 0x0, 0x0, 0x0, 0xe, 0xff,
    0xfe, 0x0, 0xb, 0xff, 0xff, 0x10, 0x0, 0x0,
    0x0, 0x0, 0x0, 0x0, 0x7, 0xff, 0xff, 0x60,
    0x2f, 0xff, 0xfb, 0x0, 0x0, 0x0, 0x0, 0x0,
    0x0, 0x0, 0x1, 0xff, 0xff, 0xd0, 0x9f, 0xff,
    0xf4, 0x0, 0x0, 0x0, 0x0, 0x0, 0x0, 0x0,
    0x0, 0xbf, 0xff, 0xf4,

    /* U+0042 "B" */
    0xef, 0xff, 0xff, 0xff, 0xff, 0xff, 0xfe, 0xda,
    0x61, 0x0, 0x0, 0xe, 0xff, 0xff, 0xff, 0xff,
    0xff, 0xff, 0xff, 0xff, 0xf8, 0x0, 0x0, 0xef,
    0xff, 0xff, 0xff, 0xff, 0xff, 0xff, 0xff, 0xff,
    0xfc, 0x0, 0xe, 0xff, 0xff, 0xff, 0xff, 0xff,
    0xff, 0xff, 0xff, 0xff, 0xf9, 0x0, 0xef, 0xff,
    0xd2, 0x22, 0x22, 0x22, 0x23, 0x7d, 0xff, 0xff,
    0xf1, 0xe, 0xff, 0xfd, 0x0, 0x0, 0x0, 0x0,
    0x0, 0xc, 0xff, 0xff, 0x60, 0xef, 0xff, 0xd0,
    0x0, 0x0, 0x0, 0x0, 0x0, 0x4f, 0xff, 0xf7,
    0xe, 0xff, 0xfd, 0x0, 0x0, 0x0, 0x0, 0x0,
    0x3, 0xff, 0xff, 0x70, 0xef, 0xff, 0xd0, 0x0,
    0x0, 0x0, 0x0, 0x0, 0x6f, 0xff, 0xf5, 0xe,
    0xff, 0xfd, 0x0, 0x0, 0x0, 0x0, 0x0, 0x1e,
    0xff, 0xff, 0x0, 0xef, 0xff, 0xd2, 0x22, 0x22,
    0x22, 0x24, 0x8f, 0xff, 0xff, 0x60, 0xe, 0xff,
    0xff, 0xff, 0xff, 0xff, 0xff, 0xff, 0xff, 0xff,
    0x60, 0x0, 0xef, 0xff, 0xff, 0xff, 0xff, 0xff,
    0xff, 0xff, 0xfd, 0x20, 0x0, 0xe, 0xff, 0xff,
    0xff, 0xff, 0xff, 0xff, 0xff, 0xff, 0xfe, 0x50,
    0x0, 0xef, 0xff, 0xff, 0xff, 0xff, 0xff, 0xff,
    0xff, 0xff, 0xff, 0x90, 0xe, 0xff, 0xfd, 0x0,
    0x0, 0x0, 0x0, 0x2, 0x7f, 0xff, 0xff, 0x50,
    0xef, 0xff, 0xd0, 0x0, 0x0, 0x0, 0x0, 0x0,
    0x3f, 0xff, 0xfc, 0xe, 0xff, 0xfd, 0x0, 0x0,
    0x0, 0x0, 0x0, 0x0, 0xbf, 0xff, 0xf0, 0xef,
    0xff, 0xd0, 0x0, 0x0, 0x0, 0x0, 0x0, 0x9,
    0xff, 0xff, 0x1e, 0xff, 0xfd, 0x0, 0x0, 0x0,
    0x0, 0x0, 0x0, 0xcf, 0xff, 0xf0, 0xef, 0xff,
    0xd0, 0x0, 0x0, 0x0, 0x0, 0x0, 0x5f, 0xff,
    0xfe, 0xe, 0xff, 0xfd, 0x11, 0x11, 0x11, 0x11,
    0x25, 0xaf, 0xff, 0xff, 0x90, 0xef, 0xff, 0xff,
    0xff, 0xff, 0xff, 0xff, 0xff, 0xff, 0xff, 0xe1,
    0xe, 0xff, 0xff, 0xff, 0xff, 0xff, 0xff, 0xff,
    0xff, 0xff, 0xe3, 0x0, 0xef, 0xff, 0xff, 0xff,
    0xff, 0xff, 0xff, 0xff, 0xff, 0xa1, 0x0, 0xe,
    0xff, 0xff, 0xff, 0xff, 0xff, 0xff, 0xfd, 0xb7,
    0x20, 0x0, 0x0,

    /* U+0043 "C" */
    0x0, 0x0, 0x0, 0x0, 0x5, 0x9c, 0xef, 0xfe,
    0xb7, 0x20, 0x0, 0x0, 0x0, 0x0, 0x0, 0x0,
    0x8f, 0xff, 0xff, 0xff, 0xff, 0xff, 0xa2, 0x0,
    0x0, 0x0, 0x0, 0x4, 0xef, 0xff, 0xff, 0xff,
    0xff, 0xff, 0xff, 0xf5, 0x0, 0x0, 0x0, 0x6,
    0xff, 0xff, 0xff, 0xff, 0xff, 0xff, 0xff, 0xff,
    0xf7, 0x0, 0x0, 0x6, 0xff, 0xff, 0xff, 0xc7,
    0x43, 0x36, 0xbf, 0xff, 0xff, 0xf4, 0x0, 0x3,
    0xff, 0xff, 0xfd, 0x40, 0x0, 0x0, 0x0, 0x2c,
    0xff, 0xff, 0xe1, 0x0, 0xdf, 0xff, 0xfc, 0x10,
    0x0, 0x0, 0x0, 0x0, 0xc, 0xff, 0xff, 0x60,
    0x6f, 0xff, 0xfd, 0x0, 0x0, 0x0, 0x0, 0x0,
    0x0, 0x1e, 0xfe, 0x50, 0xe, 0xff, 0xff, 0x30,
    0x0, 0x0, 0x0, 0x0, 0x0, 0x0, 0x49, 0x10,
    0x3, 0xff, 0xff, 0xc0, 0x0, 0x0, 0x0, 0x0,
    0x0, 0x0, 0x0, 0x0, 0x0, 0x7f, 0xff, 0xf6,
    0x0, 0x0, 0x0, 0x0, 0x0, 0x0, 0x0, 0x0,
    0x0, 0xa, 0xff, 0xff, 0x20, 0x0, 0x0, 0x0,
    0x0, 0x0, 0x0, 0x0, 0x0, 0x0, 0xcf, 0xff,
    0xf0, 0x0, 0x0, 0x0, 0x0, 0x0, 0x0, 0x0,
    0x0, 0x0, 0xd, 0xff, 0xff, 0x0, 0x0, 0x0,
    0x0, 0x0, 0x0, 0x0, 0x0, 0x0, 0x0, 0xcf,
    0xff, 0xf0, 0x0, 0x0, 0x0, 0x0, 0x0, 0x0,
    0x0, 0x0, 0x0, 0xb, 0xff, 0xff, 0x10, 0x0,
    0x0, 0x0, 0x0, 0x0, 0x0, 0x0, 0x0, 0x0,
    0xaf, 0xff, 0xf4, 0x0, 0x0, 0x0, 0x0, 0x0,
    0x0, 0x0, 0x0, 0x0, 0x6, 0xff, 0xff, 0x90,
    0x0, 0x0, 0x0, 0x0, 0x0, 0x0, 0x0, 0x0,
    0x0, 0x2f, 0xff, 0xff, 0x10, 0x0, 0x0, 0x0,
    0x0, 0x0, 0x0, 0x2, 0x0, 0x0, 0xcf, 0xff,
    0xf9, 0x0, 0x0, 0x0, 0x0, 0x0, 0x0, 0x6,
    0xf9, 0x10, 0x4, 0xff, 0xff, 0xf5, 0x0, 0x0,
    0x0, 0x0, 0x0, 0x3, 0xff, 0xfe, 0x50, 0xc,
    0xff, 0xff, 0xf6, 0x0, 0x0, 0x0, 0x0, 0x4,
    0xff, 0xff, 0xf4, 0x0, 0x1e, 0xff, 0xff, 0xfb,
    0x40, 0x0, 0x0, 0x3a, 0xff, 0xff, 0xf9, 0x0,
    0x0, 0x4f, 0xff, 0xff, 0xff, 0xec, 0xbc, 0xef,
    0xff, 0xff, 0xfc, 0x0, 0x0, 0x0, 0x3e, 0xff,
    0xff, 0xff, 0xff, 0xff, 0xff, 0xff, 0xfb, 0x0,
    0x0, 0x0, 0x0, 0x1a, 0xff, 0xff, 0xff, 0xff,
    0xff, 0xff, 0xf6, 0x0, 0x0, 0x0, 0x0, 0x0,
    0x3, 0xae, 0xff, 0xff, 0xff, 0xfd, 0x81, 0x0,
    0x0, 0x0, 0x0, 0x0, 0x0, 0x0, 0x3, 0x56,
    0x76, 0x52, 0x0, 0x0, 0x0, 0x0,

    /* U+0044 "D" */
    0xef, 0xff, 0xff, 0xff, 0xff, 0xfe, 0xda, 0x73,
    0x0, 0x0, 0x0, 0x0, 0xe, 0xff, 0xff, 0xff,
    0xff, 0xff, 0xff, 0xff, 0xfc, 0x50, 0x0, 0x0,
    0x0, 0xef, 0xff, 0xff, 0xff, 0xff, 0xff, 0xff,
    0xff, 0xff, 0xc1, 0x0, 0x0, 0xe, 0xff, 0xff,
    0xff, 0xff, 0xff, 0xff, 0xff, 0xff, 0xff, 0xe4,
    0x0, 0x0, 0xef, 0xff, 0xd3, 0x33, 0x33, 0x45,
    0x8c, 0xff, 0xff, 0xff, 0xf2, 0x0, 0xe, 0xff,
    0xfd, 0x0, 0x0, 0x0, 0x0, 0x2, 0xbf, 0xff,
    0xff, 0xe0, 0x0, 0xef, 0xff, 0xd0, 0x0, 0x0,
    0x0, 0x0, 0x0, 0x7f, 0xff, 0xff, 0x80, 0xe,
    0xff, 0xfd, 0x0, 0x0, 0x0, 0x0, 0x0, 0x0,
    0x8f, 0xff, 0xff, 0x10, 0xef, 0xff, 0xd0, 0x0,
    0x0, 0x0, 0x0, 0x0, 0x0, 0xdf, 0xff, 0xf6,
    0xe, 0xff, 0xfd, 0x0, 0x0, 0x0, 0x0, 0x0,
    0x0, 0x5, 0xff, 0xff, 0xb0, 0xef, 0xff, 0xd0,
    0x0, 0x0, 0x0, 0x0, 0x0, 0x0, 0xf, 0xff,
    0xfe, 0xe, 0xff, 0xfd, 0x0, 0x0, 0x0, 0x0,
    0x0, 0x0, 0x0, 0xdf, 0xff, 0xf0, 0xef, 0xff,
    0xd0, 0x0, 0x0, 0x0, 0x0, 0x0, 0x0, 0xb,
    0xff, 0xff, 0x1e, 0xff, 0xfd, 0x0, 0x0, 0x0,
    0x0, 0x0, 0x0, 0x0, 0xbf, 0xff, 0xf1, 0xef,
    0xff, 0xd0, 0x0, 0x0, 0x0, 0x0, 0x0, 0x0,
    0xd, 0xff, 0xff, 0xe, 0xff, 0xfd, 0x0, 0x0,
    0x0, 0x0, 0x0, 0x0, 0x0, 0xff, 0xff, 0xe0,
    0xef, 0xff, 0xd0, 0x0, 0x0, 0x0, 0x0, 0x0,
    0x0, 0x5f, 0xff, 0xfa, 0xe, 0xff, 0xfd, 0x0,
    0x0, 0x0, 0x0, 0x0, 0x0, 0xc, 0xff, 0xff,
    0x50, 0xef, 0xff, 0xd0, 0x0, 0x0, 0x0, 0x0,
    0x0, 0x7, 0xff, 0xff, 0xe0, 0xe, 0xff, 0xfd,
    0x0, 0x0, 0x0, 0x0, 0x0, 0x6, 0xff, 0xff,
    0xf6, 0x0, 0xef, 0xff, 0xd0, 0x0, 0x0, 0x0,
    0x0, 0x2a, 0xff, 0xff, 0xfc, 0x0, 0xe, 0xff,
    0xfd, 0x33, 0x33, 0x33, 0x57, 0xbf, 0xff, 0xff,
    0xfe, 0x10, 0x0, 0xef, 0xff, 0xff, 0xff, 0xff,
    0xff, 0xff, 0xff, 0xff, 0xfd, 0x20, 0x0, 0xe,
    0xff, 0xff, 0xff, 0xff, 0xff, 0xff, 0xff, 0xff,
    0xfa, 0x0, 0x0, 0x0, 0xef, 0xff, 0xff, 0xff,
    0xff, 0xff, 0xff, 0xff, 0xb4, 0x0, 0x0, 0x0,
    0xe, 0xff, 0xff, 0xff, 0xff, 0xff, 0xed, 0xa6,
    0x20, 0x0, 0x0, 0x0, 0x0,

    /* U+0045 "E" */
    0xef, 0xff, 0xff, 0xff, 0xff, 0xff, 0xff, 0xff,
    0xff, 0xf8, 0xef, 0xff, 0xff, 0xff, 0xff, 0xff,
    0xff, 0xff, 0xff, 0xf8, 0xef, 0xff, 0xff, 0xff,
    0xff, 0xff, 0xff, 0xff, 0xff, 0xf8, 0xef, 0xff,
    0xff, 0xff, 0xff, 0xff, 0xff, 0xff, 0xff, 0xf8,
    0xef, 0xff, 0xd2, 0x22, 0x22, 0x22, 0x22, 0x22,
    0x22, 0x21, 0xef, 0xff, 0xd0, 0x0, 0x0, 0x0,
    0x0, 0x0, 0x0, 0x0, 0xef, 0xff, 0xd0, 0x0,
    0x0, 0x0, 0x0, 0x0, 0x0, 0x0, 0xef, 0xff,
    0xd0, 0x0, 0x0, 0x0, 0x0, 0x0, 0x0, 0x0,
    0xef, 0xff, 0xd0, 0x0, 0x0, 0x0, 0x0, 0x0,
    0x0, 0x0, 0xef, 0xff, 0xd0, 0x0, 0x0, 0x0,
    0x0, 0x0, 0x0, 0x0, 0xef, 0xff, 0xd2, 0x22,
    0x22, 0x22, 0x22, 0x22, 0x22, 0x0, 0xef, 0xff,
    0xff, 0xff, 0xff, 0xff, 0xff, 0xff, 0xff, 0x70,
    0xef, 0xff, 0xff, 0xff, 0xff, 0xff, 0xff, 0xff,
    0xff, 0x70, 0xef, 0xff, 0xff, 0xff, 0xff, 0xff,
    0xff, 0xff, 0xff, 0x70, 0xef, 0xff, 0xff, 0xff,
    0xff, 0xff, 0xff, 0xff, 0xff, 0x70, 0xef, 0xff,
    0xd0, 0x0, 0x0, 0x0, 0x0, 0x0, 0x0, 0x0,
    0xef, 0xff, 0xd0, 0x0, 0x0, 0x0, 0x0, 0x0,
    0x0, 0x0, 0xef, 0xff, 0xd0, 0x0, 0x0, 0x0,
    0x0, 0x0, 0x0, 0x0, 0xef, 0xff, 0xd0, 0x0,
    0x0, 0x0, 0x0, 0x0, 0x0, 0x0, 0xef, 0xff,
    0xd0, 0x0, 0x0, 0x0, 0x0, 0x0, 0x0, 0x0,
    0xef, 0xff, 0xd0, 0x0, 0x0, 0x0, 0x0, 0x0,
    0x0, 0x0, 0xef, 0xff, 0xd1, 0x11, 0x11, 0x11,
    0x11, 0x11, 0x11, 0x10, 0xef, 0xff, 0xff, 0xff,
    0xff, 0xff, 0xff, 0xff, 0xff, 0xf8, 0xef, 0xff,
    0xff, 0xff, 0xff, 0xff, 0xff, 0xff, 0xff, 0xf8,
    0xef, 0xff, 0xff, 0xff, 0xff, 0xff, 0xff, 0xff,
    0xff, 0xf8, 0xef, 0xff, 0xff, 0xff, 0xff, 0xff,
    0xff, 0xff, 0xff, 0xf8,

    /* U+0046 "F" */
    0xef, 0xff, 0xff, 0xff, 0xff, 0xff, 0xff, 0xff,
    0xff, 0xf3, 0xef, 0xff, 0xff, 0xff, 0xff, 0xff,
    0xff, 0xff, 0xff, 0xf3, 0xef, 0xff, 0xff, 0xff,
    0xff, 0xff, 0xff, 0xff, 0xff, 0xf3, 0xef, 0xff,
    0xff, 0xff, 0xff, 0xff, 0xff, 0xff, 0xff, 0xf3,
    0xef, 0xff, 0xd2, 0x22, 0x22, 0x22, 0x22, 0x22,
    0x22, 0x20, 0xef, 0xff, 0xd0, 0x0, 0x0, 0x0,
    0x0, 0x0, 0x0, 0x0, 0xef, 0xff, 0xd0, 0x0,
    0x0, 0x0, 0x0, 0x0, 0x0, 0x0, 0xef, 0xff,
    0xd0, 0x0, 0x0, 0x0, 0x0, 0x0, 0x0, 0x0,
    0xef, 0xff, 0xd0, 0x0, 0x0, 0x0, 0x0, 0x0,
    0x0, 0x0, 0xef, 0xff, 0xd0, 0x0, 0x0, 0x0,
    0x0, 0x0, 0x0, 0x0, 0xef, 0xff, 0xd0, 0x0,
    0x0, 0x0, 0x0, 0x0, 0x0, 0x0, 0xef, 0xff,
    0xff, 0xff, 0xff, 0xff, 0xff, 0xff, 0xff, 0x20,
    0xef, 0xff, 0xff, 0xff, 0xff, 0xff, 0xff, 0xff,
    0xff, 0x20, 0xef, 0xff, 0xff, 0xff, 0xff, 0xff,
    0xff, 0xff, 0xff, 0x20, 0xef, 0xff, 0xff, 0xff,
    0xff, 0xff, 0xff, 0xff, 0xff, 0x20, 0xef, 0xff,
    0xd1, 0x11, 0x11, 0x11, 0x11, 0x11, 0x11, 0x0,
    0xef, 0xff, 0xd0, 0x0, 0x0, 0x0, 0x0, 0x0,
    0x0, 0x0, 0xef, 0xff, 0xd0, 0x0, 0x0, 0x0,
    0x0, 0x0, 0x0, 0x0, 0xef, 0xff, 0xd0, 0x0,
    0x0, 0x0, 0x0, 0x0, 0x0, 0x0, 0xef, 0xff,
    0xd0, 0x0, 0x0, 0x0, 0x0, 0x0, 0x0, 0x0,
    0xef, 0xff, 0xd0, 0x0, 0x0, 0x0, 0x0, 0x0,
    0x0, 0x0, 0xef, 0xff, 0xd0, 0x0, 0x0, 0x0,
    0x0, 0x0, 0x0, 0x0, 0xef, 0xff, 0xd0, 0x0,
    0x0, 0x0, 0x0, 0x0, 0x0, 0x0, 0xef, 0xff,
    0xd0, 0x0, 0x0, 0x0, 0x0, 0x0, 0x0, 0x0,
    0xef, 0xff, 0xd0, 0x0, 0x0, 0x0, 0x0, 0x0,
    0x0, 0x0, 0xef, 0xff, 0xd0, 0x0, 0x0, 0x0,
    0x0, 0x0, 0x0, 0x0,

    /* U+0047 "G" */
    0x0, 0x0, 0x0, 0x0, 0x4, 0x9c, 0xdf, 0xfe,
    0xc8, 0x30, 0x0, 0x0, 0x0, 0x0, 0x0, 0x0,
    0x0, 0x7e, 0xff, 0xff, 0xff, 0xff, 0xff, 0xd5,
    0x0, 0x0, 0x0, 0x0, 0x0, 0x3, 0xef, 0xff,
    0xff, 0xff, 0xff, 0xff, 0xff, 0xfb, 0x10, 0x0,
    0x0, 0x0, 0x6, 0xff, 0xff, 0xff, 0xff, 0xff,
    0xff, 0xff, 0xff, 0xfe, 0x20, 0x0, 0x0, 0x5,
    0xff, 0xff, 0xff, 0xd8, 0x43, 0x34, 0x8e, 0xff,
    0xff, 0xfd, 0x10, 0x0, 0x3, 0xff, 0xff, 0xfe,
    0x50, 0x0, 0x0, 0x0, 0x7, 0xff, 0xff, 0xfa,
    0x0, 0x0, 0xdf, 0xff, 0xfd, 0x10, 0x0, 0x0,
    0x0, 0x0, 0x3, 0xff, 0xff, 0x50, 0x0, 0x6f,
    0xff, 0xfe, 0x10, 0x0, 0x0, 0x0, 0x0, 0x0,
    0x4, 0xfe, 0x30, 0x0, 0xe, 0xff, 0xff, 0x50,
    0x0, 0x0, 0x0, 0x0, 0x0, 0x0, 0x6, 0x10,
    0x0, 0x3, 0xff, 0xff, 0xc0, 0x0, 0x0, 0x0,
    0x0, 0x0, 0x0, 0x0, 0x0, 0x0, 0x0, 0x7f,
    0xff, 0xf6, 0x0, 0x0, 0x0, 0x0, 0x0, 0x0,
    0x0, 0x0, 0x0, 0x0, 0xa, 0xff, 0xff, 0x20,
    0x0, 0x0, 0x0, 0x0, 0x0, 0x0, 0x0, 0x0,
    0x0, 0x0, 0xbf, 0xff, 0xf0, 0x0, 0x0, 0x0,
    0x0, 0x0, 0x0, 0x0, 0x0, 0x0, 0x0, 0xd,
    0xff, 0xff, 0x0, 0x0, 0x0, 0x1, 0xff, 0xff,
    0xff, 0xff, 0xff, 0xff, 0xf4, 0xcf, 0xff, 0xf0,
    0x0, 0x0, 0x0, 0x1f, 0xff, 0xff, 0xff, 0xff,
    0xff, 0xff, 0x5b, 0xff, 0xff, 0x10, 0x0, 0x0,
    0x1, 0xff, 0xff, 0xff, 0xff, 0xff, 0xff, 0xf5,
    0x9f, 0xff, 0xf4, 0x0, 0x0, 0x0, 0x1f, 0xff,
    0xff, 0xff, 0xff, 0xff, 0xff, 0x36, 0xff, 0xff,
    0x80, 0x0, 0x0, 0x0, 0x0, 0x0, 0x0, 0x0,
    0x6f, 0xff, 0xf2, 0x1f, 0xff, 0xff, 0x10, 0x0,
    0x0, 0x0, 0x0, 0x0, 0x0, 0xa, 0xff, 0xfe,
    0x0, 0xcf, 0xff, 0xf9, 0x0, 0x0, 0x0, 0x0,
    0x0, 0x0, 0x1, 0xff, 0xff, 0xa0, 0x4, 0xff,
    0xff, 0xf5, 0x0, 0x0, 0x0, 0x0, 0x0, 0x0,
    0xbf, 0xff, 0xf4, 0x0, 0xb, 0xff, 0xff, 0xf6,
    0x0, 0x0, 0x0, 0x0, 0x0, 0x9f, 0xff, 0xfb,
    0x0, 0x0, 0x1e, 0xff, 0xff, 0xfc, 0x40, 0x0,
    0x0, 0x5, 0xdf, 0xff, 0xff, 0x20, 0x0, 0x0,
    0x3f, 0xff, 0xff, 0xff, 0xec, 0xab, 0xcf, 0xff,
    0xff, 0xff, 0x50, 0x0, 0x0, 0x0, 0x2d, 0xff,
    0xff, 0xff, 0xff, 0xff, 0xff, 0xff, 0xff, 0x50,
    0x0, 0x0, 0x0, 0x0, 0x19, 0xff, 0xff, 0xff,
    0xff, 0xff, 0xff, 0xfc, 0x20, 0x0, 0x0, 0x0,
    0x0, 0x0, 0x2, 0x9e, 0xff, 0xff, 0xff, 0xff,
    0xb4, 0x0, 0x0, 0x0, 0x0, 0x0, 0x0, 0x0,
    0x0, 0x2, 0x56, 0x76, 0x53, 0x0, 0x0, 0x0,
    0x0, 0x0,

    /* U+0048 "H" */
    0xef, 0xff, 0xd0, 0x0, 0x0, 0x0, 0x0, 0x0,
    0x0, 0x1f, 0xff, 0xfa, 0xef, 0xff, 0xd0, 0x0,
    0x0, 0x0, 0x0, 0x0, 0x0, 0x1f, 0xff, 0xfa,
    0xef, 0xff, 0xd0, 0x0, 0x0, 0x0, 0x0, 0x0,
    0x0, 0x1f, 0xff, 0xfa, 0xef, 0xff, 0xd0, 0x0,
    0x0, 0x0, 0x0, 0x0, 0x0, 0x1f, 0xff, 0xfa,
    0xef, 0xff, 0xd0, 0x0, 0x0, 0x0, 0x0, 0x0,
    0x0, 0x1f, 0xff, 0xfa, 0xef, 0xff, 0xd0, 0x0,
    0x0, 0x0, 0x0, 0x0, 0x0, 0x1f, 0xff, 0xfa,
    0xef, 0xff, 0xd0, 0x0, 0x0, 0x0, 0x0, 0x0,
    0x0, 0x1f, 0xff, 0xfa, 0xef, 0xff, 0xd0, 0x0,
    0x0, 0x0, 0x0, 0x0, 0x0, 0x1f, 0xff, 0xfa,
    0xef, 0xff, 0xd0, 0x0, 0x0, 0x0, 0x0, 0x0,
    0x0, 0x1f, 0xff, 0xfa, 0xef, 0xff, 0xd0, 0x0,
    0x0, 0x0, 0x0, 0x0, 0x0, 0x1f, 0xff, 0xfa,
    0xef, 0xff, 0xd4, 0x44, 0x44, 0x44, 0x44, 0x44,
    0x44, 0x4f, 0xff, 0xfa, 0xef, 0xff, 0xff, 0xff,
    0xff, 0xff, 0xff, 0xff, 0xff, 0xff, 0xff, 0xfa,
    0xef, 0xff, 0xff, 0xff, 0xff, 0xff, 0xff, 0xff,
    0xff, 0xff, 0xff, 0xfa, 0xef, 0xff, 0xff, 0xff,
    0xff, 0xff, 0xff, 0xff, 0xff, 0xff, 0xff, 0xfa,
    0xef, 0xff, 0xff, 0xff, 0xff, 0xff, 0xff, 0xff,
    0xff, 0xff, 0xff, 0xfa, 0xef, 0xff, 0xd0, 0x0,
    0x0, 0x0, 0x0, 0x0, 0x0, 0x1f, 0xff, 0xfa,
    0xef, 0xff, 0xd0, 0x0, 0x0, 0x0, 0x0, 0x0,
    0x0, 0x1f, 0xff, 0xfa, 0xef, 0xff, 0xd0, 0x0,
    0x0, 0x0, 0x0, 0x0, 0x0, 0x1f, 0xff, 0xfa,
    0xef, 0xff, 0xd0, 0x0, 0x0, 0x0, 0x0, 0x0,
    0x0, 0x1f, 0xff, 0xfa, 0xef, 0xff, 0xd0, 0x0,
    0x0, 0x0, 0x0, 0x0, 0x0, 0x1f, 0xff, 0xfa,
    0xef, 0xff, 0xd0, 0x0, 0x0, 0x0, 0x0, 0x0,
    0x0, 0x1f, 0xff, 0xfa, 0xef, 0xff, 0xd0, 0x0,
    0x0, 0x0, 0x0, 0x0, 0x0, 0x1f, 0xff, 0xfa,
    0xef, 0xff, 0xd0, 0x0, 0x0, 0x0, 0x0, 0x0,
    0x0, 0x1f, 0xff, 0xfa, 0xef, 0xff, 0xd0, 0x0,
    0x0, 0x0, 0x0, 0x0, 0x0, 0x1f, 0xff, 0xfa,
    0xef, 0xff, 0xd0, 0x0, 0x0, 0x0, 0x0, 0x0,
    0x0, 0x1f, 0xff, 0xfa, 0xef, 0xff, 0xd0, 0x0,
    0x0, 0x0, 0x0, 0x0, 0x0, 0x1f, 0xff, 0xfa,

    /* U+0049 "I" */
    0xbf, 0xff, 0xf0, 0xbf, 0xff, 0xf0, 0xbf, 0xff,
    0xf0, 0xbf, 0xff, 0xf0, 0xbf, 0xff, 0xf0, 0xbf,
    0xff, 0xf0, 0xbf, 0xff, 0xf0, 0xbf, 0xff, 0xf0,
    0xbf, 0xff, 0xf0, 0xbf, 0xff, 0xf0, 0xbf, 0xff,
    0xf0, 0xbf, 0xff, 0xf0, 0xbf, 0xff, 0xf0, 0xbf,
    0xff, 0xf0, 0xbf, 0xff, 0xf0, 0xbf, 0xff, 0xf0,
    0xbf, 0xff, 0xf0, 0xbf, 0xff, 0xf0, 0xbf, 0xff,
    0xf0, 0xbf, 0xff, 0xf0, 0xbf, 0xff, 0xf0, 0xbf,
    0xff, 0xf0, 0xbf, 0xff, 0xf0, 0xbf, 0xff, 0xf0,
    0xbf, 0xff, 0xf0, 0xbf, 0xff, 0xf0,

    /* U+004A "J" */
    0x0, 0x0, 0x0, 0x0, 0x0, 0x0, 0x0, 0x0,
    0xdf, 0xff, 0xe0, 0x0, 0x0, 0x0, 0x0, 0x0,
    0x0, 0x0, 0xd, 0xff, 0xfe, 0x0, 0x0, 0x0,
    0x0, 0x0, 0x0, 0x0, 0x0, 0xdf, 0xff, 0xe0,
    0x0, 0x0, 0x0, 0x0, 0x0, 0x0, 0x0, 0xd,
    0xff, 0xfe, 0x0, 0x0, 0x0, 0x0, 0x0, 0x0,
    0x0, 0x0, 0xdf, 0xff, 0xe0, 0x0, 0x0, 0x0,
    0x0, 0x0, 0x0, 0x0, 0xd, 0xff, 0xfe, 0x0,
    0x0, 0x0, 0x0, 0x0, 0x0, 0x0, 0x0, 0xdf,
    0xff, 0xe0, 0x0, 0x0, 0x0, 0x0, 0x0, 0x0,
    0x0, 0xd, 0xff, 0xfe, 0x0, 0x0, 0x0, 0x0,
    0x0, 0x0, 0x0, 0x0, 0xdf, 0xff, 0xe0, 0x0,
    0x0, 0x0, 0x0, 0x0, 0x0, 0x0, 0xd, 0xff,
    0xfe, 0x0, 0x0, 0x0, 0x0, 0x0, 0x0, 0x0,
    0x0, 0xdf, 0xff, 0xe0, 0x0, 0x0, 0x0, 0x0,
    0x0, 0x0, 0x0, 0xd, 0xff, 0xfe, 0x0, 0x0,
    0x0, 0x0, 0x0, 0x0, 0x0, 0x0, 0xdf, 0xff,
    0xe0, 0x0, 0x0, 0x0, 0x0, 0x0, 0x0, 0x0,
    0xd, 0xff, 0xfe, 0x0, 0x0, 0x0, 0x0, 0x0,
    0x0, 0x0, 0x0, 0xdf, 0xff, 0xe0, 0x11, 0x11,
    0x0, 0x0, 0x0, 0x0, 0x0, 0xd, 0xff, 0xfe,
    0x1f, 0xff, 0xf8, 0x0, 0x0, 0x0, 0x0, 0x0,
    0xdf, 0xff, 0xe0, 0xff, 0xff, 0xa0, 0x0, 0x0,
    0x0, 0x0, 0xf, 0xff, 0xfc, 0xe, 0xff, 0xfe,
    0x0, 0x0, 0x0, 0x0, 0x2, 0xff, 0xff, 0xb0,
    0xbf, 0xff, 0xf3, 0x0, 0x0, 0x0, 0x0, 0x7f,
    0xff, 0xf7, 0x7, 0xff, 0xff, 0xc0, 0x0, 0x0,
    0x0, 0x2f, 0xff, 0xff, 0x30, 0x1f, 0xff, 0xff,
    0xc2, 0x0, 0x0, 0x5e, 0xff, 0xff, 0xc0, 0x0,
    0x8f, 0xff, 0xff, 0xfd, 0xbb, 0xef, 0xff, 0xff,
    0xf4, 0x0, 0x0, 0xcf, 0xff, 0xff, 0xff, 0xff,
    0xff, 0xff, 0xf7, 0x0, 0x0, 0x0, 0xaf, 0xff,
    0xff, 0xff, 0xff, 0xff, 0xf6, 0x0, 0x0, 0x0,
    0x0, 0x4c, 0xff, 0xff, 0xff, 0xff, 0x92, 0x0,
    0x0, 0x0, 0x0, 0x0, 0x1, 0x56, 0x77, 0x53,
    0x0, 0x0, 0x0, 0x0,

    /* U+004B "K" */
    0xef, 0xff, 0xd0, 0x0, 0x0, 0x0, 0x0, 0x0,
    0x8f, 0xff, 0xff, 0xb0, 0xef, 0xff, 0xd0, 0x0,
    0x0, 0x0, 0x0, 0x9, 0xff, 0xff, 0xfa, 0x0,
    0xef, 0xff, 0xd0, 0x0, 0x0, 0x0, 0x0, 0xaf,
    0xff, 0xff, 0x90, 0x0, 0xef, 0xff, 0xd0, 0x0,
    0x0, 0x0, 0xa, 0xff, 0xff, 0xf8, 0x0, 0x0,
    0xef, 0xff, 0xd0, 0x0, 0x0, 0x0, 0xbf, 0xff,
    0xff, 0x60, 0x0, 0x0, 0xef, 0xff, 0xd0, 0x0,
    0x0, 0xc, 0xff, 0xff, 0xf5, 0x0, 0x0, 0x0,
    0xef, 0xff, 0xd0, 0x0, 0x1, 0xcf, 0xff, 0xff,
    0x40, 0x0, 0x0, 0x0, 0xef, 0xff, 0xd0, 0x0,
    0x1d, 0xff, 0xff, 0xe3, 0x0, 0x0, 0x0, 0x0,
    0xef, 0xff, 0xd0, 0x1, 0xdf, 0xff, 0xfe, 0x20,
    0x0, 0x0, 0x0, 0x0, 0xef, 0xff, 0xd0, 0x2e,
    0xff, 0xff, 0xd1, 0x0, 0x0, 0x0, 0x0, 0x0,
    0xef, 0xff, 0xd2, 0xef, 0xff, 0xfc, 0x10, 0x0,
    0x0, 0x0, 0x0, 0x0, 0xef, 0xff, 0xee, 0xff,
    0xff, 0xb0, 0x0, 0x0, 0x0, 0x0, 0x0, 0x0,
    0xef, 0xff, 0xff, 0xff, 0xfc, 0x0, 0x0, 0x0,
    0x0, 0x0, 0x0, 0x0, 0xef, 0xff, 0xff, 0xff,
    0xff, 0x70, 0x0, 0x0, 0x0, 0x0, 0x0, 0x0,
    0xef, 0xff, 0xed, 0xff, 0xff, 0xf7, 0x0, 0x0,
    0x0, 0x0, 0x0, 0x0, 0xef, 0xff, 0xd1, 0xcf,
    0xff, 0xff, 0x80, 0x0, 0x0, 0x0, 0x0, 0x0,
    0xef, 0xff, 0xd0, 0xc, 0xff, 0xff, 0xf9, 0x0,
    0x0, 0x0, 0x0, 0x0, 0xef, 0xff, 0xd0, 0x0,
    0xbf, 0xff, 0xff, 0xa0, 0x0, 0x0, 0x0, 0x0,
    0xef, 0xff, 0xd0, 0x0, 0xb, 0xff, 0xff, 0xfa,
    0x0, 0x0, 0x0, 0x0, 0xef, 0xff, 0xd0, 0x0,
    0x0, 0xaf, 0xff, 0xff, 0xb0, 0x0, 0x0, 0x0,
    0xef, 0xff, 0xd0, 0x0, 0x0, 0xa, 0xff, 0xff,
    0xfb, 0x0, 0x0, 0x0, 0xef, 0xff, 0xd0, 0x0,
    0x0, 0x0, 0x9f, 0xff, 0xff, 0xc1, 0x0, 0x0,
    0xef, 0xff, 0xd0, 0x0, 0x0, 0x0, 0x8, 0xff,
    0xff, 0xfc, 0x10, 0x0, 0xef, 0xff, 0xd0, 0x0,
    0x0, 0x0, 0x0, 0x7f, 0xff, 0xff, 0xd1, 0x0,
    0xef, 0xff, 0xd0, 0x0, 0x0, 0x0, 0x0, 0x7,
    0xff, 0xff, 0xfd, 0x10, 0xef, 0xff, 0xd0, 0x0,
    0x0, 0x0, 0x0, 0x0, 0x6f, 0xff, 0xff, 0xe2,

    /* U+004C "L" */
    0xef, 0xff, 0xd0, 0x0, 0x0, 0x0, 0x0, 0x0,
    0x0, 0xe, 0xff, 0xfd, 0x0, 0x0, 0x0, 0x0,
    0x0, 0x0, 0x0, 0xef, 0xff, 0xd0, 0x0, 0x0,
    0x0, 0x0, 0x0, 0x0, 0xe, 0xff, 0xfd, 0x0,
    0x0, 0x0, 0x0, 0x0, 0x0, 0x0, 0xef, 0xff,
    0xd0, 0x0, 0x0, 0x0, 0x0, 0x0, 0x0, 0xe,
    0xff, 0xfd, 0x0, 0x0, 0x0, 0x0, 0x0, 0x0,
    0x0, 0xef, 0xff, 0xd0, 0x0, 0x0, 0x0, 0x0,
    0x0, 0x0, 0xe, 0xff, 0xfd, 0x0, 0x0, 0x0,
    0x0, 0x0, 0x0, 0x0, 0xef, 0xff, 0xd0, 0x0,
    0x0, 0x0, 0x0, 0x0, 0x0, 0xe, 0xff, 0xfd,
    0x0, 0x0, 0x0, 0x0, 0x0, 0x0, 0x0, 0xef,
    0xff, 0xd0, 0x0, 0x0, 0x0, 0x0, 0x0, 0x0,
    0xe, 0xff, 0xfd, 0x0, 0x0, 0x0, 0x0, 0x0,
    0x0, 0x0, 0xef, 0xff, 0xd0, 0x0, 0x0, 0x0,
    0x0, 0x0, 0x0, 0xe, 0xff, 0xfd, 0x0, 0x0,
    0x0, 0x0, 0x0, 0x0, 0x0, 0xef, 0xff, 0xd0,
    0x0, 0x0, 0x0, 0x0, 0x0, 0x0, 0xe, 0xff,
    0xfd, 0x0, 0x0, 0x0, 0x0, 0x0, 0x0, 0x0,
    0xef, 0xff, 0xd0, 0x0, 0x0, 0x0, 0x0, 0x0,
    0x0, 0xe, 0xff, 0xfd, 0x0, 0x0, 0x0, 0x0,
    0x0, 0x0, 0x0, 0xef, 0xff, 0xd0, 0x0, 0x0,
    0x0, 0x0, 0x0, 0x0, 0xe, 0xff, 0xfd, 0x0,
    0x0, 0x0, 0x0, 0x0, 0x0, 0x0, 0xef, 0xff,
    0xd0, 0x0, 0x0, 0x0, 0x0, 0x0, 0x0, 0xe,
    0xff, 0xfd, 0x22, 0x22, 0x22, 0x22, 0x22, 0x22,
    0x21, 0xef, 0xff, 0xff, 0xff, 0xff, 0xff, 0xff,
    0xff, 0xff, 0x9e, 0xff, 0xff, 0xff, 0xff, 0xff,
    0xff, 0xff, 0xff, 0xf9, 0xef, 0xff, 0xff, 0xff,
    0xff, 0xff, 0xff, 0xff, 0xff, 0x9e, 0xff, 0xff,
    0xff, 0xff, 0xff, 0xff, 0xff, 0xff, 0xf9,

    /* U+004D "M" */
    0xef, 0xff, 0xff, 0xf1, 0x0, 0x0, 0x0, 0x0,
    0x0, 0x0, 0x2f, 0xff, 0xff, 0xfd, 0xef, 0xff,
    0xff, 0xf9, 0x0, 0x0, 0x0, 0x0, 0x0, 0x0,
    0xaf, 0xff, 0xff, 0xfd, 0xef, 0xff, 0xff, 0xff,
    0x20, 0x0, 0x0, 0x0, 0x0, 0x3, 0xff, 0xff,
    0xff, 0xfd, 0xef, 0xff, 0xff, 0xff, 0xa0, 0x0,
    0x0, 0x0, 0x0, 0xb, 0xff, 0xff, 0xff, 0xfd,
    0xef, 0xff, 0xff, 0xff, 0xf2, 0x0, 0x0, 0x0,
    0x0, 0x3f, 0xff, 0xff, 0xff, 0xfd, 0xef, 0xff,
    0xef, 0xff, 0xfb, 0x0, 0x0, 0x0, 0x0, 0xcf,
    0xff, 0xfe, 0xff, 0xfd, 0xef, 0xff, 0xca, 0xff,
    0xff, 0x30, 0x0, 0x0, 0x4, 0xff, 0xff, 0x8d,
    0xff, 0xfd, 0xef, 0xff, 0xc2, 0xff, 0xff, 0xb0,
    0x0, 0x0, 0xc, 0xff, 0xff, 0x1d, 0xff, 0xfd,
    0xef, 0xff, 0xc0, 0x9f, 0xff, 0xf4, 0x0, 0x0,
    0x5f, 0xff, 0xf8, 0xd, 0xff, 0xfd, 0xef, 0xff,
    0xc0, 0x1f, 0xff, 0xfc, 0x0, 0x0, 0xdf, 0xff,
    0xe0, 0xd, 0xff, 0xfd, 0xef, 0xff, 0xc0, 0x9,
    0xff, 0xff, 0x40, 0x5, 0xff, 0xff, 0x70, 0xd,
    0xff, 0xfd, 0xef, 0xff, 0xc0, 0x1, 0xff, 0xff,
    0xc0, 0xd, 0xff, 0xfe, 0x0, 0xd, 0xff, 0xfd,
    0xef, 0xff, 0xc0, 0x0, 0x8f, 0xff, 0xf5, 0x6f,
    0xff, 0xf6, 0x0, 0xd, 0xff, 0xfd, 0xef, 0xff,
    0xc0, 0x0, 0x1f, 0xff, 0xfd, 0xef, 0xff, 0xd0,
    0x0, 0xd, 0xff, 0xfd, 0xef, 0xff, 0xc0, 0x0,
    0x7, 0xff, 0xff, 0xff, 0xff, 0x50, 0x0, 0xd,
    0xff, 0xfd, 0xef, 0xff, 0xc0, 0x0, 0x0, 0xef,
    0xff, 0xff, 0xfd, 0x0, 0x0, 0xd, 0xff, 0xfd,
    0xef, 0xff, 0xc0, 0x0, 0x0, 0x7f, 0xff, 0xff,
    0xf4, 0x0, 0x0, 0xd, 0xff, 0xfd, 0xef, 0xff,
    0xc0, 0x0, 0x0, 0xe, 0xff, 0xff, 0xc0, 0x0,
    0x0, 0xd, 0xff, 0xfd, 0xef, 0xff, 0xc0, 0x0,
    0x0, 0x6, 0xff, 0xff, 0x40, 0x0, 0x0, 0xd,
    0xff, 0xfd, 0xef, 0xff, 0xc0, 0x0, 0x0, 0x0,
    0x33, 0x33, 0x0, 0x0, 0x0, 0xd, 0xff, 0xfd,
    0xef, 0xff, 0xc0, 0x0, 0x0, 0x0, 0x0, 0x0,
    0x0, 0x0, 0x0, 0xd, 0xff, 0xfd, 0xef, 0xff,
    0xc0, 0x0, 0x0, 0x0, 0x0, 0x0, 0x0, 0x0,
    0x0, 0xd, 0xff, 0xfd, 0xef, 0xff, 0xc0, 0x0,
    0x0, 0x0, 0x0, 0x0, 0x0, 0x0, 0x0, 0xd,
    0xff, 0xfd, 0xef, 0xff, 0xc0, 0x0, 0x0, 0x0,
    0x0, 0x0, 0x0, 0x0, 0x0, 0xd, 0xff, 0xfd,
    0xef, 0xff, 0xc0, 0x0, 0x0, 0x0, 0x0, 0x0,
    0x0, 0x0, 0x0, 0xd, 0xff, 0xfd, 0xef, 0xff,
    0xc0, 0x0, 0x0, 0x0, 0x0, 0x0, 0x0, 0x0,
    0x0, 0xd, 0xff, 0xfd,

    /* U+004E "N" */
    0xef, 0xff, 0xf5, 0x0, 0x0, 0x0, 0x0, 0x0,
    0x0, 0xd, 0xff, 0xfc, 0xef, 0xff, 0xff, 0x20,
    0x0, 0x0, 0x0, 0x0, 0x0, 0xd, 0xff, 0xfc,
    0xef, 0xff, 0xff, 0xd0, 0x0, 0x0, 0x0, 0x0,
    0x0, 0xd, 0xff, 0xfc, 0xef, 0xff, 0xff, 0xf9,
    0x0, 0x0, 0x0, 0x0, 0x0, 0xd, 0xff, 0xfc,
    0xef, 0xff, 0xff, 0xff, 0x50, 0x0, 0x0, 0x0,
    0x0, 0xd, 0xff, 0xfc, 0xef, 0xff, 0xff, 0xff,
    0xf2, 0x0, 0x0, 0x0, 0x0, 0xd, 0xff, 0xfc,
    0xef, 0xff, 0xff, 0xff, 0xfd, 0x0, 0x0, 0x0,
    0x0, 0xd, 0xff, 0xfc, 0xef, 0xff, 0xbe, 0xff,
    0xff, 0x90, 0x0, 0x0, 0x0, 0xd, 0xff, 0xfc,
    0xef, 0xff, 0xa3, 0xff, 0xff, 0xf5, 0x0, 0x0,
    0x0, 0xd, 0xff, 0xfc, 0xef, 0xff, 0xa0, 0x7f,
    0xff, 0xff, 0x20, 0x0, 0x0, 0xd, 0xff, 0xfc,
    0xef, 0xff, 0xa0, 0xb, 0xff, 0xff, 0xd0, 0x0,
    0x0, 0xd, 0xff, 0xfc, 0xef, 0xff, 0xa0, 0x1,
    0xef, 0xff, 0xf9, 0x0, 0x0, 0xd, 0xff, 0xfc,
    0xef, 0xff, 0xa0, 0x0, 0x3f, 0xff, 0xff, 0x50,
    0x0, 0xd, 0xff, 0xfc, 0xef, 0xff, 0xa0, 0x0,
    0x7, 0xff, 0xff, 0xf2, 0x0, 0xd, 0xff, 0xfc,
    0xef, 0xff, 0xa0, 0x0, 0x0, 0xbf, 0xff, 0xfd,
    0x0, 0xd, 0xff, 0xfc, 0xef, 0xff, 0xa0, 0x0,
    0x0, 0x1e, 0xff, 0xff, 0x90, 0xd, 0xff, 0xfc,
    0xef, 0xff, 0xa0, 0x0, 0x0, 0x3, 0xff, 0xff,
    0xf5, 0xd, 0xff, 0xfc, 0xef, 0xff, 0xa0, 0x0,
    0x0, 0x0, 0x7f, 0xff, 0xff, 0x2d, 0xff, 0xfc,
    0xef, 0xff, 0xa0, 0x0, 0x0, 0x0, 0xb, 0xff,
    0xff, 0xdd, 0xff, 0xfc, 0xef, 0xff, 0xa0, 0x0,
    0x0, 0x0, 0x1, 0xef, 0xff, 0xff, 0xff, 0xfc,
    0xef, 0xff, 0xa0, 0x0, 0x0, 0x0, 0x0, 0x3f,
    0xff, 0xff, 0xff, 0xfc, 0xef, 0xff, 0xa0, 0x0,
    0x0, 0x0, 0x0, 0x7, 0xff, 0xff, 0xff, 0xfc,
    0xef, 0xff, 0xa0, 0x0, 0x0, 0x0, 0x0, 0x0,
    0xbf, 0xff, 0xff, 0xfc, 0xef, 0xff, 0xa0, 0x0,
    0x0, 0x0, 0x0, 0x0, 0x1e, 0xff, 0xff, 0xfc,
    0xef, 0xff, 0xa0, 0x0, 0x0, 0x0, 0x0, 0x0,
    0x3, 0xff, 0xff, 0xfc, 0xef, 0xff, 0xa0, 0x0,
    0x0, 0x0, 0x0, 0x0, 0x0, 0x7f, 0xff, 0xfc,

    /* U+004F "O" */
    0x0, 0x0, 0x0, 0x0, 0x15, 0xac, 0xef, 0xed,
    0xb6, 0x20, 0x0, 0x0, 0x0, 0x0, 0x0, 0x0,
    0x0, 0x18, 0xff, 0xff, 0xff, 0xff, 0xff, 0xfb,
    0x20, 0x0, 0x0, 0x0, 0x0, 0x0, 0x5, 0xff,
    0xff, 0xff, 0xff, 0xff, 0xff, 0xff, 0xf8, 0x0,
    0x0, 0x0, 0x0, 0x0, 0x7f, 0xff, 0xff, 0xff,
    0xff, 0xff, 0xff, 0xff, 0xff, 0xa0, 0x0, 0x0,
    0x0, 0x7, 0xff, 0xff, 0xff, 0xc7, 0x43, 0x46,
    0xbf, 0xff, 0xff, 0xfa, 0x0, 0x0, 0x0, 0x4f,
    0xff, 0xff, 0xd4, 0x0, 0x0, 0x0, 0x3, 0xdf,
    0xff, 0xff, 0x70, 0x0, 0x0, 0xef, 0xff, 0xfc,
    0x10, 0x0, 0x0, 0x0, 0x0, 0xb, 0xff, 0xff,
    0xf2, 0x0, 0x7, 0xff, 0xff, 0xd0, 0x0, 0x0,
    0x0, 0x0, 0x0, 0x0, 0xdf, 0xff, 0xfa, 0x0,
    0xe, 0xff, 0xff, 0x30, 0x0, 0x0, 0x0, 0x0,
    0x0, 0x0, 0x2f, 0xff, 0xff, 0x10, 0x3f, 0xff,
    0xfc, 0x0, 0x0, 0x0, 0x0, 0x0, 0x0, 0x0,
    0xa, 0xff, 0xff, 0x60, 0x7f, 0xff, 0xf6, 0x0,
    0x0, 0x0, 0x0, 0x0, 0x0, 0x0, 0x4, 0xff,
    0xff, 0xa0, 0xaf, 0xff, 0xf2, 0x0, 0x0, 0x0,
    0x0, 0x0, 0x0, 0x0, 0x0, 0xff, 0xff, 0xd0,
    0xcf, 0xff, 0xf0, 0x0, 0x0, 0x0, 0x0, 0x0,
    0x0, 0x0, 0x0, 0xef, 0xff, 0xe0, 0xdf, 0xff,
    0xf0, 0x0, 0x0, 0x0, 0x0, 0x0, 0x0, 0x0,
    0x0, 0xdf, 0xff, 0xf0, 0xcf, 0xff, 0xf0, 0x0,
    0x0, 0x0, 0x0, 0x0, 0x0, 0x0, 0x0, 0xdf,
    0xff, 0xf0, 0xbf, 0xff, 0xf1, 0x0, 0x0, 0x0,
    0x0, 0x0, 0x0, 0x0, 0x0, 0xef, 0xff, 0xd0,
    0x9f, 0xff, 0xf4, 0x0, 0x0, 0x0, 0x0, 0x0,
    0x0, 0x0, 0x2, 0xff, 0xff, 0xc0, 0x5f, 0xff,
    0xf9, 0x0, 0x0, 0x0, 0x0, 0x0, 0x0, 0x0,
    0x6, 0xff, 0xff, 0x80, 0x1f, 0xff, 0xff, 0x10,
    0x0, 0x0, 0x0, 0x0, 0x0, 0x0, 0xd, 0xff,
    0xff, 0x30, 0xb, 0xff, 0xff, 0x90, 0x0, 0x0,
    0x0, 0x0, 0x0, 0x0, 0x6f, 0xff, 0xfd, 0x0,
    0x3, 0xff, 0xff, 0xf5, 0x0, 0x0, 0x0, 0x0,
    0x0, 0x3, 0xff, 0xff, 0xf5, 0x0, 0x0, 0xaf,
    0xff, 0xff, 0x60, 0x0, 0x0, 0x0, 0x0, 0x4f,
    0xff, 0xff, 0xc0, 0x0, 0x0, 0xd, 0xff, 0xff,
    0xfc, 0x40, 0x0, 0x0, 0x3a, 0xff, 0xff, 0xfe,
    0x10, 0x0, 0x0, 0x2, 0xef, 0xff, 0xff, 0xff,
    0xcb, 0xce, 0xff, 0xff, 0xff, 0xf3, 0x0, 0x0,
    0x0, 0x0, 0x1d, 0xff, 0xff, 0xff, 0xff, 0xff,
    0xff, 0xff, 0xfd, 0x20, 0x0, 0x0, 0x0, 0x0,
    0x0, 0x8f, 0xff, 0xff, 0xff, 0xff, 0xff, 0xff,
    0x91, 0x0, 0x0, 0x0, 0x0, 0x0, 0x0, 0x1,
    0x9d, 0xff, 0xff, 0xff, 0xfe, 0x92, 0x0, 0x0,
    0x0, 0x0, 0x0, 0x0, 0x0, 0x0, 0x0, 0x25,
    0x67, 0x65, 0x30, 0x0, 0x0, 0x0, 0x0, 0x0,

    /* U+0050 "P" */
    0xef, 0xff, 0xff, 0xff, 0xff, 0xff, 0xfe, 0xc8,
    0x20, 0x0, 0x0, 0xef, 0xff, 0xff, 0xff, 0xff,
    0xff, 0xff, 0xff, 0xfb, 0x10, 0x0, 0xef, 0xff,
    0xff, 0xff, 0xff, 0xff, 0xff, 0xff, 0xff, 0xe3,
    0x0, 0xef, 0xff, 0xff, 0xff, 0xff, 0xff, 0xff,
    0xff, 0xff, 0xfe, 0x10, 0xef, 0xff, 0xd3, 0x33,
    0x33, 0x33, 0x46, 0xcf, 0xff, 0xff, 0xa0, 0xef,
    0xff, 0xd0, 0x0, 0x0, 0x0, 0x0, 0x7, 0xff,
    0xff, 0xf1, 0xef, 0xff, 0xd0, 0x0, 0x0, 0x0,
    0x0, 0x0, 0xbf, 0xff, 0xf5, 0xef, 0xff, 0xd0,
    0x0, 0x0, 0x0, 0x0, 0x0, 0x5f, 0xff, 0xf7,
    0xef, 0xff, 0xd0, 0x0, 0x0, 0x0, 0x0, 0x0,
    0x4f, 0xff, 0xf8, 0xef, 0xff, 0xd0, 0x0, 0x0,
    0x0, 0x0, 0x0, 0x5f, 0xff, 0xf7, 0xef, 0xff,
    0xd0, 0x0, 0x0, 0x0, 0x0, 0x0, 0xbf, 0xff,
    0xf4, 0xef, 0xff, 0xd0, 0x0, 0x0, 0x0, 0x0,
    0x8, 0xff, 0xff, 0xf0, 0xef, 0xff, 0xd3, 0x33,
    0x33, 0x33, 0x36, 0xcf, 0xff, 0xff, 0x80, 0xef,
    0xff, 0xff, 0xff, 0xff, 0xff, 0xff, 0xff, 0xff,
    0xfc, 0x0, 0xef, 0xff, 0xff, 0xff, 0xff, 0xff,
    0xff, 0xff, 0xff, 0xc1, 0x0, 0xef, 0xff, 0xff,
    0xff, 0xff, 0xff, 0xff, 0xff, 0xf8, 0x0, 0x0,
    0xef, 0xff, 0xff, 0xff, 0xff, 0xff, 0xed, 0xa6,
    0x0, 0x0, 0x0, 0xef, 0xff, 0xd0, 0x0, 0x0,
    0x0, 0x0, 0x0, 0x0, 0x0, 0x0, 0xef, 0xff,
    0xd0, 0x0, 0x0, 0x0, 0x0, 0x0, 0x0, 0x0,
    0x0, 0xef, 0xff, 0xd0, 0x0, 0x0, 0x0, 0x0,
    0x0, 0x0, 0x0, 0x0, 0xef, 0xff, 0xd0, 0x0,
    0x0, 0x0, 0x0, 0x0, 0x0, 0x0, 0x0, 0xef,
    0xff, 0xd0, 0x0, 0x0, 0x0, 0x0, 0x0, 0x0,
    0x0, 0x0, 0xef, 0xff, 0xd0, 0x0, 0x0, 0x0,
    0x0, 0x0, 0x0, 0x0, 0x0, 0xef, 0xff, 0xd0,
    0x0, 0x0, 0x0, 0x0, 0x0, 0x0, 0x0, 0x0,
    0xef, 0xff, 0xd0, 0x0, 0x0, 0x0, 0x0, 0x0,
    0x0, 0x0, 0x0, 0xef, 0xff, 0xd0, 0x0, 0x0,
    0x0, 0x0, 0x0, 0x0, 0x0, 0x0,

    /* U+0051 "Q" */
    0x0, 0x0, 0x0, 0x0, 0x0, 0x0, 0x12, 0x10,
    0x0, 0x0, 0x0, 0x0, 0x0, 0x0, 0x0, 0x0,
    0x0, 0x0, 0x38, 0xdf, 0xff, 0xff, 0xe9, 0x50,
    0x0, 0x0, 0x0, 0x0, 0x0, 0x0, 0x0, 0x3c,
    0xff, 0xff, 0xff, 0xff, 0xff, 0xfd, 0x50, 0x0,
    0x0, 0x0, 0x0, 0x0, 0x8, 0xff, 0xff, 0xff,
    0xff, 0xff, 0xff, 0xff, 0xfb, 0x0, 0x0, 0x0,
    0x0, 0x0, 0xaf, 0xff, 0xff, 0xff, 0xff, 0xff,
    0xff, 0xff, 0xff, 0xd1, 0x0, 0x0, 0x0, 0x9,
    0xff, 0xff, 0xff, 0x94, 0x10, 0x13, 0x8e, 0xff,
    0xff, 0xfc, 0x0, 0x0, 0x0, 0x6f, 0xff, 0xff,
    0xb1, 0x0, 0x0, 0x0, 0x1, 0xaf, 0xff, 0xff,
    0xa0, 0x0, 0x1, 0xff, 0xff, 0xf9, 0x0, 0x0,
    0x0, 0x0, 0x0, 0x8, 0xff, 0xff, 0xf3, 0x0,
    0x8, 0xff, 0xff, 0xc0, 0x0, 0x0, 0x0, 0x0,
    0x0, 0x0, 0xbf, 0xff, 0xfb, 0x0, 0xf, 0xff,
    0xff, 0x20, 0x0, 0x0, 0x0, 0x0, 0x0, 0x0,
    0x1f, 0xff, 0xff, 0x20, 0x4f, 0xff, 0xfa, 0x0,
    0x0, 0x0, 0x0, 0x0, 0x0, 0x0, 0x9, 0xff,
    0xff, 0x70, 0x8f, 0xff, 0xf5, 0x0, 0x0, 0x0,
    0x0, 0x0, 0x0, 0x0, 0x3, 0xff, 0xff, 0xb0,
    0xbf, 0xff, 0xf1, 0x0, 0x0, 0x0, 0x0, 0x0,
    0x0, 0x0, 0x0, 0xff, 0xff, 0xd0, 0xcf, 0xff,
    0xf0, 0x0, 0x0, 0x0, 0x0, 0x0, 0x0, 0x0,
    0x0, 0xef, 0xff, 0xe0, 0xdf, 0xff, 0xf0, 0x0,
    0x0, 0x0, 0x0, 0x0, 0x0, 0x0, 0x0, 0xdf,
    0xff, 0xf0, 0xcf, 0xff, 0xf0, 0x0, 0x0, 0x0,
    0x0, 0x0, 0x0, 0x0, 0x0, 0xdf, 0xff, 0xe0,
    0xbf, 0xff, 0xf1, 0x0, 0x0, 0x0, 0x0, 0x0,
    0x0, 0x0, 0x0, 0xff, 0xff, 0xd0, 0x8f, 0xff,
    0xf5, 0x0, 0x0, 0x0, 0x0, 0x0, 0x0, 0x0,
    0x3, 0xff, 0xff, 0xa0, 0x4f, 0xff, 0xfa, 0x0,
    0x0, 0x0, 0x0, 0x0, 0x0, 0x0, 0x8, 0xff,
    0xff, 0x60, 0xf, 0xff, 0xff, 0x20, 0x0, 0x0,
    0x0, 0x0, 0x0, 0x0, 0xe, 0xff, 0xff, 0x20,
    0x9, 0xff, 0xff, 0xc0, 0x0, 0x0, 0x0, 0x0,
    0x0, 0x0, 0xaf, 0xff, 0xfa, 0x0, 0x2, 0xff,
    0xff, 0xf9, 0x0, 0x0, 0x0, 0x0, 0x0, 0x7,
    0xff, 0xff, 0xf3, 0x0, 0x0, 0x7f, 0xff, 0xff,
    0xb1, 0x0, 0x0, 0x0, 0x0, 0x9f, 0xff, 0xff,
    0x80, 0x0, 0x0, 0xb, 0xff, 0xff, 0xff, 0x94,
    0x10, 0x13, 0x8e, 0xff, 0xff, 0xfc, 0x0, 0x0,
    0x0, 0x0, 0xbf, 0xff, 0xff, 0xff, 0xff, 0xff,
    0xff, 0xff, 0xff, 0xc0, 0x0, 0x0, 0x0, 0x0,
    0x9, 0xff, 0xff, 0xff, 0xff, 0xff, 0xff, 0xff,
    0xfa, 0x0, 0x0, 0x0, 0x0, 0x0, 0x0, 0x4c,
    0xff, 0xff, 0xff, 0xff, 0xff, 0xfd, 0x50, 0x0,
    0x0, 0x0, 0x0, 0x0, 0x0, 0x0, 0x39, 0xcf,
    0xff, 0xff, 0xd9, 0x40, 0x0, 0x0, 0x0, 0x0,
    0x0, 0x0, 0x0, 0x0, 0x0, 0x7, 0xff, 0xfc,
    0x0, 0x0, 0x0, 0x0, 0x0, 0x0, 0x0, 0x0,
    0x0, 0x0, 0x0, 0x5, 0xff, 0xff, 0x20, 0x0,
    0x0, 0x0, 0x0, 0x0, 0x0, 0x0, 0x0, 0x0,
    0x0, 0x2, 0xff, 0xff, 0xf9, 0x77, 0x60, 0x0,
    0x0, 0x0, 0x0, 0x0, 0x0, 0x0, 0x0, 0x0,
    0xaf, 0xff, 0xff, 0xff, 0xd0, 0x0, 0x0, 0x0,
    0x0, 0x0, 0x0, 0x0, 0x0, 0x0, 0x1c, 0xff,
    0xff, 0xff, 0xd0, 0x0, 0x0, 0x0, 0x0, 0x0,
    0x0, 0x0, 0x0, 0x0, 0x0, 0x5b, 0xef, 0xff,
    0xd0, 0x0, 0x0, 0x0,

    /* U+0052 "R" */
    0xef, 0xff, 0xff, 0xff, 0xff, 0xff, 0xfe, 0xc9,
    0x50, 0x0, 0x0, 0xe, 0xff, 0xff, 0xff, 0xff,
    0xff, 0xff, 0xff, 0xff, 0xe6, 0x0, 0x0, 0xef,
    0xff, 0xff, 0xff, 0xff, 0xff, 0xff, 0xff, 0xff,
    0xfa, 0x0, 0xe, 0xff, 0xff, 0xff, 0xff, 0xff,
    0xff, 0xff, 0xff, 0xff, 0xf8, 0x0, 0xef, 0xff,
    0xc2, 0x22, 0x22, 0x22, 0x24, 0x8e, 0xff, 0xff,
    0xf1, 0xe, 0xff, 0xfc, 0x0, 0x0, 0x0, 0x0,
    0x0, 0x1d, 0xff, 0xff, 0x70, 0xef, 0xff, 0xc0,
    0x0, 0x0, 0x0, 0x0, 0x0, 0x4f, 0xff, 0xfa,
    0xe, 0xff, 0xfc, 0x0, 0x0, 0x0, 0x0, 0x0,
    0x1, 0xff, 0xff, 0xc0, 0xef, 0xff, 0xc0, 0x0,
    0x0, 0x0, 0x0, 0x0, 0x1f, 0xff, 0xfb, 0xe,
    0xff, 0xfc, 0x0, 0x0, 0x0, 0x0, 0x0, 0x5,
    0xff, 0xff, 0xa0, 0xef, 0xff, 0xc0, 0x0, 0x0,
    0x0, 0x0, 0x1, 0xdf, 0xff, 0xf5, 0xe, 0xff,
    0xfc, 0x0, 0x0, 0x0, 0x0, 0x27, 0xef, 0xff,
    0xfe, 0x0, 0xef, 0xff, 0xff, 0xff, 0xff, 0xff,
    0xff, 0xff, 0xff, 0xff, 0x40, 0xe, 0xff, 0xff,
    0xff, 0xff, 0xff, 0xff, 0xff, 0xff, 0xff, 0x50,
    0x0, 0xef, 0xff, 0xff, 0xff, 0xff, 0xff, 0xff,
    0xff, 0xfa, 0x20, 0x0, 0xe, 0xff, 0xff, 0xff,
    0xff, 0xff, 0xff, 0xff, 0xd1, 0x0, 0x0, 0x0,
    0xef, 0xff, 0xc1, 0x11, 0x11, 0x2e, 0xff, 0xff,
    0x50, 0x0, 0x0, 0xe, 0xff, 0xfc, 0x0, 0x0,
    0x0, 0x6f, 0xff, 0xfe, 0x10, 0x0, 0x0, 0xef,
    0xff, 0xc0, 0x0, 0x0, 0x0, 0xcf, 0xff, 0xfa,
    0x0, 0x0, 0xe, 0xff, 0xfc, 0x0, 0x0, 0x0,
    0x2, 0xff, 0xff, 0xf4, 0x0, 0x0, 0xef, 0xff,
    0xc0, 0x0, 0x0, 0x0, 0x8, 0xff, 0xff, 0xd0,
    0x0, 0xe, 0xff, 0xfc, 0x0, 0x0, 0x0, 0x0,
    0xd, 0xff, 0xff, 0x80, 0x0, 0xef, 0xff, 0xc0,
    0x0, 0x0, 0x0, 0x0, 0x4f, 0xff, 0xff, 0x30,
    0xe, 0xff, 0xfc, 0x0, 0x0, 0x0, 0x0, 0x0,
    0xaf, 0xff, 0xfd, 0x0, 0xef, 0xff, 0xc0, 0x0,
    0x0, 0x0, 0x0, 0x1, 0xff, 0xff, 0xf7, 0xe,
    0xff, 0xfc, 0x0, 0x0, 0x0, 0x0, 0x0, 0x6,
    0xff, 0xff, 0xf2,

    /* U+0053 "S" */
    0x0, 0x0, 0x0, 0x2, 0x7b, 0xdf, 0xff, 0xdb,
    0x72, 0x0, 0x0, 0x0, 0x0, 0x0, 0x2, 0xbf,
    0xff, 0xff, 0xff, 0xff, 0xff, 0xc4, 0x0, 0x0,
    0x0, 0x0, 0x5f, 0xff, 0xff, 0xff, 0xff, 0xff,
    0xff, 0xff, 0xb1, 0x0, 0x0, 0x5, 0xff, 0xff,
    0xff, 0xff, 0xff, 0xff, 0xff, 0xff, 0xfe, 0x20,
    0x0, 0x1f, 0xff, 0xff, 0xf9, 0x53, 0x35, 0x7c,
    0xff, 0xff, 0xff, 0x80, 0x0, 0x8f, 0xff, 0xfc,
    0x10, 0x0, 0x0, 0x0, 0x2a, 0xff, 0xfc, 0x0,
    0x0, 0xef, 0xff, 0xe1, 0x0, 0x0, 0x0, 0x0,
    0x0, 0x4e, 0xe1, 0x0, 0x0, 0xff, 0xff, 0x90,
    0x0, 0x0, 0x0, 0x0, 0x0, 0x2, 0x40, 0x0,
    0x2, 0xff, 0xff, 0x80, 0x0, 0x0, 0x0, 0x0,
    0x0, 0x0, 0x0, 0x0, 0x1, 0xff, 0xff, 0xc0,
    0x0, 0x0, 0x0, 0x0, 0x0, 0x0, 0x0, 0x0,
    0x0, 0xef, 0xff, 0xf9, 0x0, 0x0, 0x0, 0x0,
    0x0, 0x0, 0x0, 0x0, 0x0, 0x9f, 0xff, 0xff,
    0xfb, 0x87, 0x66, 0x54, 0x20, 0x0, 0x0, 0x0,
    0x0, 0x1e, 0xff, 0xff, 0xff, 0xff, 0xff, 0xff,
    0xff, 0xb5, 0x0, 0x0, 0x0, 0x3, 0xef, 0xff,
    0xff, 0xff, 0xff, 0xff, 0xff, 0xff, 0xd2, 0x0,
    0x0, 0x0, 0x18, 0xef, 0xff, 0xff, 0xff, 0xff,
    0xff, 0xff, 0xfe, 0x10, 0x0, 0x0, 0x0, 0x3,
    0x7a, 0xce, 0xff, 0xff, 0xff, 0xff, 0xff, 0xa0,
    0x0, 0x0, 0x0, 0x0, 0x0, 0x0, 0x0, 0x14,
    0x8e, 0xff, 0xff, 0xf0, 0x0, 0x0, 0x0, 0x0,
    0x0, 0x0, 0x0, 0x0, 0x1, 0xdf, 0xff, 0xf4,
    0x0, 0x0, 0x0, 0x0, 0x0, 0x0, 0x0, 0x0,
    0x0, 0x6f, 0xff, 0xf5, 0x0, 0x4, 0x0, 0x0,
    0x0, 0x0, 0x0, 0x0, 0x0, 0x4f, 0xff, 0xf5,
    0x0, 0x7f, 0x90, 0x0, 0x0, 0x0, 0x0, 0x0,
    0x0, 0x7f, 0xff, 0xf3, 0x3, 0xff, 0xfd, 0x30,
    0x0, 0x0, 0x0, 0x0, 0x2, 0xef, 0xff, 0xe0,
    0xe, 0xff, 0xff, 0xfb, 0x61, 0x0, 0x0, 0x1,
    0x7f, 0xff, 0xff, 0x80, 0x6, 0xff, 0xff, 0xff,
    0xff, 0xec, 0xbb, 0xdf, 0xff, 0xff, 0xfd, 0x0,
    0x0, 0x4e, 0xff, 0xff, 0xff, 0xff, 0xff, 0xff,
    0xff, 0xff, 0xd2, 0x0, 0x0, 0x1, 0x9f, 0xff,
    0xff, 0xff, 0xff, 0xff, 0xff, 0xfa, 0x10, 0x0,
    0x0, 0x0, 0x2, 0x8d, 0xff, 0xff, 0xff, 0xff,
    0xfa, 0x40, 0x0, 0x0, 0x0, 0x0, 0x0, 0x0,
    0x14, 0x67, 0x77, 0x53, 0x0, 0x0, 0x0, 0x0,

    /* U+0054 "T" */
    0x4f, 0xff, 0xff, 0xff, 0xff, 0xff, 0xff, 0xff,
    0xff, 0xff, 0xff, 0xff, 0x54, 0xff, 0xff, 0xff,
    0xff, 0xff, 0xff, 0xff, 0xff, 0xff, 0xff, 0xff,
    0xf5, 0x4f, 0xff, 0xff, 0xff, 0xff, 0xff, 0xff,
    0xff, 0xff, 0xff, 0xff, 0xff, 0x54, 0xff, 0xff,
    0xff, 0xff, 0xff, 0xff, 0xff, 0xff, 0xff, 0xff,
    0xff, 0xf5, 0x13, 0x33, 0x33, 0x33, 0x33, 0xef,
    0xff, 0xe3, 0x33, 0x33, 0x33, 0x33, 0x10, 0x0,
    0x0, 0x0, 0x0, 0xd, 0xff, 0xfe, 0x0, 0x0,
    0x0, 0x0, 0x0, 0x0, 0x0, 0x0, 0x0, 0x0,
    0xdf, 0xff, 0xe0, 0x0, 0x0, 0x0, 0x0, 0x0,
    0x0, 0x0, 0x0, 0x0, 0xd, 0xff, 0xfe, 0x0,
    0x0, 0x0, 0x0, 0x0, 0x0, 0x0, 0x0, 0x0,
    0x0, 0xdf, 0xff, 0xe0, 0x0, 0x0, 0x0, 0x0,
    0x0, 0x0, 0x0, 0x0, 0x0, 0xd, 0xff, 0xfe,
    0x0, 0x0, 0x0, 0x0, 0x0, 0x0, 0x0, 0x0,
    0x0, 0x0, 0xdf, 0xff, 0xe0, 0x0, 0x0, 0x0,
    0x0, 0x0, 0x0, 0x0, 0x0, 0x0, 0xd, 0xff,
    0xfe, 0x0, 0x0, 0x0, 0x0, 0x0, 0x0, 0x0,
    0x0, 0x0, 0x0, 0xdf, 0xff, 0xe0, 0x0, 0x0,
    0x0, 0x0, 0x0, 0x0, 0x0, 0x0, 0x0, 0xd,
    0xff, 0xfe, 0x0, 0x0, 0x0, 0x0, 0x0, 0x0,
    0x0, 0x0, 0x0, 0x0, 0xdf, 0xff, 0xe0, 0x0,
    0x0, 0x0, 0x0, 0x0, 0x0, 0x0, 0x0, 0x0,
    0xd, 0xff, 0xfe, 0x0, 0x0, 0x0, 0x0, 0x0,
    0x0, 0x0, 0x0, 0x0, 0x0, 0xdf, 0xff, 0xe0,
    0x0, 0x0, 0x0, 0x0, 0x0, 0x0, 0x0, 0x0,
    0x0, 0xd, 0xff, 0xfe, 0x0, 0x0, 0x0, 0x0,
    0x0, 0x0, 0x0, 0x0, 0x0, 0x0, 0xdf, 0xff,
    0xe0, 0x0, 0x0, 0x0, 0x0, 0x0, 0x0, 0x0,
    0x0, 0x0, 0xd, 0xff, 0xfe, 0x0, 0x0, 0x0,
    0x0, 0x0, 0x0, 0x0, 0x0, 0x0, 0x0, 0xdf,
    0xff, 0xe0, 0x0, 0x0, 0x0, 0x0, 0x0, 0x0,
    0x0, 0x0, 0x0, 0xd, 0xff, 0xfe, 0x0, 0x0,
    0x0, 0x0, 0x0, 0x0, 0x0, 0x0, 0x0, 0x0,
    0xdf, 0xff, 0xe0, 0x0, 0x0, 0x0, 0x0, 0x0,
    0x0, 0x0, 0x0, 0x0, 0xd, 0xff, 0xfe, 0x0,
    0x0, 0x0, 0x0, 0x0, 0x0, 0x0, 0x0, 0x0,
    0x0, 0xdf, 0xff, 0xe0, 0x0, 0x0, 0x0, 0x0,
    0x0, 0x0, 0x0, 0x0, 0x0, 0xd, 0xff, 0xfe,
    0x0, 0x0, 0x0, 0x0, 0x0,

    /* U+0055 "U" */
    0x3f, 0xff, 0xf8, 0x0, 0x0, 0x0, 0x0, 0x0,
    0x0, 0x0, 0xaf, 0xff, 0xf0, 0x3f, 0xff, 0xf8,
    0x0, 0x0, 0x0, 0x0, 0x0, 0x0, 0x0, 0xaf,
    0xff, 0xf0, 0x3f, 0xff, 0xf8, 0x0, 0x0, 0x0,
    0x0, 0x0, 0x0, 0x0, 0xaf, 0xff, 0xf0, 0x3f,
    0xff, 0xf8, 0x0, 0x0, 0x0, 0x0, 0x0, 0x0,
    0x0, 0xaf, 0xff, 0xf0, 0x3f, 0xff, 0xf8, 0x0,
    0x0, 0x0, 0x0, 0x0, 0x0, 0x0, 0xaf, 0xff,
    0xf0, 0x3f, 0xff, 0xf8, 0x0, 0x0, 0x0, 0x0,
    0x0, 0x0, 0x0, 0xaf, 0xff, 0xf0, 0x3f, 0xff,
    0xf8, 0x0, 0x0, 0x0, 0x0, 0x0, 0x0, 0x0,
    0xaf, 0xff, 0xf0, 0x3f, 0xff, 0xf8, 0x0, 0x0,
    0x0, 0x0, 0x0, 0x0, 0x0, 0xaf, 0xff, 0xf0,
    0x3f, 0xff, 0xf8, 0x0, 0x0, 0x0, 0x0, 0x0,
    0x0, 0x0, 0xaf, 0xff, 0xf0, 0x3f, 0xff, 0xf8,
    0x0, 0x0, 0x0, 0x0, 0x0, 0x0, 0x0, 0xaf,
    0xff, 0xf0, 0x3f, 0xff, 0xf8, 0x0, 0x0, 0x0,
    0x0, 0x0, 0x0, 0x0, 0xaf, 0xff, 0xf0, 0x3f,
    0xff, 0xf8, 0x0, 0x0, 0x0, 0x0, 0x0, 0x0,
    0x0, 0xaf, 0xff, 0xf0, 0x3f, 0xff, 0xf8, 0x0,
    0x0, 0x0, 0x0, 0x0, 0x0, 0x0, 0xaf, 0xff,
    0xf0, 0x3f, 0xff, 0xf8, 0x0, 0x0, 0x0, 0x0,
    0x0, 0x0, 0x0, 0xaf, 0xff, 0xf0, 0x2f, 0xff,
    0xf9, 0x0, 0x0, 0x0, 0x0, 0x0, 0x0, 0x0,
    0xaf, 0xff, 0xf0, 0x1f, 0xff, 0xfa, 0x0, 0x0,
    0x0, 0x0, 0x0, 0x0, 0x0, 0xbf, 0xff, 0xf0,
    0xf, 0xff, 0xfc, 0x0, 0x0, 0x0, 0x0, 0x0,
    0x0, 0x0, 0xef, 0xff, 0xe0, 0xd, 0xff, 0xff,
    0x10, 0x0, 0x0, 0x0, 0x0, 0x0, 0x2, 0xff,
    0xff, 0xb0, 0x9, 0xff, 0xff, 0x70, 0x0, 0x0,
    0x0, 0x0, 0x0, 0x9, 0xff, 0xff, 0x70, 0x4,
    0xff, 0xff, 0xf2, 0x0, 0x0, 0x0, 0x0, 0x0,
    0x3f, 0xff, 0xff, 0x20, 0x0, 0xcf, 0xff, 0xfd,
    0x20, 0x0, 0x0, 0x0, 0x3, 0xef, 0xff, 0xfa,
    0x0, 0x0, 0x4f, 0xff, 0xff, 0xf7, 0x10, 0x0,
    0x1, 0x8f, 0xff, 0xff, 0xe2, 0x0, 0x0, 0x7,
    0xff, 0xff, 0xff, 0xfd, 0xbb, 0xdf, 0xff, 0xff,
    0xff, 0x40, 0x0, 0x0, 0x0, 0x8f, 0xff, 0xff,
    0xff, 0xff, 0xff, 0xff, 0xff, 0xf5, 0x0, 0x0,
    0x0, 0x0, 0x5, 0xef, 0xff, 0xff, 0xff, 0xff,
    0xff, 0xfd, 0x30, 0x0, 0x0, 0x0, 0x0, 0x0,
    0x7, 0xdf, 0xff, 0xff, 0xff, 0xfc, 0x50, 0x0,
    0x0, 0x0, 0x0, 0x0, 0x0, 0x0, 0x1, 0x46,
    0x77, 0x54, 0x0, 0x0, 0x0, 0x0, 0x0,

    /* U+0056 "V" */
    0x9f, 0xff, 0xf8, 0x0, 0x0, 0x0, 0x0, 0x0,
    0x0, 0x0, 0x0, 0xbf, 0xff, 0xf4, 0x2f, 0xff,
    0xfe, 0x0, 0x0, 0x0, 0x0, 0x0, 0x0, 0x0,
    0x2, 0xff, 0xff, 0xd0, 0xb, 0xff, 0xff, 0x60,
    0x0, 0x0, 0x0, 0x0, 0x0, 0x0, 0x8, 0xff,
    0xff, 0x60, 0x4, 0xff, 0xff, 0xc0, 0x0, 0x0,
    0x0, 0x0, 0x0, 0x0, 0xe, 0xff, 0xff, 0x0,
    0x0, 0xdf, 0xff, 0xf3, 0x0, 0x0, 0x0, 0x0,
    0x0, 0x0, 0x6f, 0xff, 0xf8, 0x0, 0x0, 0x6f,
    0xff, 0xfa, 0x0, 0x0, 0x0, 0x0, 0x0, 0x0,
    0xdf, 0xff, 0xf2, 0x0, 0x0, 0xf, 0xff, 0xff,
    0x10, 0x0, 0x0, 0x0, 0x0, 0x3, 0xff, 0xff,
    0xb0, 0x0, 0x0, 0x9, 0xff, 0xff, 0x70, 0x0,
    0x0, 0x0, 0x0, 0xa, 0xff, 0xff, 0x40, 0x0,
    0x0, 0x2, 0xff, 0xff, 0xe0, 0x0, 0x0, 0x0,
    0x0, 0x1f, 0xff, 0xfd, 0x0, 0x0, 0x0, 0x0,
    0xbf, 0xff, 0xf5, 0x0, 0x0, 0x0, 0x0, 0x8f,
    0xff, 0xf6, 0x0, 0x0, 0x0, 0x0, 0x4f, 0xff,
    0xfb, 0x0, 0x0, 0x0, 0x0, 0xef, 0xff, 0xf0,
    0x0, 0x0, 0x0, 0x0, 0xd, 0xff, 0xff, 0x20,
    0x0, 0x0, 0x5, 0xff, 0xff, 0x90, 0x0, 0x0,
    0x0, 0x0, 0x6, 0xff, 0xff, 0x90, 0x0, 0x0,
    0xc, 0xff, 0xff, 0x20, 0x0, 0x0, 0x0, 0x0,
    0x0, 0xef, 0xff, 0xf0, 0x0, 0x0, 0x2f, 0xff,
    0xfb, 0x0, 0x0, 0x0, 0x0, 0x0, 0x0, 0x8f,
    0xff, 0xf6, 0x0, 0x0, 0x9f, 0xff, 0xf4, 0x0,
    0x0, 0x0, 0x0, 0x0, 0x0, 0x2f, 0xff, 0xfd,
    0x0, 0x1, 0xff, 0xff, 0xd0, 0x0, 0x0, 0x0,
    0x0, 0x0, 0x0, 0xb, 0xff, 0xff, 0x40, 0x7,
    0xff, 0xff, 0x60, 0x0, 0x0, 0x0, 0x0, 0x0,
    0x0, 0x4, 0xff, 0xff, 0xa0, 0xd, 0xff, 0xff,
    0x0, 0x0, 0x0, 0x0, 0x0, 0x0, 0x0, 0x0,
    0xdf, 0xff, 0xf1, 0x4f, 0xff, 0xf9, 0x0, 0x0,
    0x0, 0x0, 0x0, 0x0, 0x0, 0x0, 0x6f, 0xff,
    0xf8, 0xbf, 0xff, 0xf2, 0x0, 0x0, 0x0, 0x0,
    0x0, 0x0, 0x0, 0x0, 0xe, 0xff, 0xfe, 0xff,
    0xff, 0xb0, 0x0, 0x0, 0x0, 0x0, 0x0, 0x0,
    0x0, 0x0, 0x8, 0xff, 0xff, 0xff, 0xff, 0x40,
    0x0, 0x0, 0x0, 0x0, 0x0, 0x0, 0x0, 0x0,
    0x2, 0xff, 0xff, 0xff, 0xfd, 0x0, 0x0, 0x0,
    0x0, 0x0, 0x0, 0x0, 0x0, 0x0, 0x0, 0xbf,
    0xff, 0xff, 0xf6, 0x0, 0x0, 0x0, 0x0, 0x0,
    0x0, 0x0, 0x0, 0x0, 0x0, 0x4f, 0xff, 0xff,
    0xf0, 0x0, 0x0, 0x0, 0x0, 0x0, 0x0, 0x0,
    0x0, 0x0, 0x0, 0xd, 0xff, 0xff, 0x90, 0x0,
    0x0, 0x0, 0x0, 0x0,

    /* U+0057 "W" */
    0xe, 0xff, 0xff, 0x0, 0x0, 0x0, 0x0, 0x0,
    0xef, 0xff, 0xe0, 0x0, 0x0, 0x0, 0x0, 0xf,
    0xff, 0xfd, 0xb, 0xff, 0xff, 0x30, 0x0, 0x0,
    0x0, 0x4, 0xff, 0xff, 0xf3, 0x0, 0x0, 0x0,
    0x0, 0x4f, 0xff, 0xfa, 0x7, 0xff, 0xff, 0x60,
    0x0, 0x0, 0x0, 0x9, 0xff, 0xff, 0xf8, 0x0,
    0x0, 0x0, 0x0, 0x7f, 0xff, 0xf6, 0x4, 0xff,
    0xff, 0x90, 0x0, 0x0, 0x0, 0xe, 0xff, 0xff,
    0xfd, 0x0, 0x0, 0x0, 0x0, 0xaf, 0xff, 0xf2,
    0x0, 0xff, 0xff, 0xc0, 0x0, 0x0, 0x0, 0x3f,
    0xff, 0xff, 0xff, 0x20, 0x0, 0x0, 0x0, 0xdf,
    0xff, 0xf0, 0x0, 0xdf, 0xff, 0xf0, 0x0, 0x0,
    0x0, 0x8f, 0xff, 0xff, 0xff, 0x70, 0x0, 0x0,
    0x0, 0xff, 0xff, 0xb0, 0x0, 0x9f, 0xff, 0xf3,
    0x0, 0x0, 0x0, 0xdf, 0xff, 0xff, 0xff, 0xc0,
    0x0, 0x0, 0x3, 0xff, 0xff, 0x80, 0x0, 0x6f,
    0xff, 0xf6, 0x0, 0x0, 0x2, 0xff, 0xff, 0x7f,
    0xff, 0xf2, 0x0, 0x0, 0x7, 0xff, 0xff, 0x40,
    0x0, 0x2f, 0xff, 0xf9, 0x0, 0x0, 0x8, 0xff,
    0xfc, 0xf, 0xff, 0xf7, 0x0, 0x0, 0xa, 0xff,
    0xff, 0x10, 0x0, 0xe, 0xff, 0xfc, 0x0, 0x0,
    0xd, 0xff, 0xf7, 0xa, 0xff, 0xfc, 0x0, 0x0,
    0xd, 0xff, 0xfd, 0x0, 0x0, 0xb, 0xff, 0xff,
    0x0, 0x0, 0x2f, 0xff, 0xf2, 0x5, 0xff, 0xff,
    0x10, 0x0, 0xf, 0xff, 0xf9, 0x0, 0x0, 0x7,
    0xff, 0xff, 0x20, 0x0, 0x7f, 0xff, 0xd0, 0x0,
    0xff, 0xff, 0x60, 0x0, 0x3f, 0xff, 0xf6, 0x0,
    0x0, 0x4, 0xff, 0xff, 0x50, 0x0, 0xcf, 0xff,
    0x70, 0x0, 0xbf, 0xff, 0xb0, 0x0, 0x7f, 0xff,
    0xf2, 0x0, 0x0, 0x1, 0xff, 0xff, 0x90, 0x1,
    0xff, 0xff, 0x20, 0x0, 0x5f, 0xff, 0xf0, 0x0,
    0xaf, 0xff, 0xf0, 0x0, 0x0, 0x0, 0xdf, 0xff,
    0xc0, 0x6, 0xff, 0xfd, 0x0, 0x0, 0xf, 0xff,
    0xf5, 0x0, 0xdf, 0xff, 0xb0, 0x0, 0x0, 0x0,
    0x9f, 0xff, 0xf0, 0xb, 0xff, 0xf8, 0x0, 0x0,
    0xb, 0xff, 0xfa, 0x0, 0xff, 0xff, 0x80, 0x0,
    0x0, 0x0, 0x6f, 0xff, 0xf2, 0x1f, 0xff, 0xf2,
    0x0, 0x0, 0x5, 0xff, 0xff, 0x3, 0xff, 0xff,
    0x40, 0x0, 0x0, 0x0, 0x2f, 0xff, 0xf5, 0x5f,
    0xff, 0xd0, 0x0, 0x0, 0x0, 0xff, 0xff, 0x46,
    0xff, 0xff, 0x10, 0x0, 0x0, 0x0, 0xf, 0xff,
    0xf8, 0xaf, 0xff, 0x80, 0x0, 0x0, 0x0, 0xbf,
    0xff, 0x9a, 0xff, 0xfd, 0x0, 0x0, 0x0, 0x0,
    0xb, 0xff, 0xfc, 0xff, 0xff, 0x30, 0x0, 0x0,
    0x0, 0x5f, 0xff, 0xed, 0xff, 0xf9, 0x0, 0x0,
    0x0, 0x0, 0x8, 0xff, 0xff, 0xff, 0xfd, 0x0,
    0x0, 0x0, 0x0, 0xf, 0xff, 0xff, 0xff, 0xf6,
    0x0, 0x0, 0x0, 0x0, 0x4, 0xff, 0xff, 0xff,
    0xf8, 0x0, 0x0, 0x0, 0x0, 0xb, 0xff, 0xff,
    0xff, 0xf2, 0x0, 0x0, 0x0, 0x0, 0x1, 0xff,
    0xff, 0xff, 0xf3, 0x0, 0x0, 0x0, 0x0, 0x5,
    0xff, 0xff, 0xff, 0xe0, 0x0, 0x0, 0x0, 0x0,
    0x0, 0xdf, 0xff, 0xff, 0xe0, 0x0, 0x0, 0x0,
    0x0, 0x0, 0xff, 0xff, 0xff, 0xb0, 0x0, 0x0,
    0x0, 0x0, 0x0, 0xaf, 0xff, 0xff, 0x80, 0x0,
    0x0, 0x0, 0x0, 0x0, 0xbf, 0xff, 0xff, 0x70,
    0x0, 0x0, 0x0, 0x0, 0x0, 0x6f, 0xff, 0xff,
    0x30, 0x0, 0x0, 0x0, 0x0, 0x0, 0x5f, 0xff,
    0xff, 0x40, 0x0, 0x0,

    /* U+0058 "X" */
    0x9, 0xff, 0xff, 0xf3, 0x0, 0x0, 0x0, 0x0,
    0x0, 0x3, 0xff, 0xff, 0xf7, 0x0, 0xc, 0xff,
    0xff, 0xd0, 0x0, 0x0, 0x0, 0x0, 0x0, 0xdf,
    0xff, 0xfa, 0x0, 0x0, 0x2e, 0xff, 0xff, 0xa0,
    0x0, 0x0, 0x0, 0x0, 0xaf, 0xff, 0xfd, 0x0,
    0x0, 0x0, 0x4f, 0xff, 0xff, 0x50, 0x0, 0x0,
    0x0, 0x6f, 0xff, 0xff, 0x30, 0x0, 0x0, 0x0,
    0x8f, 0xff, 0xff, 0x20, 0x0, 0x0, 0x2f, 0xff,
    0xff, 0x60, 0x0, 0x0, 0x0, 0x0, 0xcf, 0xff,
    0xfc, 0x0, 0x0, 0xd, 0xff, 0xff, 0xa0, 0x0,
    0x0, 0x0, 0x0, 0x1, 0xef, 0xff, 0xf8, 0x0,
    0x9, 0xff, 0xff, 0xd0, 0x0, 0x0, 0x0, 0x0,
    0x0, 0x4, 0xff, 0xff, 0xf4, 0x4, 0xff, 0xff,
    0xf2, 0x0, 0x0, 0x0, 0x0, 0x0, 0x0, 0x7,
    0xff, 0xff, 0xe3, 0xef, 0xff, 0xf5, 0x0, 0x0,
    0x0, 0x0, 0x0, 0x0, 0x0, 0xb, 0xff, 0xff,
    0xff, 0xff, 0xf9, 0x0, 0x0, 0x0, 0x0, 0x0,
    0x0, 0x0, 0x0, 0x1e, 0xff, 0xff, 0xff, 0xfc,
    0x0, 0x0, 0x0, 0x0, 0x0, 0x0, 0x0, 0x0,
    0x0, 0x3f, 0xff, 0xff, 0xff, 0x20, 0x0, 0x0,
    0x0, 0x0, 0x0, 0x0, 0x0, 0x0, 0x0, 0x8f,
    0xff, 0xff, 0x70, 0x0, 0x0, 0x0, 0x0, 0x0,
    0x0, 0x0, 0x0, 0x0, 0x1e, 0xff, 0xff, 0xfe,
    0x10, 0x0, 0x0, 0x0, 0x0, 0x0, 0x0, 0x0,
    0x0, 0xc, 0xff, 0xff, 0xff, 0xfc, 0x0, 0x0,
    0x0, 0x0, 0x0, 0x0, 0x0, 0x0, 0x8, 0xff,
    0xff, 0xff, 0xff, 0xf8, 0x0, 0x0, 0x0, 0x0,
    0x0, 0x0, 0x0, 0x4, 0xff, 0xff, 0xe5, 0xff,
    0xff, 0xf4, 0x0, 0x0, 0x0, 0x0, 0x0, 0x0,
    0x2, 0xef, 0xff, 0xf4, 0x7, 0xff, 0xff, 0xe1,
    0x0, 0x0, 0x0, 0x0, 0x0, 0x0, 0xcf, 0xff,
    0xf8, 0x0, 0xc, 0xff, 0xff, 0xc0, 0x0, 0x0,
    0x0, 0x0, 0x0, 0x9f, 0xff, 0xfc, 0x0, 0x0,
    0x1e, 0xff, 0xff, 0x90, 0x0, 0x0, 0x0, 0x0,
    0x5f, 0xff, 0xff, 0x20, 0x0, 0x0, 0x4f, 0xff,
    0xff, 0x50, 0x0, 0x0, 0x0, 0x2f, 0xff, 0xff,
    0x50, 0x0, 0x0, 0x0, 0x9f, 0xff, 0xff, 0x20,
    0x0, 0x0, 0xd, 0xff, 0xff, 0x90, 0x0, 0x0,
    0x0, 0x0, 0xcf, 0xff, 0xfd, 0x0, 0x0, 0xa,
    0xff, 0xff, 0xd0, 0x0, 0x0, 0x0, 0x0, 0x2,
    0xff, 0xff, 0xf9, 0x0, 0x6, 0xff, 0xff, 0xf3,
    0x0, 0x0, 0x0, 0x0, 0x0, 0x6, 0xff, 0xff,
    0xf6, 0x3, 0xff, 0xff, 0xf6, 0x0, 0x0, 0x0,
    0x0, 0x0, 0x0, 0xa, 0xff, 0xff, 0xf2,

    /* U+0059 "Y" */
    0xaf, 0xff, 0xfd, 0x0, 0x0, 0x0, 0x0, 0x0,
    0x0, 0x1, 0xef, 0xff, 0xf6, 0x1e, 0xff, 0xff,
    0x90, 0x0, 0x0, 0x0, 0x0, 0x0, 0xa, 0xff,
    0xff, 0xb0, 0x4, 0xff, 0xff, 0xf4, 0x0, 0x0,
    0x0, 0x0, 0x0, 0x5f, 0xff, 0xfe, 0x10, 0x0,
    0x8f, 0xff, 0xfd, 0x0, 0x0, 0x0, 0x0, 0x1,
    0xef, 0xff, 0xf5, 0x0, 0x0, 0xd, 0xff, 0xff,
    0x90, 0x0, 0x0, 0x0, 0xa, 0xff, 0xff, 0xa0,
    0x0, 0x0, 0x3, 0xff, 0xff, 0xf3, 0x0, 0x0,
    0x0, 0x5f, 0xff, 0xfe, 0x0, 0x0, 0x0, 0x0,
    0x7f, 0xff, 0xfd, 0x0, 0x0, 0x1, 0xef, 0xff,
    0xf4, 0x0, 0x0, 0x0, 0x0, 0xc, 0xff, 0xff,
    0x80, 0x0, 0xa, 0xff, 0xff, 0x80, 0x0, 0x0,
    0x0, 0x0, 0x2, 0xff, 0xff, 0xf3, 0x0, 0x4f,
    0xff, 0xfd, 0x0, 0x0, 0x0, 0x0, 0x0, 0x0,
    0x6f, 0xff, 0xfd, 0x1, 0xef, 0xff, 0xf2, 0x0,
    0x0, 0x0, 0x0, 0x0, 0x0, 0xa, 0xff, 0xff,
    0x8a, 0xff, 0xff, 0x70, 0x0, 0x0, 0x0, 0x0,
    0x0, 0x0, 0x1, 0xef, 0xff, 0xff, 0xff, 0xfc,
    0x0, 0x0, 0x0, 0x0, 0x0, 0x0, 0x0, 0x0,
    0x4f, 0xff, 0xff, 0xff, 0xf1, 0x0, 0x0, 0x0,
    0x0, 0x0, 0x0, 0x0, 0x0, 0x9, 0xff, 0xff,
    0xff, 0x50, 0x0, 0x0, 0x0, 0x0, 0x0, 0x0,
    0x0, 0x0, 0x0, 0xdf, 0xff, 0xfa, 0x0, 0x0,
    0x0, 0x0, 0x0, 0x0, 0x0, 0x0, 0x0, 0x0,
    0x7f, 0xff, 0xf4, 0x0, 0x0, 0x0, 0x0, 0x0,
    0x0, 0x0, 0x0, 0x0, 0x0, 0x7f, 0xff, 0xf4,
    0x0, 0x0, 0x0, 0x0, 0x0, 0x0, 0x0, 0x0,
    0x0, 0x0, 0x7f, 0xff, 0xf4, 0x0, 0x0, 0x0,
    0x0, 0x0, 0x0, 0x0, 0x0, 0x0, 0x0, 0x7f,
    0xff, 0xf4, 0x0, 0x0, 0x0, 0x0, 0x0, 0x0,
    0x0, 0x0, 0x0, 0x0, 0x7f, 0xff, 0xf4, 0x0,
    0x0, 0x0, 0x0, 0x0, 0x0, 0x0, 0x0, 0x0,
    0x0, 0x7f, 0xff, 0xf4, 0x0, 0x0, 0x0, 0x0,
    0x0, 0x0, 0x0, 0x0, 0x0, 0x0, 0x7f, 0xff,
    0xf4, 0x0, 0x0, 0x0, 0x0, 0x0, 0x0, 0x0,
    0x0, 0x0, 0x0, 0x7f, 0xff, 0xf4, 0x0, 0x0,
    0x0, 0x0, 0x0, 0x0, 0x0, 0x0, 0x0, 0x0,
    0x7f, 0xff, 0xf4, 0x0, 0x0, 0x0, 0x0, 0x0,
    0x0, 0x0, 0x0, 0x0, 0x0, 0x7f, 0xff, 0xf4,
    0x0, 0x0, 0x0, 0x0, 0x0, 0x0, 0x0, 0x0,
    0x0, 0x0, 0x7f, 0xff, 0xf4, 0x0, 0x0, 0x0,
    0x0, 0x0,

    /* U+005A "Z" */
    0x6f, 0xff, 0xff, 0xff, 0xff, 0xff, 0xff, 0xff,
    0xff, 0xff, 0xff, 0xe0, 0x6f, 0xff, 0xff, 0xff,
    0xff, 0xff, 0xff, 0xff, 0xff, 0xff, 0xff, 0xe0,
    0x6f, 0xff, 0xff, 0xff, 0xff, 0xff, 0xff, 0xff,
    0xff, 0xff, 0xff, 0xe0, 0x5f, 0xff, 0xff, 0xff,
    0xff, 0xff, 0xff, 0xff, 0xff, 0xff, 0xff, 0xc0,
    0x0, 0x0, 0x0, 0x0, 0x0, 0x0, 0x0, 0x1,
    0xdf, 0xff, 0xfe, 0x10, 0x0, 0x0, 0x0, 0x0,
    0x0, 0x0, 0x0, 0xc, 0xff, 0xff, 0xf2, 0x0,
    0x0, 0x0, 0x0, 0x0, 0x0, 0x0, 0x0, 0xbf,
    0xff, 0xff, 0x40, 0x0, 0x0, 0x0, 0x0, 0x0,
    0x0, 0x0, 0x9, 0xff, 0xff, 0xf5, 0x0, 0x0,
    0x0, 0x0, 0x0, 0x0, 0x0, 0x0, 0x8f, 0xff,
    0xff, 0x60, 0x0, 0x0, 0x0, 0x0, 0x0, 0x0,
    0x0, 0x6, 0xff, 0xff, 0xf8, 0x0, 0x0, 0x0,
    0x0, 0x0, 0x0, 0x0, 0x0, 0x4f, 0xff, 0xff,
    0x90, 0x0, 0x0, 0x0, 0x0, 0x0, 0x0, 0x0,
    0x3, 0xff, 0xff, 0xfb, 0x0, 0x0, 0x0, 0x0,
    0x0, 0x0, 0x0, 0x0, 0x2e, 0xff, 0xff, 0xc0,
    0x0, 0x0, 0x0, 0x0, 0x0, 0x0, 0x0, 0x1,
    0xdf, 0xff, 0xfd, 0x10, 0x0, 0x0, 0x0, 0x0,
    0x0, 0x0, 0x0, 0xc, 0xff, 0xff, 0xe2, 0x0,
    0x0, 0x0, 0x0, 0x0, 0x0, 0x0, 0x0, 0xbf,
    0xff, 0xff, 0x20, 0x0, 0x0, 0x0, 0x0, 0x0,
    0x0, 0x0, 0xa, 0xff, 0xff, 0xf4, 0x0, 0x0,
    0x0, 0x0, 0x0, 0x0, 0x0, 0x0, 0x8f, 0xff,
    0xff, 0x50, 0x0, 0x0, 0x0, 0x0, 0x0, 0x0,
    0x0, 0x6, 0xff, 0xff, 0xf6, 0x0, 0x0, 0x0,
    0x0, 0x0, 0x0, 0x0, 0x0, 0x5f, 0xff, 0xff,
    0x80, 0x0, 0x0, 0x0, 0x0, 0x0, 0x0, 0x0,
    0x3, 0xff, 0xff, 0xf9, 0x0, 0x0, 0x0, 0x0,
    0x0, 0x0, 0x0, 0x0, 0x2e, 0xff, 0xff, 0xb0,
    0x0, 0x0, 0x0, 0x0, 0x0, 0x0, 0x0, 0x0,
    0xdf, 0xff, 0xff, 0xff, 0xff, 0xff, 0xff, 0xff,
    0xff, 0xff, 0xff, 0xf8, 0xff, 0xff, 0xff, 0xff,
    0xff, 0xff, 0xff, 0xff, 0xff, 0xff, 0xff, 0xf8,
    0xff, 0xff, 0xff, 0xff, 0xff, 0xff, 0xff, 0xff,
    0xff, 0xff, 0xff, 0xf8, 0xff, 0xff, 0xff, 0xff,
    0xff, 0xff, 0xff, 0xff, 0xff, 0xff, 0xff, 0xf8,

    /* U+005B "[" */
    0x3f, 0xff, 0xff, 0xff, 0xff, 0xfc, 0x3f, 0xff,
    0xff, 0xff, 0xff, 0xfc, 0x3f, 0xff, 0xff, 0xff,
    0xff, 0xfc, 0x3f, 0xff, 0xfd, 0xdd, 0xdd, 0xda,
    0x3f, 0xff, 0xf3, 0x0, 0x0, 0x0, 0x3f, 0xff,
    0xf3, 0x0, 0x0, 0x0, 0x3f, 0xff, 0xf3, 0x0,
    0x0, 0x0, 0x3f, 0xff, 0xf3, 0x0, 0x0, 0x0,
    0x3f, 0xff, 0xf3, 0x0, 0x0, 0x0, 0x3f, 0xff,
    0xf3, 0x0, 0x0, 0x0, 0x3f, 0xff, 0xf3, 0x0,
    0x0, 0x0, 0x3f, 0xff, 0xf3, 0x0, 0x0, 0x0,
    0x3f, 0xff, 0xf3, 0x0, 0x0, 0x0, 0x3f, 0xff,
    0xf3, 0x0, 0x0, 0x0, 0x3f, 0xff, 0xf3, 0x0,
    0x0, 0x0, 0x3f, 0xff, 0xf3, 0x0, 0x0, 0x0,
    0x3f, 0xff, 0xf3, 0x0, 0x0, 0x0, 0x3f, 0xff,
    0xf3, 0x0, 0x0, 0x0, 0x3f, 0xff, 0xf3, 0x0,
    0x0, 0x0, 0x3f, 0xff, 0xf3, 0x0, 0x0, 0x0,
    0x3f, 0xff, 0xf3, 0x0, 0x0, 0x0, 0x3f, 0xff,
    0xf3, 0x0, 0x0, 0x0, 0x3f, 0xff, 0xf3, 0x0,
    0x0, 0x0, 0x3f, 0xff, 0xf3, 0x0, 0x0, 0x0,
    0x3f, 0xff, 0xf3, 0x0, 0x0, 0x0, 0x3f, 0xff,
    0xf3, 0x0, 0x0, 0x0, 0x3f, 0xff, 0xf3, 0x0,
    0x0, 0x0, 0x3f, 0xff, 0xf3, 0x0, 0x0, 0x0,
    0x3f, 0xff, 0xf3, 0x0, 0x0, 0x0, 0x3f, 0xff,
    0xf3, 0x0, 0x0, 0x0, 0x3f, 0xff, 0xf3, 0x0,
    0x0, 0x0, 0x3f, 0xff, 0xfd, 0xdd, 0xdd, 0xda,
    0x3f, 0xff, 0xff, 0xff, 0xff, 0xfc, 0x3f, 0xff,
    0xff, 0xff, 0xff, 0xfc, 0x3f, 0xff, 0xff, 0xff,
    0xff, 0xfc,

    /* U+005C "\\" */
    0xaf, 0xff, 0x70, 0x0, 0x0, 0x0, 0x0, 0x0,
    0x5f, 0xff, 0xc0, 0x0, 0x0, 0x0, 0x0, 0x0,
    0xf, 0xff, 0xf1, 0x0, 0x0, 0x0, 0x0, 0x0,
    0xb, 0xff, 0xf6, 0x0, 0x0, 0x0, 0x0, 0x0,
    0x6, 0xff, 0xfb, 0x0, 0x0, 0x0, 0x0, 0x0,
    0x1, 0xff, 0xff, 0x10, 0x0, 0x0, 0x0, 0x0,
    0x0, 0xcf, 0xff, 0x60, 0x0, 0x0, 0x0, 0x0,
    0x0, 0x7f, 0xff, 0xb0, 0x0, 0x0, 0x0, 0x0,
    0x0, 0x2f, 0xff, 0xf0, 0x0, 0x0, 0x0, 0x0,
    0x0, 0xc, 0xff, 0xf5, 0x0, 0x0, 0x0, 0x0,
    0x0, 0x7, 0xff, 0xfa, 0x0, 0x0, 0x0, 0x0,
    0x0, 0x2, 0xff, 0xff, 0x0, 0x0, 0x0, 0x0,
    0x0, 0x0, 0xdf, 0xff, 0x40, 0x0, 0x0, 0x0,
    0x0, 0x0, 0x8f, 0xff, 0x90, 0x0, 0x0, 0x0,
    0x0, 0x0, 0x3f, 0xff, 0xe0, 0x0, 0x0, 0x0,
    0x0, 0x0, 0xe, 0xff, 0xf3, 0x0, 0x0, 0x0,
    0x0, 0x0, 0x9, 0xff, 0xf8, 0x0, 0x0, 0x0,
    0x0, 0x0, 0x4, 0xff, 0xfd, 0x0, 0x0, 0x0,
    0x0, 0x0, 0x0, 0xff, 0xff, 0x20, 0x0, 0x0,
    0x0, 0x0, 0x0, 0xaf, 0xff, 0x70, 0x0, 0x0,
    0x0, 0x0, 0x0, 0x5f, 0xff, 0xc0, 0x0, 0x0,
    0x0, 0x0, 0x0, 0xf, 0xff, 0xf2, 0x0, 0x0,
    0x0, 0x0, 0x0, 0xb, 0xff, 0xf7, 0x0, 0x0,
    0x0, 0x0, 0x0, 0x6, 0xff, 0xfc, 0x0, 0x0,
    0x0, 0x0, 0x0, 0x1, 0xff, 0xff, 0x10, 0x0,
    0x0, 0x0, 0x0, 0x0, 0xcf, 0xff, 0x60, 0x0,
    0x0, 0x0, 0x0, 0x0, 0x7f, 0xff, 0xb0, 0x0,
    0x0, 0x0, 0x0, 0x0, 0x1f, 0xff, 0xf0, 0x0,
    0x0, 0x0, 0x0, 0x0, 0xc, 0xff, 0xf5, 0x0,
    0x0, 0x0, 0x0, 0x0, 0x7, 0xff, 0xfa, 0x0,
    0x0, 0x0, 0x0, 0x0, 0x2, 0xff, 0xff, 0x0,
    0x0, 0x0, 0x0, 0x0, 0x0, 0xdf, 0xff, 0x40,
    0x0, 0x0, 0x0, 0x0, 0x0, 0x8f, 0xff, 0x90,
    0x0, 0x0, 0x0, 0x0, 0x0, 0x3f, 0xff, 0xe0,
    0x0, 0x0, 0x0, 0x0, 0x0, 0xe, 0xff, 0xf3,

    /* U+005D "]" */
    0x3f, 0xff, 0xff, 0xff, 0xff, 0xfc, 0x3f, 0xff,
    0xff, 0xff, 0xff, 0xfc, 0x3f, 0xff, 0xff, 0xff,
    0xff, 0xfc, 0x2d, 0xdd, 0xdd, 0xde, 0xff, 0xfc,
    0x0, 0x0, 0x0, 0x9, 0xff, 0xfc, 0x0, 0x0,
    0x0, 0x9, 0xff, 0xfc, 0x0, 0x0, 0x0, 0x9,
    0xff, 0xfc, 0x0, 0x0, 0x0, 0x9, 0xff, 0xfc,
    0x0, 0x0, 0x0, 0x9, 0xff, 0xfc, 0x0, 0x0,
    0x0, 0x9, 0xff, 0xfc, 0x0, 0x0, 0x0, 0x9,
    0xff, 0xfc, 0x0, 0x0, 0x0, 0x9, 0xff, 0xfc,
    0x0, 0x0, 0x0, 0x9, 0xff, 0xfc, 0x0, 0x0,
    0x0, 0x9, 0xff, 0xfc, 0x0, 0x0, 0x0, 0x9,
    0xff, 0xfc, 0x0, 0x0, 0x0, 0x9, 0xff, 0xfc,
    0x0, 0x0, 0x0, 0x9, 0xff, 0xfc, 0x0, 0x0,
    0x0, 0x9, 0xff, 0xfc, 0x0, 0x0, 0x0, 0x9,
    0xff, 0xfc, 0x0, 0x0, 0x0, 0x9, 0xff, 0xfc,
    0x0, 0x0, 0x0, 0x9, 0xff, 0xfc, 0x0, 0x0,
    0x0, 0x9, 0xff, 0xfc, 0x0, 0x0, 0x0, 0x9,
    0xff, 0xfc, 0x0, 0x0, 0x0, 0x9, 0xff, 0xfc,
    0x0, 0x0, 0x0, 0x9, 0xff, 0xfc, 0x0, 0x0,
    0x0, 0x9, 0xff, 0xfc, 0x0, 0x0, 0x0, 0x9,
    0xff, 0xfc, 0x0, 0x0, 0x0, 0x9, 0xff, 0xfc,
    0x0, 0x0, 0x0, 0x9, 0xff, 0xfc, 0x0, 0x0,
    0x0, 0x9, 0xff, 0xfc, 0x0, 0x0, 0x0, 0x9,
    0xff, 0xfc, 0x2d, 0xdd, 0xdd, 0xde, 0xff, 0xfc,
    0x3f, 0xff, 0xff, 0xff, 0xff, 0xfc, 0x3f, 0xff,
    0xff, 0xff, 0xff, 0xfc, 0x3f, 0xff, 0xff, 0xff,
    0xff, 0xfc,

    /* U+005E "^" */
    0x0, 0x0, 0x6, 0x88, 0x86, 0x0, 0x0, 0x0,
    0x0, 0x4, 0xff, 0xff, 0xf3, 0x0, 0x0, 0x0,
    0x0, 0xcf, 0xff, 0xff, 0xc0, 0x0, 0x0, 0x0,
    0x5f, 0xff, 0xdf, 0xff, 0x50, 0x0, 0x0, 0xe,
    0xff, 0xe1, 0xef, 0xfe, 0x0, 0x0, 0x7, 0xff,
    0xf7, 0x7, 0xff, 0xf7, 0x0, 0x1, 0xff, 0xfe,
    0x0, 0xe, 0xff, 0xf1, 0x0, 0x9f, 0xff, 0x60,
    0x0, 0x6f, 0xff, 0x90, 0x2f, 0xff, 0xe0, 0x0,
    0x0, 0xef, 0xff, 0x2b, 0xff, 0xf6, 0x0, 0x0,
    0x6, 0xff, 0xfb,

    /* U+005F "_" */
    0x1f, 0xff, 0xff, 0xff, 0xff, 0xff, 0xff, 0xff,
    0xff, 0xff, 0x41, 0xff, 0xff, 0xff, 0xff, 0xff,
    0xff, 0xff, 0xff, 0xff, 0xf4, 0x1f, 0xff, 0xff,
    0xff, 0xff, 0xff, 0xff, 0xff, 0xff, 0xff, 0x41,
    0xff, 0xff, 0xff, 0xff, 0xff, 0xff, 0xff, 0xff,
    0xff, 0xf4,

    /* U+0060 "`" */
    0x0, 0x0, 0x0, 0x0, 0x0, 0x98, 0x0, 0x0,
    0x0, 0x1f, 0xfe, 0x60, 0x0, 0x8, 0xff, 0xff,
    0xd4, 0x0, 0x6, 0xdf, 0xff, 0xfb, 0x10, 0x0,
    0x4c, 0xff, 0xf1, 0x0, 0x0, 0x3, 0xa9, 0x0,
    0x0, 0x0, 0x0, 0x0,

    /* U+0061 "a" */
    0x0, 0x0, 0x0, 0x3, 0x57, 0x76, 0x30, 0x0,
    0x0, 0x0, 0x0, 0x2, 0x9e, 0xff, 0xff, 0xff,
    0xe7, 0x0, 0x0, 0x0, 0x8, 0xff, 0xff, 0xff,
    0xff, 0xff, 0xfc, 0x10, 0x0, 0xa, 0xff, 0xff,
    0xff, 0xff, 0xff, 0xff, 0xfb, 0x0, 0x0, 0x2f,
    0xff, 0xd7, 0x32, 0x37, 0xef, 0xff, 0xf4, 0x0,
    0x0, 0x4e, 0x40, 0x0, 0x0, 0x1, 0xef, 0xff,
    0xb0, 0x0, 0x0, 0x0, 0x0, 0x0, 0x0, 0x6,
    0xff, 0xff, 0x0, 0x0, 0x0, 0x0, 0x0, 0x0,
    0x0, 0x3f, 0xff, 0xf1, 0x0, 0x0, 0x49, 0xce,
    0xff, 0xff, 0xff, 0xff, 0xff, 0x20, 0x3, 0xdf,
    0xff, 0xff, 0xff, 0xff, 0xff, 0xff, 0xf2, 0x3,
    0xff, 0xff, 0xff, 0xff, 0xff, 0xff, 0xff, 0xff,
    0x20, 0xdf, 0xff, 0xf8, 0x42, 0x11, 0x11, 0x4f,
    0xff, 0xf2, 0x2f, 0xff, 0xf5, 0x0, 0x0, 0x0,
    0x6, 0xff, 0xff, 0x24, 0xff, 0xff, 0x0, 0x0,
    0x0, 0x0, 0xcf, 0xff, 0xf2, 0x3f, 0xff, 0xf3,
    0x0, 0x0, 0x0, 0x8f, 0xff, 0xff, 0x20, 0xff,
    0xff, 0xd3, 0x0, 0x2, 0xbf, 0xff, 0xff, 0xf2,
    0x9, 0xff, 0xff, 0xfe, 0xce, 0xff, 0xff, 0xff,
    0xff, 0x20, 0xc, 0xff, 0xff, 0xff, 0xff, 0xfe,
    0x4f, 0xff, 0xf2, 0x0, 0x8, 0xff, 0xff, 0xff,
    0xf9, 0x10, 0xff, 0xff, 0x20, 0x0, 0x0, 0x46,
    0x76, 0x40, 0x0, 0x0, 0x0, 0x0,

    /* U+0062 "b" */
    0x5f, 0xff, 0xf1, 0x0, 0x0, 0x0, 0x0, 0x0,
    0x0, 0x0, 0x5, 0xff, 0xff, 0x10, 0x0, 0x0,
    0x0, 0x0, 0x0, 0x0, 0x0, 0x5f, 0xff, 0xf1,
    0x0, 0x0, 0x0, 0x0, 0x0, 0x0, 0x0, 0x5,
    0xff, 0xff, 0x10, 0x0, 0x0, 0x0, 0x0, 0x0,
    0x0, 0x0, 0x5f, 0xff, 0xf1, 0x0, 0x0, 0x0,
    0x0, 0x0, 0x0, 0x0, 0x5, 0xff, 0xff, 0x10,
    0x0, 0x0, 0x0, 0x0, 0x0, 0x0, 0x0, 0x5f,
    0xff, 0xf1, 0x0, 0x0, 0x0, 0x0, 0x0, 0x0,
    0x0, 0x5, 0xff, 0xff, 0x10, 0x1, 0x57, 0x75,
    0x20, 0x0, 0x0, 0x0, 0x5f, 0xff, 0xf1, 0x2b,
    0xff, 0xff, 0xff, 0xd5, 0x0, 0x0, 0x5, 0xff,
    0xff, 0x8f, 0xff, 0xff, 0xff, 0xff, 0xfa, 0x0,
    0x0, 0x5f, 0xff, 0xff, 0xff, 0xff, 0xff, 0xff,
    0xff, 0xfb, 0x0, 0x5, 0xff, 0xff, 0xff, 0xfa,
    0x65, 0x7c, 0xff, 0xff, 0xf8, 0x0, 0x5f, 0xff,
    0xff, 0xd2, 0x0, 0x0, 0x5, 0xff, 0xff, 0xf1,
    0x5, 0xff, 0xff, 0xf2, 0x0, 0x0, 0x0, 0x6,
    0xff, 0xff, 0x70, 0x5f, 0xff, 0xf7, 0x0, 0x0,
    0x0, 0x0, 0xd, 0xff, 0xfc, 0x5, 0xff, 0xff,
    0x20, 0x0, 0x0, 0x0, 0x0, 0x9f, 0xff, 0xe0,
    0x5f, 0xff, 0xf0, 0x0, 0x0, 0x0, 0x0, 0x7,
    0xff, 0xff, 0x5, 0xff, 0xff, 0x0, 0x0, 0x0,
    0x0, 0x0, 0x7f, 0xff, 0xf0, 0x5f, 0xff, 0xf2,
    0x0, 0x0, 0x0, 0x0, 0x9, 0xff, 0xfe, 0x5,
    0xff, 0xff, 0x70, 0x0, 0x0, 0x0, 0x0, 0xef,
    0xff, 0xb0, 0x5f, 0xff, 0xfe, 0x20, 0x0, 0x0,
    0x0, 0x7f, 0xff, 0xf7, 0x5, 0xff, 0xff, 0xfd,
    0x20, 0x0, 0x0, 0x6f, 0xff, 0xfe, 0x10, 0x5f,
    0xff, 0xff, 0xff, 0xa6, 0x67, 0xcf, 0xff, 0xff,
    0x60, 0x5, 0xff, 0xff, 0xff, 0xff, 0xff, 0xff,
    0xff, 0xff, 0xa0, 0x0, 0x5f, 0xff, 0xf6, 0xff,
    0xff, 0xff, 0xff, 0xff, 0x90, 0x0, 0x5, 0xff,
    0xff, 0x3, 0xbf, 0xff, 0xff, 0xfc, 0x40, 0x0,
    0x0, 0x0, 0x0, 0x0, 0x0, 0x15, 0x77, 0x51,
    0x0, 0x0, 0x0, 0x0,

    /* U+0063 "c" */
    0x0, 0x0, 0x0, 0x0, 0x46, 0x77, 0x52, 0x0,
    0x0, 0x0, 0x0, 0x0, 0x1, 0x9f, 0xff, 0xff,
    0xff, 0xc5, 0x0, 0x0, 0x0, 0x0, 0x5f, 0xff,
    0xff, 0xff, 0xff, 0xff, 0xa0, 0x0, 0x0, 0x6,
    0xff, 0xff, 0xff, 0xff, 0xff, 0xff, 0xfa, 0x0,
    0x0, 0x4f, 0xff, 0xff, 0xc7, 0x56, 0xaf, 0xff,
    0xff, 0x50, 0x0, 0xdf, 0xff, 0xf6, 0x0, 0x0,
    0x3, 0xef, 0xff, 0xa0, 0x6, 0xff, 0xff, 0x70,
    0x0, 0x0, 0x0, 0x4f, 0xd5, 0x0, 0xb, 0xff,
    0xfe, 0x0, 0x0, 0x0, 0x0, 0x3, 0x0, 0x0,
    0xe, 0xff, 0xf9, 0x0, 0x0, 0x0, 0x0, 0x0,
    0x0, 0x0, 0xf, 0xff, 0xf7, 0x0, 0x0, 0x0,
    0x0, 0x0, 0x0, 0x0, 0xf, 0xff, 0xf7, 0x0,
    0x0, 0x0, 0x0, 0x0, 0x0, 0x0, 0xe, 0xff,
    0xf9, 0x0, 0x0, 0x0, 0x0, 0x0, 0x0, 0x0,
    0xb, 0xff, 0xfe, 0x0, 0x0, 0x0, 0x0, 0x2,
    0x0, 0x0, 0x7, 0xff, 0xff, 0x80, 0x0, 0x0,
    0x0, 0x1e, 0xe6, 0x0, 0x1, 0xff, 0xff, 0xf7,
    0x0, 0x0, 0x2, 0xdf, 0xff, 0xd0, 0x0, 0x7f,
    0xff, 0xff, 0xd8, 0x56, 0xaf, 0xff, 0xff, 0x70,
    0x0, 0xb, 0xff, 0xff, 0xff, 0xff, 0xff, 0xff,
    0xfb, 0x0, 0x0, 0x0, 0x9f, 0xff, 0xff, 0xff,
    0xff, 0xff, 0xa0, 0x0, 0x0, 0x0, 0x4, 0xbf,
    0xff, 0xff, 0xff, 0xc4, 0x0, 0x0, 0x0, 0x0,
    0x0, 0x1, 0x46, 0x77, 0x51, 0x0, 0x0, 0x0,

    /* U+0064 "d" */
    0x0, 0x0, 0x0, 0x0, 0x0, 0x0, 0x0, 0x0,
    0xff, 0xff, 0x60, 0x0, 0x0, 0x0, 0x0, 0x0,
    0x0, 0x0, 0xf, 0xff, 0xf6, 0x0, 0x0, 0x0,
    0x0, 0x0, 0x0, 0x0, 0x0, 0xff, 0xff, 0x60,
    0x0, 0x0, 0x0, 0x0, 0x0, 0x0, 0x0, 0xf,
    0xff, 0xf6, 0x0, 0x0, 0x0, 0x0, 0x0, 0x0,
    0x0, 0x0, 0xff, 0xff, 0x60, 0x0, 0x0, 0x0,
    0x0, 0x0, 0x0, 0x0, 0xf, 0xff, 0xf6, 0x0,
    0x0, 0x0, 0x0, 0x0, 0x0, 0x0, 0x0, 0xff,
    0xff, 0x60, 0x0, 0x0, 0x0, 0x15, 0x67, 0x62,
    0x0, 0xf, 0xff, 0xf6, 0x0, 0x0, 0x3, 0xbf,
    0xff, 0xff, 0xfd, 0x50, 0xff, 0xff, 0x60, 0x0,
    0x8, 0xff, 0xff, 0xff, 0xff, 0xff, 0xaf, 0xff,
    0xf6, 0x0, 0x9, 0xff, 0xff, 0xff, 0xff, 0xff,
    0xff, 0xff, 0xff, 0x60, 0x6, 0xff, 0xff, 0xfc,
    0x75, 0x6a, 0xff, 0xff, 0xff, 0xf6, 0x0, 0xef,
    0xff, 0xf6, 0x0, 0x0, 0x2, 0xdf, 0xff, 0xff,
    0x60, 0x6f, 0xff, 0xf7, 0x0, 0x0, 0x0, 0x1,
    0xef, 0xff, 0xf6, 0xb, 0xff, 0xfe, 0x0, 0x0,
    0x0, 0x0, 0x7, 0xff, 0xff, 0x60, 0xef, 0xff,
    0x90, 0x0, 0x0, 0x0, 0x0, 0x1f, 0xff, 0xf6,
    0xf, 0xff, 0xf7, 0x0, 0x0, 0x0, 0x0, 0x0,
    0xff, 0xff, 0x60, 0xff, 0xff, 0x70, 0x0, 0x0,
    0x0, 0x0, 0xf, 0xff, 0xf6, 0xe, 0xff, 0xf9,
    0x0, 0x0, 0x0, 0x0, 0x2, 0xff, 0xff, 0x60,
    0xbf, 0xff, 0xe0, 0x0, 0x0, 0x0, 0x0, 0x7f,
    0xff, 0xf6, 0x7, 0xff, 0xff, 0x70, 0x0, 0x0,
    0x0, 0x2e, 0xff, 0xff, 0x60, 0x1f, 0xff, 0xff,
    0x60, 0x0, 0x0, 0x2d, 0xff, 0xff, 0xf6, 0x0,
    0x8f, 0xff, 0xff, 0xc7, 0x56, 0xaf, 0xff, 0xff,
    0xff, 0x60, 0x0, 0xbf, 0xff, 0xff, 0xff, 0xff,
    0xff, 0xff, 0xff, 0xf6, 0x0, 0x0, 0xbf, 0xff,
    0xff, 0xff, 0xff, 0xf4, 0xff, 0xff, 0x60, 0x0,
    0x0, 0x5d, 0xff, 0xff, 0xff, 0xa1, 0xf, 0xff,
    0xf6, 0x0, 0x0, 0x0, 0x2, 0x67, 0x65, 0x0,
    0x0, 0x0, 0x0, 0x0,

    /* U+0065 "e" */
    0x0, 0x0, 0x0, 0x0, 0x46, 0x76, 0x41, 0x0,
    0x0, 0x0, 0x0, 0x0, 0x2, 0xaf, 0xff, 0xff,
    0xff, 0xb3, 0x0, 0x0, 0x0, 0x0, 0x6f, 0xff,
    0xff, 0xff, 0xff, 0xff, 0x70, 0x0, 0x0, 0x8,
    0xff, 0xff, 0xff, 0xff, 0xff, 0xff, 0xf7, 0x0,
    0x0, 0x5f, 0xff, 0xfe, 0x73, 0x13, 0x7f, 0xff,
    0xff, 0x30, 0x0, 0xef, 0xff, 0xd1, 0x0, 0x0,
    0x2, 0xff, 0xff, 0xc0, 0x6, 0xff, 0xff, 0x20,
    0x0, 0x0, 0x0, 0x5f, 0xff, 0xf1, 0xb, 0xff,
    0xfb, 0x0, 0x0, 0x0, 0x0, 0xf, 0xff, 0xf6,
    0xe, 0xff, 0xff, 0xff, 0xff, 0xff, 0xff, 0xff,
    0xff, 0xf7, 0xf, 0xff, 0xff, 0xff, 0xff, 0xff,
    0xff, 0xff, 0xff, 0xf8, 0xf, 0xff, 0xff, 0xff,
    0xff, 0xff, 0xff, 0xff, 0xff, 0xf8, 0xe, 0xff,
    0xfa, 0x22, 0x22, 0x22, 0x22, 0x22, 0x22, 0x20,
    0xb, 0xff, 0xfe, 0x0, 0x0, 0x0, 0x0, 0x0,
    0x0, 0x0, 0x7, 0xff, 0xff, 0x70, 0x0, 0x0,
    0x0, 0x0, 0x80, 0x0, 0x1, 0xff, 0xff, 0xf6,
    0x0, 0x0, 0x0, 0x2c, 0xfb, 0x0, 0x0, 0x7f,
    0xff, 0xff, 0xb5, 0x33, 0x5a, 0xff, 0xff, 0x90,
    0x0, 0xa, 0xff, 0xff, 0xff, 0xff, 0xff, 0xff,
    0xfe, 0x30, 0x0, 0x0, 0x8f, 0xff, 0xff, 0xff,
    0xff, 0xff, 0xc2, 0x0, 0x0, 0x0, 0x3, 0xbf,
    0xff, 0xff, 0xff, 0xc6, 0x0, 0x0, 0x0, 0x0,
    0x0, 0x0, 0x46, 0x76, 0x52, 0x0, 0x0, 0x0,

    /* U+0066 "f" */
    0x0, 0x0, 0x4, 0xbe, 0xff, 0xf7, 0x0, 0x0,
    0x8f, 0xff, 0xff, 0xf7, 0x0, 0x3, 0xff, 0xff,
    0xff, 0xf7, 0x0, 0xa, 0xff, 0xff, 0xc9, 0x94,
    0x0, 0xd, 0xff, 0xfc, 0x0, 0x0, 0x0, 0xe,
    0xff, 0xf8, 0x0, 0x0, 0x0, 0xe, 0xff, 0xf8,
    0x0, 0x0, 0x0, 0xe, 0xff, 0xf8, 0x0, 0x0,
    0x6f, 0xff, 0xff, 0xff, 0xff, 0xf7, 0x6f, 0xff,
    0xff, 0xff, 0xff, 0xf7, 0x6f, 0xff, 0xff, 0xff,
    0xff, 0xf7, 0x5e, 0xef, 0xff, 0xff, 0xee, 0xe6,
    0x0, 0xe, 0xff, 0xf8, 0x0, 0x0, 0x0, 0xe,
    0xff, 0xf8, 0x0, 0x0, 0x0, 0xe, 0xff, 0xf8,
    0x0, 0x0, 0x0, 0xe, 0xff, 0xf8, 0x0, 0x0,
    0x0, 0xe, 0xff, 0xf8, 0x0, 0x0, 0x0, 0xe,
    0xff, 0xf8, 0x0, 0x0, 0x0, 0xe, 0xff, 0xf8,
    0x0, 0x0, 0x0, 0xe, 0xff, 0xf8, 0x0, 0x0,
    0x0, 0xe, 0xff, 0xf8, 0x0, 0x0, 0x0, 0xe,
    0xff, 0xf8, 0x0, 0x0, 0x0, 0xe, 0xff, 0xf8,
    0x0, 0x0, 0x0, 0xe, 0xff, 0xf8, 0x0, 0x0,
    0x0, 0xe, 0xff, 0xf8, 0x0, 0x0, 0x0, 0xe,
    0xff, 0xf8, 0x0, 0x0,

    /* U+0067 "g" */
    0x0, 0x0, 0x0, 0x2, 0x57, 0x75, 0x10, 0x0,
    0x0, 0x0, 0x0, 0x0, 0x0, 0x5d, 0xff, 0xff,
    0xff, 0xb3, 0xf, 0xff, 0xf5, 0x0, 0x0, 0xaf,
    0xff, 0xff, 0xff, 0xff, 0xf6, 0xff, 0xff, 0x50,
    0x0, 0xcf, 0xff, 0xff, 0xff, 0xff, 0xff, 0xff,
    0xff, 0xf5, 0x0, 0x8f, 0xff, 0xff, 0xc7, 0x56,
    0xaf, 0xff, 0xff, 0xff, 0x50, 0x2f, 0xff, 0xff,
    0x50, 0x0, 0x0, 0x2d, 0xff, 0xff, 0xf5, 0x8,
    0xff, 0xff, 0x60, 0x0, 0x0, 0x0, 0x1e, 0xff,
    0xff, 0x50, 0xcf, 0xff, 0xd0, 0x0, 0x0, 0x0,
    0x0, 0x6f, 0xff, 0xf5, 0xf, 0xff, 0xf9, 0x0,
    0x0, 0x0, 0x0, 0x1, 0xff, 0xff, 0x50, 0xff,
    0xff, 0x70, 0x0, 0x0, 0x0, 0x0, 0xf, 0xff,
    0xf5, 0xf, 0xff, 0xf7, 0x0, 0x0, 0x0, 0x0,
    0x0, 0xff, 0xff, 0x50, 0xff, 0xff, 0xa0, 0x0,
    0x0, 0x0, 0x0, 0x3f, 0xff, 0xf5, 0xb, 0xff,
    0xff, 0x10, 0x0, 0x0, 0x0, 0xa, 0xff, 0xff,
    0x50, 0x6f, 0xff, 0xfb, 0x0, 0x0, 0x0, 0x6,
    0xff, 0xff, 0xf5, 0x0, 0xef, 0xff, 0xfc, 0x30,
    0x0, 0x29, 0xff, 0xff, 0xff, 0x50, 0x5, 0xff,
    0xff, 0xff, 0xed, 0xef, 0xff, 0xff, 0xff, 0xf5,
    0x0, 0x7, 0xff, 0xff, 0xff, 0xff, 0xff, 0xfd,
    0xff, 0xff, 0x50, 0x0, 0x5, 0xef, 0xff, 0xff,
    0xff, 0xf9, 0x1f, 0xff, 0xf5, 0x0, 0x0, 0x0,
    0x6b, 0xef, 0xec, 0x82, 0x2, 0xff, 0xff, 0x30,
    0x0, 0x0, 0x0, 0x0, 0x0, 0x0, 0x0, 0x6f,
    0xff, 0xf2, 0x0, 0x0, 0x0, 0x0, 0x0, 0x0,
    0x0, 0x1e, 0xff, 0xfe, 0x0, 0x0, 0x0, 0x0,
    0x0, 0x0, 0x0, 0x4d, 0xff, 0xff, 0x80, 0x0,
    0x0, 0x6, 0xbb, 0xbb, 0xbc, 0xef, 0xff, 0xff,
    0xe1, 0x0, 0x0, 0x0, 0x9f, 0xff, 0xff, 0xff,
    0xff, 0xff, 0xf3, 0x0, 0x0, 0x0, 0x9, 0xff,
    0xff, 0xff, 0xff, 0xff, 0xc2, 0x0, 0x0, 0x0,
    0x0, 0x9f, 0xff, 0xff, 0xfe, 0xb8, 0x30, 0x0,
    0x0,

    /* U+0068 "h" */
    0x5f, 0xff, 0xf1, 0x0, 0x0, 0x0, 0x0, 0x0,
    0x0, 0x5, 0xff, 0xff, 0x10, 0x0, 0x0, 0x0,
    0x0, 0x0, 0x0, 0x5f, 0xff, 0xf1, 0x0, 0x0,
    0x0, 0x0, 0x0, 0x0, 0x5, 0xff, 0xff, 0x10,
    0x0, 0x0, 0x0, 0x0, 0x0, 0x0, 0x5f, 0xff,
    0xf1, 0x0, 0x0, 0x0, 0x0, 0x0, 0x0, 0x5,
    0xff, 0xff, 0x10, 0x0, 0x0, 0x0, 0x0, 0x0,
    0x0, 0x5f, 0xff, 0xf1, 0x0, 0x0, 0x0, 0x0,
    0x0, 0x0, 0x5, 0xff, 0xff, 0x10, 0x2, 0x57,
    0x75, 0x10, 0x0, 0x0, 0x5f, 0xff, 0xf1, 0x3c,
    0xff, 0xff, 0xff, 0xb3, 0x0, 0x5, 0xff, 0xff,
    0x7f, 0xff, 0xff, 0xff, 0xff, 0xf4, 0x0, 0x5f,
    0xff, 0xff, 0xff, 0xff, 0xff, 0xff, 0xff, 0xf2,
    0x5, 0xff, 0xff, 0xff, 0xe8, 0x67, 0xbf, 0xff,
    0xff, 0xa0, 0x5f, 0xff, 0xff, 0xb0, 0x0, 0x0,
    0x5f, 0xff, 0xff, 0x5, 0xff, 0xff, 0xd0, 0x0,
    0x0, 0x0, 0x9f, 0xff, 0xf4, 0x5f, 0xff, 0xf6,
    0x0, 0x0, 0x0, 0x2, 0xff, 0xff, 0x65, 0xff,
    0xff, 0x30, 0x0, 0x0, 0x0, 0xf, 0xff, 0xf7,
    0x5f, 0xff, 0xf1, 0x0, 0x0, 0x0, 0x0, 0xff,
    0xff, 0x85, 0xff, 0xff, 0x10, 0x0, 0x0, 0x0,
    0xf, 0xff, 0xf8, 0x5f, 0xff, 0xf1, 0x0, 0x0,
    0x0, 0x0, 0xff, 0xff, 0x85, 0xff, 0xff, 0x10,
    0x0, 0x0, 0x0, 0xf, 0xff, 0xf8, 0x5f, 0xff,
    0xf1, 0x0, 0x0, 0x0, 0x0, 0xff, 0xff, 0x85,
    0xff, 0xff, 0x10, 0x0, 0x0, 0x0, 0xf, 0xff,
    0xf8, 0x5f, 0xff, 0xf1, 0x0, 0x0, 0x0, 0x0,
    0xff, 0xff, 0x85, 0xff, 0xff, 0x10, 0x0, 0x0,
    0x0, 0xf, 0xff, 0xf8, 0x5f, 0xff, 0xf1, 0x0,
    0x0, 0x0, 0x0, 0xff, 0xff, 0x85, 0xff, 0xff,
    0x10, 0x0, 0x0, 0x0, 0xf, 0xff, 0xf8,

    /* U+0069 "i" */
    0x3f, 0xff, 0xf8, 0x3f, 0xff, 0xf8, 0x3f, 0xff,
    0xf8, 0x3f, 0xff, 0xf8, 0x18, 0x88, 0x84, 0x0,
    0x0, 0x0, 0x0, 0x0, 0x0, 0x0, 0x0, 0x0,
    0x1f, 0xff, 0xf5, 0x1f, 0xff, 0xf5, 0x1f, 0xff,
    0xf5, 0x1f, 0xff, 0xf5, 0x1f, 0xff, 0xf5, 0x1f,
    0xff, 0xf5, 0x1f, 0xff, 0xf5, 0x1f, 0xff, 0xf5,
    0x1f, 0xff, 0xf5, 0x1f, 0xff, 0xf5, 0x1f, 0xff,
    0xf5, 0x1f, 0xff, 0xf5, 0x1f, 0xff, 0xf5, 0x1f,
    0xff, 0xf5, 0x1f, 0xff, 0xf5, 0x1f, 0xff, 0xf5,
    0x1f, 0xff, 0xf5, 0x1f, 0xff, 0xf5,

    /* U+006A "j" */
    0x0, 0x2, 0xff, 0xff, 0xa0, 0x0, 0x2f, 0xff,
    0xfa, 0x0, 0x2, 0xff, 0xff, 0xa0, 0x0, 0x2f,
    0xff, 0xfa, 0x0, 0x1, 0x88, 0x88, 0x50, 0x0,
    0x0, 0x0, 0x0, 0x0, 0x0, 0x0, 0x0, 0x0,
    0x0, 0x0, 0x0, 0x0, 0x0, 0x0, 0xff, 0xff,
    0x70, 0x0, 0xf, 0xff, 0xf7, 0x0, 0x0, 0xff,
    0xff, 0x70, 0x0, 0xf, 0xff, 0xf7, 0x0, 0x0,
    0xff, 0xff, 0x70, 0x0, 0xf, 0xff, 0xf7, 0x0,
    0x0, 0xff, 0xff, 0x70, 0x0, 0xf, 0xff, 0xf7,
    0x0, 0x0, 0xff, 0xff, 0x70, 0x0, 0xf, 0xff,
    0xf7, 0x0, 0x0, 0xff, 0xff, 0x70, 0x0, 0xf,
    0xff, 0xf7, 0x0, 0x0, 0xff, 0xff, 0x70, 0x0,
    0xf, 0xff, 0xf7, 0x0, 0x0, 0xff, 0xff, 0x70,
    0x0, 0xf, 0xff, 0xf7, 0x0, 0x0, 0xff, 0xff,
    0x70, 0x0, 0xf, 0xff, 0xf7, 0x0, 0x0, 0xff,
    0xff, 0x70, 0x0, 0xf, 0xff, 0xf7, 0x0, 0x4,
    0xff, 0xff, 0x54, 0x9a, 0xff, 0xff, 0xf2, 0x8f,
    0xff, 0xff, 0xfb, 0x8, 0xff, 0xff, 0xfd, 0x10,
    0x8f, 0xff, 0xc7, 0x0, 0x0,

    /* U+006B "k" */
    0x5f, 0xff, 0xf1, 0x0, 0x0, 0x0, 0x0, 0x0,
    0x0, 0x5, 0xff, 0xff, 0x10, 0x0, 0x0, 0x0,
    0x0, 0x0, 0x0, 0x5f, 0xff, 0xf1, 0x0, 0x0,
    0x0, 0x0, 0x0, 0x0, 0x5, 0xff, 0xff, 0x10,
    0x0, 0x0, 0x0, 0x0, 0x0, 0x0, 0x5f, 0xff,
    0xf1, 0x0, 0x0, 0x0, 0x0, 0x0, 0x0, 0x5,
    0xff, 0xff, 0x10, 0x0, 0x0, 0x0, 0x0, 0x0,
    0x0, 0x5f, 0xff, 0xf1, 0x0, 0x0, 0x0, 0x0,
    0x0, 0x0, 0x5, 0xff, 0xff, 0x10, 0x0, 0x0,
    0x0, 0x0, 0x0, 0x0, 0x5f, 0xff, 0xf1, 0x0,
    0x0, 0x3, 0xef, 0xff, 0xf8, 0x5, 0xff, 0xff,
    0x10, 0x0, 0x3, 0xef, 0xff, 0xf7, 0x0, 0x5f,
    0xff, 0xf1, 0x0, 0x3, 0xef, 0xff, 0xf6, 0x0,
    0x5, 0xff, 0xff, 0x10, 0x3, 0xef, 0xff, 0xf6,
    0x0, 0x0, 0x5f, 0xff, 0xf1, 0x3, 0xef, 0xff,
    0xf5, 0x0, 0x0, 0x5, 0xff, 0xff, 0x13, 0xef,
    0xff, 0xf4, 0x0, 0x0, 0x0, 0x5f, 0xff, 0xf4,
    0xef, 0xff, 0xf4, 0x0, 0x0, 0x0, 0x5, 0xff,
    0xff, 0xff, 0xff, 0xe3, 0x0, 0x0, 0x0, 0x0,
    0x5f, 0xff, 0xff, 0xff, 0xf3, 0x0, 0x0, 0x0,
    0x0, 0x5, 0xff, 0xff, 0xff, 0xff, 0xa0, 0x0,
    0x0, 0x0, 0x0, 0x5f, 0xff, 0xfd, 0xff, 0xff,
    0xa0, 0x0, 0x0, 0x0, 0x5, 0xff, 0xff, 0x2c,
    0xff, 0xff, 0xa0, 0x0, 0x0, 0x0, 0x5f, 0xff,
    0xf1, 0x1d, 0xff, 0xff, 0x90, 0x0, 0x0, 0x5,
    0xff, 0xff, 0x10, 0x1d, 0xff, 0xff, 0x90, 0x0,
    0x0, 0x5f, 0xff, 0xf1, 0x0, 0x1e, 0xff, 0xff,
    0x90, 0x0, 0x5, 0xff, 0xff, 0x10, 0x0, 0x2e,
    0xff, 0xff, 0x90, 0x0, 0x5f, 0xff, 0xf1, 0x0,
    0x0, 0x2e, 0xff, 0xff, 0x90, 0x5, 0xff, 0xff,
    0x10, 0x0, 0x0, 0x3f, 0xff, 0xff, 0x90,

    /* U+006C "l" */
    0x1f, 0xff, 0xf5, 0x1f, 0xff, 0xf5, 0x1f, 0xff,
    0xf5, 0x1f, 0xff, 0xf5, 0x1f, 0xff, 0xf5, 0x1f,
    0xff, 0xf5, 0x1f, 0xff, 0xf5, 0x1f, 0xff, 0xf5,
    0x1f, 0xff, 0xf5, 0x1f, 0xff, 0xf5, 0x1f, 0xff,
    0xf5, 0x1f, 0xff, 0xf5, 0x1f, 0xff, 0xf5, 0x1f,
    0xff, 0xf5, 0x1f, 0xff, 0xf5, 0x1f, 0xff, 0xf5,
    0x1f, 0xff, 0xf5, 0x1f, 0xff, 0xf5, 0x1f, 0xff,
    0xf5, 0x1f, 0xff, 0xf5, 0x1f, 0xff, 0xf5, 0x1f,
    0xff, 0xf5, 0x1f, 0xff, 0xf5, 0x1f, 0xff, 0xf5,
    0x1f, 0xff, 0xf5, 0x1f, 0xff, 0xf5,

    /* U+006D "m" */
    0x0, 0x0, 0x0, 0x0, 0x57, 0x75, 0x0, 0x0,
    0x0, 0x4, 0x67, 0x63, 0x0, 0x0, 0x5, 0xff,
    0xff, 0x7, 0xff, 0xff, 0xff, 0x90, 0x0, 0x8f,
    0xff, 0xff, 0xfe, 0x50, 0x0, 0x5f, 0xff, 0xfb,
    0xff, 0xff, 0xff, 0xff, 0xc2, 0xdf, 0xff, 0xff,
    0xff, 0xff, 0x80, 0x5, 0xff, 0xff, 0xff, 0xff,
    0xff, 0xff, 0xff, 0xff, 0xff, 0xff, 0xff, 0xff,
    0xff, 0x50, 0x5f, 0xff, 0xff, 0xfa, 0x67, 0xcf,
    0xff, 0xff, 0xff, 0xe8, 0x68, 0xdf, 0xff, 0xfd,
    0x5, 0xff, 0xff, 0xf3, 0x0, 0x0, 0x9f, 0xff,
    0xff, 0xd1, 0x0, 0x0, 0xcf, 0xff, 0xf3, 0x5f,
    0xff, 0xf8, 0x0, 0x0, 0x0, 0xef, 0xff, 0xf3,
    0x0, 0x0, 0x4, 0xff, 0xff, 0x65, 0xff, 0xff,
    0x30, 0x0, 0x0, 0xc, 0xff, 0xfe, 0x0, 0x0,
    0x0, 0xf, 0xff, 0xf8, 0x5f, 0xff, 0xf1, 0x0,
    0x0, 0x0, 0xaf, 0xff, 0xc0, 0x0, 0x0, 0x0,
    0xef, 0xff, 0x85, 0xff, 0xff, 0x10, 0x0, 0x0,
    0xa, 0xff, 0xfc, 0x0, 0x0, 0x0, 0xe, 0xff,
    0xf8, 0x5f, 0xff, 0xf1, 0x0, 0x0, 0x0, 0xaf,
    0xff, 0xc0, 0x0, 0x0, 0x0, 0xef, 0xff, 0x85,
    0xff, 0xff, 0x10, 0x0, 0x0, 0xa, 0xff, 0xfc,
    0x0, 0x0, 0x0, 0xe, 0xff, 0xf8, 0x5f, 0xff,
    0xf1, 0x0, 0x0, 0x0, 0xaf, 0xff, 0xc0, 0x0,
    0x0, 0x0, 0xef, 0xff, 0x85, 0xff, 0xff, 0x10,
    0x0, 0x0, 0xa, 0xff, 0xfc, 0x0, 0x0, 0x0,
    0xe, 0xff, 0xf8, 0x5f, 0xff, 0xf1, 0x0, 0x0,
    0x0, 0xaf, 0xff, 0xc0, 0x0, 0x0, 0x0, 0xef,
    0xff, 0x85, 0xff, 0xff, 0x10, 0x0, 0x0, 0xa,
    0xff, 0xfc, 0x0, 0x0, 0x0, 0xe, 0xff, 0xf8,
    0x5f, 0xff, 0xf1, 0x0, 0x0, 0x0, 0xaf, 0xff,
    0xc0, 0x0, 0x0, 0x0, 0xef, 0xff, 0x85, 0xff,
    0xff, 0x10, 0x0, 0x0, 0xa, 0xff, 0xfc, 0x0,
    0x0, 0x0, 0xe, 0xff, 0xf8, 0x5f, 0xff, 0xf1,
    0x0, 0x0, 0x0, 0xaf, 0xff, 0xc0, 0x0, 0x0,
    0x0, 0xef, 0xff, 0x80,

    /* U+006E "n" */
    0x0, 0x0, 0x0, 0x0, 0x25, 0x77, 0x51, 0x0,
    0x0, 0x5, 0xff, 0xff, 0x3, 0xcf, 0xff, 0xff,
    0xfb, 0x20, 0x0, 0x5f, 0xff, 0xf5, 0xff, 0xff,
    0xff, 0xff, 0xff, 0x40, 0x5, 0xff, 0xff, 0xff,
    0xff, 0xff, 0xff, 0xff, 0xff, 0x10, 0x5f, 0xff,
    0xff, 0xfe, 0x86, 0x7b, 0xff, 0xff, 0xf9, 0x5,
    0xff, 0xff, 0xfb, 0x0, 0x0, 0x5, 0xff, 0xff,
    0xf0, 0x5f, 0xff, 0xfd, 0x0, 0x0, 0x0, 0x9,
    0xff, 0xff, 0x45, 0xff, 0xff, 0x60, 0x0, 0x0,
    0x0, 0x2f, 0xff, 0xf6, 0x5f, 0xff, 0xf3, 0x0,
    0x0, 0x0, 0x0, 0xff, 0xff, 0x75, 0xff, 0xff,
    0x10, 0x0, 0x0, 0x0, 0xf, 0xff, 0xf8, 0x5f,
    0xff, 0xf1, 0x0, 0x0, 0x0, 0x0, 0xff, 0xff,
    0x85, 0xff, 0xff, 0x10, 0x0, 0x0, 0x0, 0xf,
    0xff, 0xf8, 0x5f, 0xff, 0xf1, 0x0, 0x0, 0x0,
    0x0, 0xff, 0xff, 0x85, 0xff, 0xff, 0x10, 0x0,
    0x0, 0x0, 0xf, 0xff, 0xf8, 0x5f, 0xff, 0xf1,
    0x0, 0x0, 0x0, 0x0, 0xff, 0xff, 0x85, 0xff,
    0xff, 0x10, 0x0, 0x0, 0x0, 0xf, 0xff, 0xf8,
    0x5f, 0xff, 0xf1, 0x0, 0x0, 0x0, 0x0, 0xff,
    0xff, 0x85, 0xff, 0xff, 0x10, 0x0, 0x0, 0x0,
    0xf, 0xff, 0xf8, 0x5f, 0xff, 0xf1, 0x0, 0x0,
    0x0, 0x0, 0xff, 0xff, 0x80,

    /* U+006F "o" */
    0x0, 0x0, 0x0, 0x0, 0x36, 0x77, 0x52, 0x0,
    0x0, 0x0, 0x0, 0x0, 0x0, 0x19, 0xff, 0xff,
    0xff, 0xfd, 0x50, 0x0, 0x0, 0x0, 0x0, 0x5f,
    0xff, 0xff, 0xff, 0xff, 0xff, 0xc1, 0x0, 0x0,
    0x0, 0x7f, 0xff, 0xff, 0xff, 0xff, 0xff, 0xff,
    0xe1, 0x0, 0x0, 0x4f, 0xff, 0xff, 0xc7, 0x56,
    0xaf, 0xff, 0xff, 0xc0, 0x0, 0xe, 0xff, 0xff,
    0x70, 0x0, 0x0, 0x2d, 0xff, 0xff, 0x60, 0x6,
    0xff, 0xff, 0x80, 0x0, 0x0, 0x0, 0x2f, 0xff,
    0xfd, 0x0, 0xbf, 0xff, 0xe0, 0x0, 0x0, 0x0,
    0x0, 0x7f, 0xff, 0xf2, 0xe, 0xff, 0xf9, 0x0,
    0x0, 0x0, 0x0, 0x2, 0xff, 0xff, 0x50, 0xff,
    0xff, 0x70, 0x0, 0x0, 0x0, 0x0, 0xf, 0xff,
    0xf7, 0xf, 0xff, 0xf7, 0x0, 0x0, 0x0, 0x0,
    0x0, 0xff, 0xff, 0x70, 0xef, 0xff, 0x90, 0x0,
    0x0, 0x0, 0x0, 0x2f, 0xff, 0xf5, 0xb, 0xff,
    0xfe, 0x0, 0x0, 0x0, 0x0, 0x8, 0xff, 0xff,
    0x20, 0x6f, 0xff, 0xf8, 0x0, 0x0, 0x0, 0x2,
    0xff, 0xff, 0xd0, 0x0, 0xef, 0xff, 0xf7, 0x0,
    0x0, 0x2, 0xdf, 0xff, 0xf5, 0x0, 0x5, 0xff,
    0xff, 0xfd, 0x75, 0x6a, 0xff, 0xff, 0xfb, 0x0,
    0x0, 0x8, 0xff, 0xff, 0xff, 0xff, 0xff, 0xff,
    0xfd, 0x10, 0x0, 0x0, 0x6, 0xff, 0xff, 0xff,
    0xff, 0xff, 0xfb, 0x10, 0x0, 0x0, 0x0, 0x2,
    0xaf, 0xff, 0xff, 0xff, 0xc5, 0x0, 0x0, 0x0,
    0x0, 0x0, 0x0, 0x4, 0x67, 0x65, 0x10, 0x0,
    0x0, 0x0,

    /* U+0070 "p" */
    0x0, 0x0, 0x0, 0x0, 0x4, 0x67, 0x62, 0x0,
    0x0, 0x0, 0x5, 0xff, 0xff, 0x1, 0xaf, 0xff,
    0xff, 0xfd, 0x50, 0x0, 0x0, 0x5f, 0xff, 0xf3,
    0xff, 0xff, 0xff, 0xff, 0xff, 0xb0, 0x0, 0x5,
    0xff, 0xff, 0xff, 0xff, 0xff, 0xff, 0xff, 0xff,
    0xc0, 0x0, 0x5f, 0xff, 0xff, 0xff, 0xa6, 0x57,
    0xcf, 0xff, 0xff, 0x80, 0x5, 0xff, 0xff, 0xfd,
    0x20, 0x0, 0x0, 0x5f, 0xff, 0xff, 0x10, 0x5f,
    0xff, 0xff, 0x20, 0x0, 0x0, 0x0, 0x6f, 0xff,
    0xf7, 0x5, 0xff, 0xff, 0x70, 0x0, 0x0, 0x0,
    0x0, 0xdf, 0xff, 0xc0, 0x5f, 0xff, 0xf2, 0x0,
    0x0, 0x0, 0x0, 0x9, 0xff, 0xfe, 0x5, 0xff,
    0xff, 0x0, 0x0, 0x0, 0x0, 0x0, 0x7f, 0xff,
    0xf0, 0x5f, 0xff, 0xf0, 0x0, 0x0, 0x0, 0x0,
    0x7, 0xff, 0xff, 0x5, 0xff, 0xff, 0x20, 0x0,
    0x0, 0x0, 0x0, 0x9f, 0xff, 0xe0, 0x5f, 0xff,
    0xf7, 0x0, 0x0, 0x0, 0x0, 0xe, 0xff, 0xfb,
    0x5, 0xff, 0xff, 0xe2, 0x0, 0x0, 0x0, 0x7,
    0xff, 0xff, 0x60, 0x5f, 0xff, 0xff, 0xd2, 0x0,
    0x0, 0x6, 0xff, 0xff, 0xe0, 0x5, 0xff, 0xff,
    0xff, 0xfa, 0x66, 0x7c, 0xff, 0xff, 0xf6, 0x0,
    0x5f, 0xff, 0xff, 0xff, 0xff, 0xff, 0xff, 0xff,
    0xfa, 0x0, 0x5, 0xff, 0xff, 0xaf, 0xff, 0xff,
    0xff, 0xff, 0xf8, 0x0, 0x0, 0x5f, 0xff, 0xf1,
    0x4c, 0xff, 0xff, 0xff, 0xc4, 0x0, 0x0, 0x5,
    0xff, 0xff, 0x10, 0x2, 0x57, 0x75, 0x10, 0x0,
    0x0, 0x0, 0x5f, 0xff, 0xf1, 0x0, 0x0, 0x0,
    0x0, 0x0, 0x0, 0x0, 0x5, 0xff, 0xff, 0x10,
    0x0, 0x0, 0x0, 0x0, 0x0, 0x0, 0x0, 0x5f,
    0xff, 0xf1, 0x0, 0x0, 0x0, 0x0, 0x0, 0x0,
    0x0, 0x5, 0xff, 0xff, 0x10, 0x0, 0x0, 0x0,
    0x0, 0x0, 0x0, 0x0, 0x5f, 0xff, 0xf1, 0x0,
    0x0, 0x0, 0x0, 0x0, 0x0, 0x0, 0x5, 0xff,
    0xff, 0x10, 0x0, 0x0, 0x0, 0x0, 0x0, 0x0,
    0x0,

    /* U+0071 "q" */
    0x0, 0x0, 0x0, 0x1, 0x57, 0x75, 0x10, 0x0,
    0x0, 0x0, 0x0, 0x0, 0x0, 0x4c, 0xff, 0xff,
    0xff, 0xb3, 0xf, 0xff, 0xf6, 0x0, 0x0, 0x9f,
    0xff, 0xff, 0xff, 0xff, 0xf6, 0xff, 0xff, 0x60,
    0x0, 0xaf, 0xff, 0xff, 0xff, 0xff, 0xff, 0xff,
    0xff, 0xf6, 0x0, 0x6f, 0xff, 0xff, 0xc7, 0x56,
    0xaf, 0xff, 0xff, 0xff, 0x60, 0xe, 0xff, 0xff,
    0x60, 0x0, 0x0, 0x2d, 0xff, 0xff, 0xf6, 0x6,
    0xff, 0xff, 0x70, 0x0, 0x0, 0x0, 0x2e, 0xff,
    0xff, 0x60, 0xbf, 0xff, 0xe0, 0x0, 0x0, 0x0,
    0x0, 0x7f, 0xff, 0xf6, 0xe, 0xff, 0xf9, 0x0,
    0x0, 0x0, 0x0, 0x2, 0xff, 0xff, 0x60, 0xff,
    0xff, 0x70, 0x0, 0x0, 0x0, 0x0, 0xf, 0xff,
    0xf6, 0xf, 0xff, 0xf7, 0x0, 0x0, 0x0, 0x0,
    0x0, 0xff, 0xff, 0x60, 0xef, 0xff, 0x90, 0x0,
    0x0, 0x0, 0x0, 0x2f, 0xff, 0xf6, 0xb, 0xff,
    0xfe, 0x0, 0x0, 0x0, 0x0, 0x7, 0xff, 0xff,
    0x60, 0x7f, 0xff, 0xf7, 0x0, 0x0, 0x0, 0x2,
    0xff, 0xff, 0xf6, 0x1, 0xff, 0xff, 0xf6, 0x0,
    0x0, 0x3, 0xef, 0xff, 0xff, 0x60, 0x8, 0xff,
    0xff, 0xfc, 0x75, 0x6a, 0xff, 0xff, 0xff, 0xf6,
    0x0, 0xb, 0xff, 0xff, 0xff, 0xff, 0xff, 0xff,
    0xff, 0xff, 0x60, 0x0, 0xa, 0xff, 0xff, 0xff,
    0xff, 0xff, 0x7f, 0xff, 0xf6, 0x0, 0x0, 0x5,
    0xdf, 0xff, 0xff, 0xfb, 0x30, 0xff, 0xff, 0x60,
    0x0, 0x0, 0x0, 0x25, 0x77, 0x51, 0x0, 0xf,
    0xff, 0xf6, 0x0, 0x0, 0x0, 0x0, 0x0, 0x0,
    0x0, 0x0, 0xff, 0xff, 0x60, 0x0, 0x0, 0x0,
    0x0, 0x0, 0x0, 0x0, 0xf, 0xff, 0xf6, 0x0,
    0x0, 0x0, 0x0, 0x0, 0x0, 0x0, 0x0, 0xff,
    0xff, 0x60, 0x0, 0x0, 0x0, 0x0, 0x0, 0x0,
    0x0, 0xf, 0xff, 0xf6, 0x0, 0x0, 0x0, 0x0,
    0x0, 0x0, 0x0, 0x0, 0xff, 0xff, 0x60, 0x0,
    0x0, 0x0, 0x0, 0x0, 0x0, 0x0, 0xf, 0xff,
    0xf6,

    /* U+0072 "r" */
    0x5f, 0xff, 0xf0, 0x29, 0xdf, 0xfb, 0x5f, 0xff,
    0xf6, 0xff, 0xff, 0xfb, 0x5f, 0xff, 0xff, 0xff,
    0xff, 0xfb, 0x5f, 0xff, 0xff, 0xff, 0xff, 0xfb,
    0x5f, 0xff, 0xff, 0xe7, 0x21, 0x10, 0x5f, 0xff,
    0xfe, 0x20, 0x0, 0x0, 0x5f, 0xff, 0xf7, 0x0,
    0x0, 0x0, 0x5f, 0xff, 0xf3, 0x0, 0x0, 0x0,
    0x5f, 0xff, 0xf2, 0x0, 0x0, 0x0, 0x5f, 0xff,
    0xf1, 0x0, 0x0, 0x0, 0x5f, 0xff, 0xf1, 0x0,
    0x0, 0x0, 0x5f, 0xff, 0xf1, 0x0, 0x0, 0x0,
    0x5f, 0xff, 0xf1, 0x0, 0x0, 0x0, 0x5f, 0xff,
    0xf1, 0x0, 0x0, 0x0, 0x5f, 0xff, 0xf1, 0x0,
    0x0, 0x0, 0x5f, 0xff, 0xf1, 0x0, 0x0, 0x0,
    0x5f, 0xff, 0xf1, 0x0, 0x0, 0x0, 0x5f, 0xff,
    0xf1, 0x0, 0x0, 0x0,

    /* U+0073 "s" */
    0x0, 0x0, 0x0, 0x36, 0x77, 0x63, 0x0, 0x0,
    0x0, 0x0, 0x8, 0xef, 0xff, 0xff, 0xff, 0xa3,
    0x0, 0x0, 0x2d, 0xff, 0xff, 0xff, 0xff, 0xff,
    0xfb, 0x10, 0xd, 0xff, 0xff, 0xff, 0xff, 0xff,
    0xff, 0xf2, 0x5, 0xff, 0xff, 0xa4, 0x23, 0x58,
    0xef, 0xfa, 0x0, 0x9f, 0xff, 0xa0, 0x0, 0x0,
    0x0, 0x5d, 0x20, 0xa, 0xff, 0xf7, 0x0, 0x0,
    0x0, 0x0, 0x0, 0x0, 0x9f, 0xff, 0xe5, 0x10,
    0x0, 0x0, 0x0, 0x0, 0x5, 0xff, 0xff, 0xff,
    0xff, 0xed, 0xb6, 0x10, 0x0, 0xc, 0xff, 0xff,
    0xff, 0xff, 0xff, 0xff, 0x50, 0x0, 0xa, 0xff,
    0xff, 0xff, 0xff, 0xff, 0xff, 0x30, 0x0, 0x1,
    0x69, 0xab, 0xcd, 0xff, 0xff, 0xfa, 0x0, 0x0,
    0x0, 0x0, 0x0, 0x1, 0xaf, 0xff, 0xe0, 0x2,
    0x0, 0x0, 0x0, 0x0, 0x3, 0xff, 0xff, 0x2,
    0xfc, 0x30, 0x0, 0x0, 0x0, 0x6f, 0xff, 0xd0,
    0xaf, 0xff, 0xc7, 0x42, 0x34, 0x9f, 0xff, 0xf9,
    0x3f, 0xff, 0xff, 0xff, 0xff, 0xff, 0xff, 0xfe,
    0x10, 0x5e, 0xff, 0xff, 0xff, 0xff, 0xff, 0xfe,
    0x30, 0x0, 0x6, 0xdf, 0xff, 0xff, 0xff, 0xe9,
    0x10, 0x0, 0x0, 0x0, 0x14, 0x67, 0x76, 0x30,
    0x0, 0x0,

    /* U+0074 "t" */
    0x0, 0x8, 0x88, 0x82, 0x0, 0x0, 0x0, 0x1f,
    0xff, 0xf5, 0x0, 0x0, 0x0, 0x1f, 0xff, 0xf5,
    0x0, 0x0, 0x0, 0x1f, 0xff, 0xf5, 0x0, 0x0,
    0x0, 0x1f, 0xff, 0xf5, 0x0, 0x0, 0x0, 0x1f,
    0xff, 0xf5, 0x0, 0x0, 0x9f, 0xff, 0xff, 0xff,
    0xff, 0xf6, 0x9f, 0xff, 0xff, 0xff, 0xff, 0xf6,
    0x9f, 0xff, 0xff, 0xff, 0xff, 0xf6, 0x8e, 0xef,
    0xff, 0xff, 0xee, 0xe5, 0x0, 0x1f, 0xff, 0xf5,
    0x0, 0x0, 0x0, 0x1f, 0xff, 0xf5, 0x0, 0x0,
    0x0, 0x1f, 0xff, 0xf5, 0x0, 0x0, 0x0, 0x1f,
    0xff, 0xf5, 0x0, 0x0, 0x0, 0x1f, 0xff, 0xf5,
    0x0, 0x0, 0x0, 0x1f, 0xff, 0xf5, 0x0, 0x0,
    0x0, 0x1f, 0xff, 0xf5, 0x0, 0x0, 0x0, 0x1f,
    0xff, 0xf5, 0x0, 0x0, 0x0, 0x1f, 0xff, 0xf6,
    0x0, 0x0, 0x0, 0xf, 0xff, 0xfd, 0x10, 0x0,
    0x0, 0xd, 0xff, 0xff, 0xfe, 0xe5, 0x0, 0x8,
    0xff, 0xff, 0xff, 0xf6, 0x0, 0x0, 0xcf, 0xff,
    0xff, 0xf6, 0x0, 0x0, 0x7, 0xce, 0xff, 0xf6,

    /* U+0075 "u" */
    0x8f, 0xff, 0xe0, 0x0, 0x0, 0x0, 0x2, 0xff,
    0xff, 0x58, 0xff, 0xfe, 0x0, 0x0, 0x0, 0x0,
    0x2f, 0xff, 0xf5, 0x8f, 0xff, 0xe0, 0x0, 0x0,
    0x0, 0x2, 0xff, 0xff, 0x58, 0xff, 0xfe, 0x0,
    0x0, 0x0, 0x0, 0x2f, 0xff, 0xf5, 0x8f, 0xff,
    0xe0, 0x0, 0x0, 0x0, 0x2, 0xff, 0xff, 0x58,
    0xff, 0xfe, 0x0, 0x0, 0x0, 0x0, 0x2f, 0xff,
    0xf5, 0x8f, 0xff, 0xe0, 0x0, 0x0, 0x0, 0x2,
    0xff, 0xff, 0x58, 0xff, 0xfe, 0x0, 0x0, 0x0,
    0x0, 0x2f, 0xff, 0xf5, 0x8f, 0xff, 0xe0, 0x0,
    0x0, 0x0, 0x2, 0xff, 0xff, 0x58, 0xff, 0xfe,
    0x0, 0x0, 0x0, 0x0, 0x2f, 0xff, 0xf5, 0x7f,
    0xff, 0xf0, 0x0, 0x0, 0x0, 0x3, 0xff, 0xff,
    0x56, 0xff, 0xff, 0x20, 0x0, 0x0, 0x0, 0x7f,
    0xff, 0xf5, 0x4f, 0xff, 0xf8, 0x0, 0x0, 0x0,
    0xe, 0xff, 0xff, 0x50, 0xff, 0xff, 0xf4, 0x0,
    0x0, 0xb, 0xff, 0xff, 0xf5, 0xa, 0xff, 0xff,
    0xfb, 0x76, 0x9e, 0xff, 0xff, 0xff, 0x50, 0x2f,
    0xff, 0xff, 0xff, 0xff, 0xff, 0xff, 0xff, 0xf5,
    0x0, 0x4f, 0xff, 0xff, 0xff, 0xff, 0xf5, 0xff,
    0xff, 0x50, 0x0, 0x3c, 0xff, 0xff, 0xff, 0xb2,
    0xf, 0xff, 0xf5, 0x0, 0x0, 0x2, 0x57, 0x75,
    0x10, 0x0, 0x0, 0x0, 0x0,

    /* U+0076 "v" */
    0x6f, 0xff, 0xf5, 0x0, 0x0, 0x0, 0x0, 0xe,
    0xff, 0xfa, 0xf, 0xff, 0xfb, 0x0, 0x0, 0x0,
    0x0, 0x4f, 0xff, 0xf3, 0x9, 0xff, 0xff, 0x20,
    0x0, 0x0, 0x0, 0xbf, 0xff, 0xd0, 0x2, 0xff,
    0xff, 0x80, 0x0, 0x0, 0x1, 0xff, 0xff, 0x60,
    0x0, 0xbf, 0xff, 0xe0, 0x0, 0x0, 0x7, 0xff,
    0xff, 0x0, 0x0, 0x5f, 0xff, 0xf4, 0x0, 0x0,
    0xe, 0xff, 0xf9, 0x0, 0x0, 0xe, 0xff, 0xfb,
    0x0, 0x0, 0x4f, 0xff, 0xf2, 0x0, 0x0, 0x7,
    0xff, 0xff, 0x10, 0x0, 0xaf, 0xff, 0xb0, 0x0,
    0x0, 0x1, 0xff, 0xff, 0x70, 0x1, 0xff, 0xff,
    0x40, 0x0, 0x0, 0x0, 0xaf, 0xff, 0xe0, 0x7,
    0xff, 0xfe, 0x0, 0x0, 0x0, 0x0, 0x3f, 0xff,
    0xf4, 0xd, 0xff, 0xf7, 0x0, 0x0, 0x0, 0x0,
    0xc, 0xff, 0xfa, 0x3f, 0xff, 0xf1, 0x0, 0x0,
    0x0, 0x0, 0x5, 0xff, 0xff, 0xbf, 0xff, 0xa0,
    0x0, 0x0, 0x0, 0x0, 0x0, 0xef, 0xff, 0xff,
    0xff, 0x30, 0x0, 0x0, 0x0, 0x0, 0x0, 0x8f,
    0xff, 0xff, 0xfc, 0x0, 0x0, 0x0, 0x0, 0x0,
    0x0, 0x1f, 0xff, 0xff, 0xf5, 0x0, 0x0, 0x0,
    0x0, 0x0, 0x0, 0xa, 0xff, 0xff, 0xe0, 0x0,
    0x0, 0x0, 0x0, 0x0, 0x0, 0x4, 0xff, 0xff,
    0x80, 0x0, 0x0, 0x0,

    /* U+0077 "w" */
    0xf, 0xff, 0xf8, 0x0, 0x0, 0x0, 0xff, 0xff,
    0x80, 0x0, 0x0, 0xf, 0xff, 0xf7, 0xb, 0xff,
    0xfb, 0x0, 0x0, 0x5, 0xff, 0xff, 0xd0, 0x0,
    0x0, 0x3f, 0xff, 0xf3, 0x7, 0xff, 0xff, 0x0,
    0x0, 0xa, 0xff, 0xff, 0xf3, 0x0, 0x0, 0x6f,
    0xff, 0xf0, 0x4, 0xff, 0xff, 0x20, 0x0, 0xf,
    0xff, 0xff, 0xf8, 0x0, 0x0, 0xaf, 0xff, 0xc0,
    0x0, 0xff, 0xff, 0x50, 0x0, 0x5f, 0xff, 0xff,
    0xfd, 0x0, 0x0, 0xdf, 0xff, 0x80, 0x0, 0xcf,
    0xff, 0x80, 0x0, 0xbf, 0xff, 0xff, 0xff, 0x30,
    0x0, 0xff, 0xff, 0x40, 0x0, 0x8f, 0xff, 0xc0,
    0x1, 0xff, 0xfe, 0x9f, 0xff, 0x80, 0x4, 0xff,
    0xff, 0x10, 0x0, 0x4f, 0xff, 0xf0, 0x6, 0xff,
    0xf9, 0x3f, 0xff, 0xe0, 0x7, 0xff, 0xfd, 0x0,
    0x0, 0x1f, 0xff, 0xf2, 0xb, 0xff, 0xf4, 0xd,
    0xff, 0xf3, 0xa, 0xff, 0xf9, 0x0, 0x0, 0xd,
    0xff, 0xf5, 0x1f, 0xff, 0xe0, 0x7, 0xff, 0xf9,
    0xe, 0xff, 0xf5, 0x0, 0x0, 0x9, 0xff, 0xf9,
    0x6f, 0xff, 0x80, 0x2, 0xff, 0xfe, 0x1f, 0xff,
    0xf1, 0x0, 0x0, 0x5, 0xff, 0xfc, 0xcf, 0xff,
    0x30, 0x0, 0xcf, 0xff, 0x8f, 0xff, 0xd0, 0x0,
    0x0, 0x1, 0xff, 0xff, 0xff, 0xfd, 0x0, 0x0,
    0x7f, 0xff, 0xff, 0xff, 0x90, 0x0, 0x0, 0x0,
    0xef, 0xff, 0xff, 0xf8, 0x0, 0x0, 0x1f, 0xff,
    0xff, 0xff, 0x60, 0x0, 0x0, 0x0, 0xaf, 0xff,
    0xff, 0xf2, 0x0, 0x0, 0xb, 0xff, 0xff, 0xff,
    0x20, 0x0, 0x0, 0x0, 0x6f, 0xff, 0xff, 0xc0,
    0x0, 0x0, 0x6, 0xff, 0xff, 0xfe, 0x0, 0x0,
    0x0, 0x0, 0x2f, 0xff, 0xff, 0x70, 0x0, 0x0,
    0x0, 0xff, 0xff, 0xfa, 0x0, 0x0, 0x0, 0x0,
    0xe, 0xff, 0xff, 0x10, 0x0, 0x0, 0x0, 0xaf,
    0xff, 0xf6, 0x0, 0x0,

    /* U+0078 "x" */
    0xd, 0xff, 0xff, 0x30, 0x0, 0x0, 0x7, 0xff,
    0xff, 0x60, 0x2, 0xff, 0xff, 0xd0, 0x0, 0x0,
    0x3f, 0xff, 0xf9, 0x0, 0x0, 0x6f, 0xff, 0xf9,
    0x0, 0x0, 0xdf, 0xff, 0xd0, 0x0, 0x0, 0xa,
    0xff, 0xff, 0x40, 0xa, 0xff, 0xff, 0x20, 0x0,
    0x0, 0x0, 0xdf, 0xff, 0xe1, 0x5f, 0xff, 0xf5,
    0x0, 0x0, 0x0, 0x0, 0x2f, 0xff, 0xfc, 0xff,
    0xff, 0x90, 0x0, 0x0, 0x0, 0x0, 0x6, 0xff,
    0xff, 0xff, 0xfc, 0x0, 0x0, 0x0, 0x0, 0x0,
    0x0, 0xaf, 0xff, 0xff, 0xe2, 0x0, 0x0, 0x0,
    0x0, 0x0, 0x0, 0xe, 0xff, 0xff, 0x60, 0x0,
    0x0, 0x0, 0x0, 0x0, 0x0, 0x4f, 0xff, 0xff,
    0xc0, 0x0, 0x0, 0x0, 0x0, 0x0, 0x1, 0xef,
    0xff, 0xff, 0xf9, 0x0, 0x0, 0x0, 0x0, 0x0,
    0xc, 0xff, 0xff, 0xff, 0xff, 0x50, 0x0, 0x0,
    0x0, 0x0, 0x9f, 0xff, 0xf3, 0xbf, 0xff, 0xf2,
    0x0, 0x0, 0x0, 0x5, 0xff, 0xff, 0x70, 0x1e,
    0xff, 0xfd, 0x0, 0x0, 0x0, 0x2f, 0xff, 0xfb,
    0x0, 0x4, 0xff, 0xff, 0xa0, 0x0, 0x0, 0xcf,
    0xff, 0xe1, 0x0, 0x0, 0x9f, 0xff, 0xf6, 0x0,
    0x9, 0xff, 0xff, 0x40, 0x0, 0x0, 0xd, 0xff,
    0xff, 0x30, 0x5f, 0xff, 0xf9, 0x0, 0x0, 0x0,
    0x2, 0xff, 0xff, 0xe1,

    /* U+0079 "y" */
    0x6f, 0xff, 0xf5, 0x0, 0x0, 0x0, 0x0, 0xe,
    0xff, 0xfa, 0xf, 0xff, 0xfb, 0x0, 0x0, 0x0,
    0x0, 0x5f, 0xff, 0xf4, 0x9, 0xff, 0xff, 0x10,
    0x0, 0x0, 0x0, 0xbf, 0xff, 0xd0, 0x2, 0xff,
    0xff, 0x80, 0x0, 0x0, 0x1, 0xff, 0xff, 0x60,
    0x0, 0xcf, 0xff, 0xe0, 0x0, 0x0, 0x7, 0xff,
    0xff, 0x0, 0x0, 0x5f, 0xff, 0xf4, 0x0, 0x0,
    0xd, 0xff, 0xf9, 0x0, 0x0, 0xe, 0xff, 0xfa,
    0x0, 0x0, 0x4f, 0xff, 0xf3, 0x0, 0x0, 0x8,
    0xff, 0xff, 0x10, 0x0, 0xaf, 0xff, 0xc0, 0x0,
    0x0, 0x2, 0xff, 0xff, 0x70, 0x0, 0xff, 0xff,
    0x50, 0x0, 0x0, 0x0, 0xbf, 0xff, 0xd0, 0x6,
    0xff, 0xfe, 0x0, 0x0, 0x0, 0x0, 0x4f, 0xff,
    0xf3, 0xc, 0xff, 0xf8, 0x0, 0x0, 0x0, 0x0,
    0xe, 0xff, 0xf9, 0x2f, 0xff, 0xf2, 0x0, 0x0,
    0x0, 0x0, 0x7, 0xff, 0xff, 0x9f, 0xff, 0xb0,
    0x0, 0x0, 0x0, 0x0, 0x1, 0xff, 0xff, 0xff,
    0xff, 0x40, 0x0, 0x0, 0x0, 0x0, 0x0, 0xaf,
    0xff, 0xff, 0xfd, 0x0, 0x0, 0x0, 0x0, 0x0,
    0x0, 0x3f, 0xff, 0xff, 0xf7, 0x0, 0x0, 0x0,
    0x0, 0x0, 0x0, 0xd, 0xff, 0xff, 0xf1, 0x0,
    0x0, 0x0, 0x0, 0x0, 0x0, 0x6, 0xff, 0xff,
    0xa0, 0x0, 0x0, 0x0, 0x0, 0x0, 0x0, 0x2,
    0xff, 0xff, 0x30, 0x0, 0x0, 0x0, 0x0, 0x0,
    0x0, 0x7, 0xff, 0xfd, 0x0, 0x0, 0x0, 0x0,
    0x0, 0x0, 0x0, 0xe, 0xff, 0xf6, 0x0, 0x0,
    0x0, 0x0, 0x0, 0x0, 0x0, 0x6f, 0xff, 0xf0,
    0x0, 0x0, 0x0, 0x0, 0x0, 0x0, 0x0, 0xdf,
    0xff, 0x90, 0x0, 0x0, 0x0, 0x0, 0x0, 0x0,
    0x5, 0xff, 0xff, 0x20, 0x0, 0x0, 0x0, 0x0,
    0x0, 0x0, 0xc, 0xff, 0xfc, 0x0, 0x0, 0x0,
    0x0, 0x0,

    /* U+007A "z" */
    0xd, 0xff, 0xff, 0xff, 0xff, 0xff, 0xff, 0xff,
    0x80, 0xd, 0xff, 0xff, 0xff, 0xff, 0xff, 0xff,
    0xff, 0x80, 0xd, 0xff, 0xff, 0xff, 0xff, 0xff,
    0xff, 0xff, 0x80, 0x7, 0x99, 0x99, 0x99, 0x99,
    0xaf, 0xff, 0xff, 0x50, 0x0, 0x0, 0x0, 0x0,
    0x0, 0xcf, 0xff, 0xf8, 0x0, 0x0, 0x0, 0x0,
    0x0, 0xc, 0xff, 0xff, 0x90, 0x0, 0x0, 0x0,
    0x0, 0x0, 0xbf, 0xff, 0xfa, 0x0, 0x0, 0x0,
    0x0, 0x0, 0xa, 0xff, 0xff, 0xb0, 0x0, 0x0,
    0x0, 0x0, 0x0, 0x9f, 0xff, 0xfc, 0x0, 0x0,
    0x0, 0x0, 0x0, 0x8, 0xff, 0xff, 0xd1, 0x0,
    0x0, 0x0, 0x0, 0x0, 0x7f, 0xff, 0xfd, 0x10,
    0x0, 0x0, 0x0, 0x0, 0x6, 0xff, 0xff, 0xe2,
    0x0, 0x0, 0x0, 0x0, 0x0, 0x5f, 0xff, 0xfe,
    0x20, 0x0, 0x0, 0x0, 0x0, 0x4, 0xff, 0xff,
    0xf3, 0x0, 0x0, 0x0, 0x0, 0x0, 0x2f, 0xff,
    0xff, 0xd9, 0x99, 0x99, 0x99, 0x99, 0x90, 0x4f,
    0xff, 0xff, 0xff, 0xff, 0xff, 0xff, 0xff, 0xf1,
    0x4f, 0xff, 0xff, 0xff, 0xff, 0xff, 0xff, 0xff,
    0xf1, 0x4f, 0xff, 0xff, 0xff, 0xff, 0xff, 0xff,
    0xff, 0xf1,

    /* U+007B "{" */
    0x0, 0x0, 0x0, 0x3a, 0xdf, 0xff, 0xff, 0xff,
    0xf7, 0x0, 0x0, 0x8, 0xff, 0xff, 0xff, 0xff,
    0xff, 0xf7, 0x0, 0x0, 0x5f, 0xff, 0xff, 0xff,
    0xff, 0xff, 0xf7, 0x0, 0x0, 0xcf, 0xff, 0xff,
    0xdd, 0xdd, 0xdd, 0xd6, 0x0, 0x0, 0xef, 0xff,
    0xc1, 0x0, 0x0, 0x0, 0x0, 0x0, 0x0, 0xdf,
    0xff, 0x90, 0x0, 0x0, 0x0, 0x0, 0x0, 0x0,
    0x9f, 0xff, 0xf1, 0x0, 0x0, 0x0, 0x0, 0x0,
    0x0, 0x2f, 0xff, 0xf9, 0x0, 0x0, 0x0, 0x0,
    0x0, 0x0, 0x9, 0xff, 0xff, 0x40, 0x0, 0x0,
    0x0, 0x0, 0x0, 0x0, 0xef, 0xff, 0xe0, 0x0,
    0x0, 0x0, 0x0, 0x0, 0x0, 0x4f, 0xff, 0xf8,
    0x0, 0x0, 0x0, 0x0, 0x0, 0x0, 0xa, 0xff,
    0xff, 0x10, 0x0, 0x0, 0x0, 0x0, 0x0, 0x2,
    0xff, 0xff, 0x50, 0x0, 0x0, 0x0, 0x0, 0x0,
    0x8, 0xff, 0xff, 0x60, 0x0, 0x0, 0x0, 0x0,
    0x38, 0xef, 0xff, 0xff, 0x10, 0x0, 0x0, 0x7,
    0xae, 0xff, 0xff, 0xff, 0xf4, 0x0, 0x0, 0x0,
    0x3f, 0xff, 0xff, 0xff, 0xc7, 0x10, 0x0, 0x0,
    0x0, 0x3f, 0xff, 0xfe, 0x92, 0x0, 0x0, 0x0,
    0x0, 0x0, 0x3f, 0xff, 0xff, 0xff, 0xd7, 0x10,
    0x0, 0x0, 0x0, 0x6, 0xae, 0xff, 0xff, 0xff,
    0xf4, 0x0, 0x0, 0x0, 0x0, 0x0, 0x38, 0xef,
    0xff, 0xff, 0x10, 0x0, 0x0, 0x0, 0x0, 0x0,
    0x8, 0xff, 0xff, 0x60, 0x0, 0x0, 0x0, 0x0,
    0x0, 0x2, 0xff, 0xff, 0x50, 0x0, 0x0, 0x0,
    0x0, 0x0, 0xa, 0xff, 0xff, 0x10, 0x0, 0x0,
    0x0, 0x0, 0x0, 0x4f, 0xff, 0xf8, 0x0, 0x0,
    0x0, 0x0, 0x0, 0x0, 0xef, 0xff, 0xd0, 0x0,
    0x0, 0x0, 0x0, 0x0, 0x9, 0xff, 0xff, 0x40,
    0x0, 0x0, 0x0, 0x0, 0x0, 0x2f, 0xff, 0xf9,
    0x0, 0x0, 0x0, 0x0, 0x0, 0x0, 0x9f, 0xff,
    0xf1, 0x0, 0x0, 0x0, 0x0, 0x0, 0x0, 0xdf,
    0xff, 0x90, 0x0, 0x0, 0x0, 0x0, 0x0, 0x0,
    0xef, 0xff, 0xc1, 0x0, 0x0, 0x0, 0x0, 0x0,
    0x0, 0xcf, 0xff, 0xff, 0xdd, 0xdd, 0xdd, 0xd6,
    0x0, 0x0, 0x5f, 0xff, 0xff, 0xff, 0xff, 0xff,
    0xf7, 0x0, 0x0, 0x8, 0xff, 0xff, 0xff, 0xff,
    0xff, 0xf7, 0x0, 0x0, 0x0, 0x3a, 0xdf, 0xff,
    0xff, 0xff, 0xf7,

    /* U+007C "|" */
    0x3, 0x33, 0x23, 0xff, 0xfc, 0x3f, 0xff, 0xc3,
    0xff, 0xfc, 0x3f, 0xff, 0xc3, 0xff, 0xfc, 0x3f,
    0xff, 0xc3, 0xff, 0xfc, 0x3f, 0xff, 0xc3, 0xff,
    0xfc, 0x3f, 0xff, 0xc3, 0xff, 0xfc, 0x3f, 0xff,
    0xc3, 0xff, 0xfc, 0x3f, 0xff, 0xc3, 0xff, 0xfc,
    0x3f, 0xff, 0xc3, 0xff, 0xfc, 0x3f, 0xff, 0xc3,
    0xff, 0xfc, 0x3f, 0xff, 0xc3, 0xff, 0xfc, 0x3f,
    0xff, 0xc3, 0xff, 0xfc, 0x3f, 0xff, 0xc3, 0xff,
    0xfc, 0x3f, 0xff, 0xc3, 0xff, 0xfc, 0x3f, 0xff,
    0xc3, 0xff, 0xfc, 0x3f, 0xff, 0xc3, 0xff, 0xfc,
    0x3f, 0xff, 0xc3, 0xff, 0xfc, 0x3f, 0xff, 0xc3,
    0xff, 0xfc,

    /* U+007D "}" */
    0x3f, 0xff, 0xff, 0xff, 0xfe, 0xb5, 0x0, 0x0,
    0x0, 0x3f, 0xff, 0xff, 0xff, 0xff, 0xff, 0xb0,
    0x0, 0x0, 0x3f, 0xff, 0xff, 0xff, 0xff, 0xff,
    0xf9, 0x0, 0x0, 0x2d, 0xdd, 0xdd, 0xdd, 0xef,
    0xff, 0xff, 0x0, 0x0, 0x0, 0x0, 0x0, 0x0,
    0x9, 0xff, 0xff, 0x20, 0x0, 0x0, 0x0, 0x0,
    0x0, 0x6, 0xff, 0xff, 0x10, 0x0, 0x0, 0x0,
    0x0, 0x0, 0xc, 0xff, 0xfd, 0x0, 0x0, 0x0,
    0x0, 0x0, 0x0, 0x6f, 0xff, 0xf6, 0x0, 0x0,
    0x0, 0x0, 0x0, 0x1, 0xef, 0xff, 0xd0, 0x0,
    0x0, 0x0, 0x0, 0x0, 0xa, 0xff, 0xff, 0x30,
    0x0, 0x0, 0x0, 0x0, 0x0, 0x4f, 0xff, 0xf8,
    0x0, 0x0, 0x0, 0x0, 0x0, 0x0, 0xcf, 0xff,
    0xd0, 0x0, 0x0, 0x0, 0x0, 0x0, 0x1, 0xff,
    0xff, 0x60, 0x0, 0x0, 0x0, 0x0, 0x0, 0x1,
    0xff, 0xff, 0xb1, 0x0, 0x0, 0x0, 0x0, 0x0,
    0x0, 0xcf, 0xff, 0xff, 0x94, 0x0, 0x0, 0x0,
    0x0, 0x0, 0x2d, 0xff, 0xff, 0xff, 0xfc, 0x82,
    0x0, 0x0, 0x0, 0x0, 0x5b, 0xff, 0xff, 0xff,
    0xf7, 0x0, 0x0, 0x0, 0x0, 0x0, 0x17, 0xdf,
    0xff, 0xf7, 0x0, 0x0, 0x0, 0x0, 0x6b, 0xff,
    0xff, 0xff, 0xf7, 0x0, 0x0, 0x0, 0x2d, 0xff,
    0xff, 0xff, 0xfc, 0x82, 0x0, 0x0, 0x0, 0xcf,
    0xff, 0xff, 0x94, 0x0, 0x0, 0x0, 0x0, 0x1,
    0xff, 0xff, 0xb1, 0x0, 0x0, 0x0, 0x0, 0x0,
    0x1, 0xff, 0xff, 0x60, 0x0, 0x0, 0x0, 0x0,
    0x0, 0x0, 0xcf, 0xff, 0xd0, 0x0, 0x0, 0x0,
    0x0, 0x0, 0x0, 0x4f, 0xff, 0xf8, 0x0, 0x0,
    0x0, 0x0, 0x0, 0x0, 0xa, 0xff, 0xff, 0x30,
    0x0, 0x0, 0x0, 0x0, 0x0, 0x1, 0xef, 0xff,
    0xd0, 0x0, 0x0, 0x0, 0x0, 0x0, 0x0, 0x6f,
    0xff, 0xf6, 0x0, 0x0, 0x0, 0x0, 0x0, 0x0,
    0xc, 0xff, 0xfd, 0x0, 0x0, 0x0, 0x0, 0x0,
    0x0, 0x6, 0xff, 0xff, 0x10, 0x0, 0x0, 0x0,
    0x0, 0x0, 0x9, 0xff, 0xff, 0x20, 0x0, 0x2d,
    0xdd, 0xdd, 0xdd, 0xef, 0xff, 0xff, 0x0, 0x0,
    0x3f, 0xff, 0xff, 0xff, 0xff, 0xff, 0xf9, 0x0,
    0x0, 0x3f, 0xff, 0xff, 0xff, 0xff, 0xff, 0xb0,
    0x0, 0x0, 0x3f, 0xff, 0xff, 0xff, 0xfe, 0xb5,
    0x0, 0x0, 0x0,

    /* U+007E "~" */
    0x0, 0x0, 0x0, 0x0, 0x0, 0x0, 0x10, 0x0,
    0x4, 0xdf, 0xc5, 0x0, 0x0, 0xe, 0xe8, 0x3,
    0xff, 0xff, 0xfa, 0x10, 0x6, 0xff, 0xa0, 0xcf,
    0xff, 0xff, 0xfe, 0x75, 0xef, 0xf3, 0x3f, 0xfe,
    0x57, 0xef, 0xff, 0xff, 0xfc, 0xa, 0xff, 0x60,
    0x1, 0xaf, 0xff, 0xff, 0x30, 0x8e, 0xe0, 0x0,
    0x0, 0x4c, 0xfd, 0x40, 0x0, 0x1, 0x0, 0x0,
    0x0, 0x0, 0x0, 0x0
};


/*---------------------
 *  GLYPH DESCRIPTION
 *--------------------*/

static const lv_font_fmt_txt_glyph_dsc_t glyph_dsc[] = {
    {.bitmap_index = 0, .adv_w = 0, .box_w = 0, .box_h = 0, .ofs_x = 0, .ofs_y = 0} /* id = 0 reserved */,
    {.bitmap_index = 0, .adv_w = 105, .box_w = 0, .box_h = 0, .ofs_x = 0, .ofs_y = 0},
    {.bitmap_index = 0, .adv_w = 139, .box_w = 6, .box_h = 26, .ofs_x = 1, .ofs_y = 0},
    {.bitmap_index = 78, .adv_w = 237, .box_w = 13, .box_h = 9, .ofs_x = 1, .ofs_y = 17},
    {.bitmap_index = 137, .adv_w = 365, .box_w = 21, .box_h = 26, .ofs_x = 1, .ofs_y = 0},
    {.bitmap_index = 410, .adv_w = 380, .box_w = 23, .box_h = 34, .ofs_x = 0, .ofs_y = -4},
    {.bitmap_index = 801, .adv_w = 466, .box_w = 28, .box_h = 27, .ofs_x = 1, .ofs_y = -1},
    {.bitmap_index = 1179, .adv_w = 409, .box_w = 26, .box_h = 28, .ofs_x = 0, .ofs_y = -1},
    {.bitmap_index = 1543, .adv_w = 133, .box_w = 6, .box_h = 9, .ofs_x = 1, .ofs_y = 17},
    {.bitmap_index = 1570, .adv_w = 242, .box_w = 14, .box_h = 36, .ofs_x = 1, .ofs_y = -5},
    {.bitmap_index = 1822, .adv_w = 242, .box_w = 14, .box_h = 36, .ofs_x = 0, .ofs_y = -5},
    {.bitmap_index = 2074, .adv_w = 223, .box_w = 14, .box_h = 12, .ofs_x = 0, .ofs_y = 14},
    {.bitmap_index = 2158, .adv_w = 272, .box_w = 15, .box_h = 14, .ofs_x = 1, .ofs_y = 6},
    {.bitmap_index = 2263, .adv_w = 130, .box_w = 8, .box_h = 10, .ofs_x = 0, .ofs_y = -5},
    {.bitmap_index = 2303, .adv_w = 188, .box_w = 11, .box_h = 5, .ofs_x = 0, .ofs_y = 9},
    {.bitmap_index = 2331, .adv_w = 130, .box_w = 6, .box_h = 6, .ofs_x = 1, .ofs_y = 0},
    {.bitmap_index = 2349, .adv_w = 217, .box_w = 16, .box_h = 35, .ofs_x = -1, .ofs_y = -5},
    {.bitmap_index = 2629, .adv_w = 382, .box_w = 22, .box_h = 28, .ofs_x = 1, .ofs_y = -1},
    {.bitmap_index = 2937, .adv_w = 188, .box_w = 10, .box_h = 26, .ofs_x = 0, .ofs_y = 0},
    {.bitmap_index = 3067, .adv_w = 345, .box_w = 20, .box_h = 27, .ofs_x = 1, .ofs_y = 0},
    {.bitmap_index = 3337, .adv_w = 351, .box_w = 21, .box_h = 28, .ofs_x = 0, .ofs_y = -1},
    {.bitmap_index = 3631, .adv_w = 378, .box_w = 24, .box_h = 26, .ofs_x = 0, .ofs_y = 0},
    {.bitmap_index = 3943, .adv_w = 353, .box_w = 20, .box_h = 27, .ofs_x = 1, .ofs_y = -1},
    {.bitmap_index = 4213, .adv_w = 351, .box_w = 22, .box_h = 27, .ofs_x = 0, .ofs_y = -1},
    {.bitmap_index = 4510, .adv_w = 317, .box_w = 20, .box_h = 26, .ofs_x = 0, .ofs_y = 0},
    {.bitmap_index = 4770, .adv_w = 359, .box_w = 21, .box_h = 28, .ofs_x = 1, .ofs_y = -1},
    {.bitmap_index = 5064, .adv_w = 351, .box_w = 22, .box_h = 27, .ofs_x = 0, .ofs_y = 0},
    {.bitmap_index = 5361, .adv_w = 140, .box_w = 6, .box_h = 18, .ofs_x = 1, .ofs_y = 0},
    {.bitmap_index = 5415, .adv_w = 140, .box_w = 8, .box_h = 23, .ofs_x = 0, .ofs_y = -5},
    {.bitmap_index = 5507, .adv_w = 255, .box_w = 14, .box_h = 17, .ofs_x = 1, .ofs_y = 5},
    {.bitmap_index = 5626, .adv_w = 272, .box_w = 15, .box_h = 9, .ofs_x = 1, .ofs_y = 9},
    {.bitmap_index = 5694, .adv_w = 255, .box_w = 14, .box_h = 17, .ofs_x = 1, .ofs_y = 5},
    {.bitmap_index = 5813, .adv_w = 302, .box_w = 19, .box_h = 27, .ofs_x = 0, .ofs_y = 0},
    {.bitmap_index = 6070, .adv_w = 561, .box_w = 33, .box_h = 32, .ofs_x = 1, .ofs_y = -5},
    {.bitmap_index = 6598, .adv_w = 443, .box_w = 28, .box_h = 26, .ofs_x = 0, .ofs_y = 0},
    {.bitmap_index = 6962, .adv_w = 403, .box_w = 23, .box_h = 26, .ofs_x = 2, .ofs_y = 0},
    {.bitmap_index = 7261, .adv_w = 429, .box_w = 25, .box_h = 28, .ofs_x = 1, .ofs_y = -1},
    {.bitmap_index = 7611, .adv_w = 436, .box_w = 25, .box_h = 26, .ofs_x = 2, .ofs_y = 0},
    {.bitmap_index = 7936, .adv_w = 368, .box_w = 20, .box_h = 26, .ofs_x = 2, .ofs_y = 0},
    {.bitmap_index = 8196, .adv_w = 356, .box_w = 20, .box_h = 26, .ofs_x = 2, .ofs_y = 0},
    {.bitmap_index = 8456, .adv_w = 457, .box_w = 27, .box_h = 28, .ofs_x = 1, .ofs_y = -1},
    {.bitmap_index = 8834, .adv_w = 445, .box_w = 24, .box_h = 26, .ofs_x = 2, .ofs_y = 0},
    {.bitmap_index = 9146, .adv_w = 149, .box_w = 6, .box_h = 26, .ofs_x = 2, .ofs_y = 0},
    {.bitmap_index = 9224, .adv_w = 365, .box_w = 21, .box_h = 27, .ofs_x = 0, .ofs_y = -1},
    {.bitmap_index = 9508, .adv_w = 411, .box_w = 24, .box_h = 26, .ofs_x = 2, .ofs_y = 0},
    {.bitmap_index = 9820, .adv_w = 341, .box_w = 19, .box_h = 26, .ofs_x = 2, .ofs_y = 0},
    {.bitmap_index = 10067, .adv_w = 511, .box_w = 28, .box_h = 26, .ofs_x = 2, .ofs_y = 0},
    {.bitmap_index = 10431, .adv_w = 446, .box_w = 24, .box_h = 26, .ofs_x = 2, .ofs_y = 0},
    {.bitmap_index = 10743, .adv_w = 466, .box_w = 28, .box_h = 28, .ofs_x = 1, .ofs_y = -1},
    {.bitmap_index = 11135, .adv_w = 387, .box_w = 22, .box_h = 26, .ofs_x = 2, .ofs_y = 0},
    {.bitmap_index = 11421, .adv_w = 466, .box_w = 28, .box_h = 34, .ofs_x = 1, .ofs_y = -7},
    {.bitmap_index = 11897, .adv_w = 404, .box_w = 23, .box_h = 26, .ofs_x = 2, .ofs_y = 0},
    {.bitmap_index = 12196, .adv_w = 395, .box_w = 24, .box_h = 28, .ofs_x = 0, .ofs_y = -1},
    {.bitmap_index = 12532, .adv_w = 401, .box_w = 25, .box_h = 26, .ofs_x = 0, .ofs_y = 0},
    {.bitmap_index = 12857, .adv_w = 446, .box_w = 26, .box_h = 27, .ofs_x = 1, .ofs_y = -1},
    {.bitmap_index = 13208, .adv_w = 443, .box_w = 28, .box_h = 26, .ofs_x = 0, .ofs_y = 0},
    {.bitmap_index = 13572, .adv_w = 591, .box_w = 36, .box_h = 26, .ofs_x = 0, .ofs_y = 0},
    {.bitmap_index = 14040, .adv_w = 432, .box_w = 27, .box_h = 26, .ofs_x = 0, .ofs_y = 0},
    {.bitmap_index = 14391, .adv_w = 413, .box_w = 26, .box_h = 26, .ofs_x = 0, .ofs_y = 0},
    {.bitmap_index = 14729, .adv_w = 410, .box_w = 24, .box_h = 26, .ofs_x = 1, .ofs_y = 0},
    {.bitmap_index = 15041, .adv_w = 234, .box_w = 12, .box_h = 35, .ofs_x = 2, .ofs_y = -5},
    {.bitmap_index = 15251, .adv_w = 217, .box_w = 16, .box_h = 35, .ofs_x = -1, .ofs_y = -5},
    {.bitmap_index = 15531, .adv_w = 234, .box_w = 12, .box_h = 35, .ofs_x = 0, .ofs_y = -5},
    {.bitmap_index = 15741, .adv_w = 272, .box_w = 15, .box_h = 10, .ofs_x = 1, .ofs_y = 17},
    {.bitmap_index = 15816, .adv_w = 307, .box_w = 21, .box_h = 4, .ofs_x = -1, .ofs_y = -6},
    {.bitmap_index = 15858, .adv_w = 296, .box_w = 9, .box_h = 8, .ofs_x = 4, .ofs_y = 19},
    {.bitmap_index = 15894, .adv_w = 314, .box_w = 19, .box_h = 20, .ofs_x = 0, .ofs_y = -1},
    {.bitmap_index = 16084, .adv_w = 352, .box_w = 21, .box_h = 27, .ofs_x = 1, .ofs_y = -1},
    {.bitmap_index = 16368, .adv_w = 317, .box_w = 20, .box_h = 20, .ofs_x = 0, .ofs_y = -1},
    {.bitmap_index = 16568, .adv_w = 352, .box_w = 21, .box_h = 27, .ofs_x = 0, .ofs_y = -1},
    {.bitmap_index = 16852, .adv_w = 329, .box_w = 20, .box_h = 20, .ofs_x = 0, .ofs_y = -1},
    {.bitmap_index = 17052, .adv_w = 191, .box_w = 12, .box_h = 26, .ofs_x = 0, .ofs_y = 0},
    {.bitmap_index = 17208, .adv_w = 352, .box_w = 21, .box_h = 26, .ofs_x = 0, .ofs_y = -7},
    {.bitmap_index = 17481, .adv_w = 336, .box_w = 19, .box_h = 26, .ofs_x = 1, .ofs_y = 0},
    {.bitmap_index = 17728, .adv_w = 133, .box_w = 6, .box_h = 26, .ofs_x = 1, .ofs_y = 0},
    {.bitmap_index = 17806, .adv_w = 134, .box_w = 9, .box_h = 33, .ofs_x = -2, .ofs_y = -7},
    {.bitmap_index = 17955, .adv_w = 304, .box_w = 19, .box_h = 26, .ofs_x = 1, .ofs_y = 0},
    {.bitmap_index = 18202, .adv_w = 133, .box_w = 6, .box_h = 26, .ofs_x = 1, .ofs_y = 0},
    {.bitmap_index = 18280, .adv_w = 496, .box_w = 29, .box_h = 19, .ofs_x = 1, .ofs_y = 0},
    {.bitmap_index = 18556, .adv_w = 336, .box_w = 19, .box_h = 19, .ofs_x = 1, .ofs_y = 0},
    {.bitmap_index = 18737, .adv_w = 343, .box_w = 21, .box_h = 20, .ofs_x = 0, .ofs_y = -1},
    {.bitmap_index = 18947, .adv_w = 352, .box_w = 21, .box_h = 26, .ofs_x = 1, .ofs_y = -7},
    {.bitmap_index = 19220, .adv_w = 352, .box_w = 21, .box_h = 26, .ofs_x = 0, .ofs_y = -7},
    {.bitmap_index = 19493, .adv_w = 211, .box_w = 12, .box_h = 18, .ofs_x = 1, .ofs_y = 0},
    {.bitmap_index = 19601, .adv_w = 285, .box_w = 17, .box_h = 20, .ofs_x = 0, .ofs_y = -1},
    {.bitmap_index = 19771, .adv_w = 197, .box_w = 12, .box_h = 24, .ofs_x = 0, .ofs_y = 0},
    {.bitmap_index = 19915, .adv_w = 336, .box_w = 19, .box_h = 19, .ofs_x = 1, .ofs_y = -1},
    {.bitmap_index = 20096, .adv_w = 324, .box_w = 20, .box_h = 18, .ofs_x = 0, .ofs_y = 0},
    {.bitmap_index = 20276, .adv_w = 456, .box_w = 28, .box_h = 18, .ofs_x = 0, .ofs_y = 0},
    {.bitmap_index = 20528, .adv_w = 314, .box_w = 20, .box_h = 18, .ofs_x = 0, .ofs_y = 0},
    {.bitmap_index = 20708, .adv_w = 324, .box_w = 20, .box_h = 25, .ofs_x = 0, .ofs_y = -7},
    {.bitmap_index = 20958, .adv_w = 285, .box_w = 18, .box_h = 18, .ofs_x = 0, .ofs_y = 0},
    {.bitmap_index = 21120, .adv_w = 292, .box_w = 18, .box_h = 35, .ofs_x = 0, .ofs_y = -5},
    {.bitmap_index = 21435, .adv_w = 185, .box_w = 5, .box_h = 36, .ofs_x = 3, .ofs_y = -5},
    {.bitmap_index = 21525, .adv_w = 292, .box_w = 18, .box_h = 35, .ofs_x = 0, .ofs_y = -5},
    {.bitmap_index = 21840, .adv_w = 272, .box_w = 15, .box_h = 8, .ofs_x = 1, .ofs_y = 9}
};

/*---------------------
 *  CHARACTER MAPPING
 *--------------------*/



/*Collect the unicode lists and glyph_id offsets*/
static const lv_font_fmt_txt_cmap_t cmaps[] =
{
    {
        .range_start = 32, .range_length = 95, .glyph_id_start = 1,
        .unicode_list = NULL, .glyph_id_ofs_list = NULL, .list_length = 0, .type = LV_FONT_FMT_TXT_CMAP_FORMAT0_TINY
    }
};

/*-----------------
 *    KERNING
 *----------------*/


/*Map glyph_ids to kern left classes*/
static const uint8_t kern_left_class_mapping[] =
{
    0, 1, 0, 2, 3, 0, 4, 5,
    2, 6, 0, 7, 0, 8, 9, 8,
    10, 11, 0, 12, 13, 14, 15, 16,
    17, 18, 19, 20, 20, 0, 0, 0,
    21, 22, 23, 24, 25, 26, 27, 28,
    29, 30, 30, 31, 32, 33, 30, 30,
    34, 35, 34, 36, 37, 38, 39, 40,
    41, 42, 43, 44, 6, 0, 0, 0,
    0, 0, 45, 46, 47, 0, 48, 49,
    50, 51, 0, 52, 53, 0, 51, 51,
    46, 46, 54, 55, 56, 57, 58, 59,
    60, 61, 59, 62, 6, 0, 0, 0
};

/*Map glyph_ids to kern right classes*/
static const uint8_t kern_right_class_mapping[] =
{
    0, 1, 2, 3, 4, 0, 5, 6,
    3, 0, 7, 8, 0, 9, 10, 9,
    11, 12, 13, 14, 15, 16, 17, 18,
    19, 20, 21, 22, 22, 0, 0, 0,
    23, 24, 25, 0, 26, 0, 0, 0,
    26, 0, 0, 27, 0, 0, 0, 0,
    26, 0, 26, 0, 28, 29, 30, 31,
    32, 33, 34, 35, 0, 0, 7, 0,
    0, 0, 36, 0, 37, 37, 37, 38,
    39, 0, 40, 41, 0, 0, 42, 42,
    37, 42, 37, 42, 43, 44, 45, 46,
    47, 48, 46, 49, 0, 0, 7, 0
};

/*Kern values between classes*/
static const int8_t kern_class_values[] =
{
    0, 0, 0, 0, 0, 0, 0, 0,
    0, 0, 0, 0, 0, 0, 0, 0,
    0, 0, 0, 0, 0, 0, 0, 0,
    0, 0, -6, 0, -6, 0, 0, 0,
    0, -9, 0, 0, 0, 0, 0, 0,
    0, 0, 0, 0, 0, 0, 0, 0,
    0, 0, 0, 0, 0, 0, 0, 0,
    0, 0, 0, 0, -12, 0, -3, -6,
    -38, -6, -21, 0, -6, -3, 0, 0,
    0, 0, 0, 0, 0, 0, 0, 0,
    0, 0, 0, 0, 0, 0, 0, 0,
    0, 0, 0, 0, 0, 0, 0, 0,
    0, 0, 0, 0, 0, 0, 0, 0,
    0, 0, 0, 0, 0, 0, 0, 0,
    0, 0, 0, 0, 6, 0, 3, 0,
    0, 0, 0, 0, 0, 0, 0, 0,
    0, 0, 0, 0, 0, 0, 0, 0,
    0, 0, 0, 0, 0, 0, 0, 0,
    0, 0, 0, 0, 0, 0, 0, 0,
    0, 0, -24, 0, 0, 0, 0, 0,
    0, 0, 0, 0, 0, 0, 0, 0,
    0, 0, 0, 0, 0, 0, 0, 0,
    0, 0, 0, 0, 0, 0, 0, 0,
    0, 0, 0, 0, 0, 0, 0, 0,
    0, 0, 0, 0, 0, 0, 0, 0,
    0, 0, 0, 0, 0, 0, 0, 0,
    0, 0, 0, 0, 0, 0, 0, 0,
    0, 0, 0, 0, -6, 0, 0, -6,
    -41, -3, -41, -18, -12, -53, 0, 0,
    -2, -12, 0, 0, 0, 0, 0, -6,
    0, -21, -12, -12, 0, 0, 0, 0,
    0, 0, 0, 0, 0, 0, -24, 0,
    -6, 0, 0, -3, -18, 0, -6, 0,
    0, -6, 0, -24, 0, 0, -16, 0,
    -12, 0, 0, 0, 0, 0, 0, 0,
    -6, -16, 0, -18, 0, 30, 0, 0,
    0, -7, -25, -7, 0, 0, 0, 0,
    0, 0, 0, 0, 0, 0, -30, -6,
    -24, -6, 0, 0, 0, 0, 0, -6,
    0, 0, 0, 0, 0, 0, -41, -9,
    -59, 0, 0, 0, 0, 0, -12, -6,
    0, -15, -18, 3, -3, 0, 0, 0,
    -9, 6, 0, 0, 0, -6, 0, 0,
    0, 0, 0, 0, 0, 0, -30, 0,
    0, 0, -7, -18, 0, 0, 0, 0,
    0, -6, 0, -9, 0, -41, 0, 0,
    -13, 0, 3, -59, -9, -38, -18, 0,
    -53, 0, 0, -2, -18, -2, 0, 0,
    0, 0, -2, -2, -37, -12, 0, 0,
    0, 0, 0, 0, 0, 0, -24, -6,
    0, 0, -6, 3, -6, -12, 0, 0,
    0, 0, -21, 0, 0, 0, 0, 0,
    -10, 3, 10, 0, -45, 0, -18, -6,
    -24, -38, -6, 0, 6, 0, 0, 0,
    0, 0, 6, 0, 0, -6, 0, -19,
    0, 0, 0, 0, 0, 0, 0, 0,
    0, 0, -6, -30, 0, 12, -3, 0,
    -10, 0, -9, 4, 0, 0, 0, 0,
    0, 0, -6, -41, 0, 6, 3, 9,
    0, 0, 6, 0, -33, -33, 0, -30,
    0, 0, -15, -27, 0, -6, -12, -12,
    -12, -12, 0, 0, -6, 0, 0, 0,
    -6, -6, -7, 3, 0, 0, -3, 0,
    0, 0, 0, 0, -6, 0, 0, 0,
    0, 0, 0, 0, 0, 0, 0, 0,
    0, 0, 0, 0, 0, 0, 0, 0,
    0, 0, 0, 0, 0, 0, 0, 0,
    0, 0, 0, 0, 0, -9, 0, 0,
    0, 0, -6, 0, -10, 0, -3, 0,
    0, 0, 0, 0, 0, 0, 0, 0,
    0, 0, 0, 0, 0, 0, 0, 0,
    0, 0, 0, 0, 0, 0, 0, 0,
    0, 0, 0, 0, 0, 0, 0, 0,
    0, 0, 0, 0, 0, 0, -6, 0,
    0, 0, -3, -3, 0, 0, 0, 0,
    0, 0, 0, 0, 0, 0, 0, 0,
    0, 0, 0, 0, 0, 0, 0, 0,
    0, 0, 0, 0, 0, 0, 0, 0,
    0, 0, 0, 0, 0, 0, 0, 0,
    0, 0, 0, 0, 0, 0, 0, -24,
    0, -9, 0, -3, -18, 0, 0, 0,
    0, -9, 0, 3, 0, 0, 3, -12,
    3, -10, 0, 0, 0, 0, 0, 0,
    0, 0, 0, 0, 0, 0, 0, 0,
    0, 0, 0, 0, 0, 0, 0, 0,
    0, 0, 0, 0, 0, 0, 0, 0,
    -18, 0, -12, 0, 0, -15, -3, 0,
    0, 0, -6, -3, 0, 0, -6, 0,
    -12, 0, -6, 0, 0, 0, 0, 0,
    0, 0, 0, 0, 0, 0, 0, 0,
    0, 0, 0, 0, 0, 0, 0, 0,
    0, 0, 0, 0, 0, 0, 0, 0,
    0, -15, 0, -7, 0, -6, -12, 0,
    0, 0, 0, -9, 0, 0, 0, 0,
    0, -8, 0, -3, 0, 0, 0, 0,
    0, 0, 0, 0, 0, 0, 0, 0,
    0, 0, 0, 0, 0, 0, 0, 0,
    0, 0, 0, 0, 0, 0, 0, 0,
    0, 0, 0, -12, 0, 0, 0, 0,
    -24, -15, -17, -6, 3, 0, -6, -36,
    -7, -21, 2, 0, 0, -6, 0, 0,
    0, 0, 0, 0, 0, 0, 0, 0,
    0, 0, 0, 0, 0, 0, 0, 0,
    0, 0, 0, 0, 0, 0, 0, 0,
    0, 0, 0, -6, 0, 0, 0, 0,
    -6, 0, 0, 0, 0, -3, 0, 0,
    0, 0, 0, 0, 0, 0, 0, 0,
    0, 0, 0, 0, 0, 0, 0, 0,
    0, 0, 0, 0, 0, 0, 0, 0,
    0, 0, 0, 0, 0, 0, 0, 0,
    0, 0, 0, 0, 0, -3, 0, 0,
    -6, 0, -19, 0, -7, 0, 0, 0,
    0, -6, 0, -9, 0, 0, 0, 0,
    0, 0, 0, 0, 0, 0, 0, 0,
    0, 0, 0, 0, 0, 0, 0, 0,
    0, 0, 0, 0, 0, 0, 0, 0,
    0, 0, 0, 0, 0, 0, 0, 0,
    0, 0, 0, 0, 0, 0, 0, 0,
    0, 0, 0, 0, 0, -6, 0, 0,
    0, 0, 0, 0, 0, 0, 0, 0,
    0, 0, 0, 0, 0, 0, 0, 0,
    0, 0, 0, 0, 0, 0, 0, 0,
    0, 0, 0, 0, 0, 0, 0, 0,
    0, 0, -6, 0, 0, -6, 0, 0,
    0, 0, 0, 0, 0, 0, 0, 0,
    0, 0, 0, 0, 0, 0, 0, 0,
    0, 0, 0, 0, 0, 0, 0, 0,
    0, 0, 0, 0, 0, 0, 0, 0,
    0, 0, 0, 0, 0, 0, 0, 0,
    0, 0, 0, 0, 0, 0, 0, 0,
    0, 0, 0, 0, 0, 0, 0, 0,
    0, 0, 0, 0, 0, -36, 0, 0,
    0, -6, 0, -18, -12, -33, -24, -9,
    0, 0, 0, 0, 0, 0, 0, 0,
    0, 0, -3, -6, -6, -9, 0, 0,
    0, 0, 0, -6, 0, -41, 0, -10,
    0, 0, 0, 0, 0, 0, 0, 0,
    0, 0, 0, 0, -36, -3, -6, -27,
    -15, -5, -60, -25, -62, -33, -18, -68,
    0, 0, -9, -12, -12, 0, 0, 0,
    0, -16, -7, -30, -18, -12, 0, 0,
    0, 0, 0, 0, 6, -9, 0, 0,
    6, 0, 0, 0, 0, 0, 0, 0,
    0, 0, 0, 0, 0, 0, 0, -3,
    0, 0, 0, -2, 0, -12, -7, -18,
    -18, 0, 6, 0, 0, 0, 0, 0,
    0, 0, 0, 0, 0, -3, 0, 0,
    0, 0, 0, 0, 0, 12, -9, 0,
    0, -6, 0, 0, 0, 0, 0, 0,
    0, 0, 0, 0, 0, 0, 0, -6,
    -6, -6, -3, 0, -3, 0, -6, -3,
    -15, -15, 0, 3, 0, 0, 0, 0,
    0, 0, -3, -3, 0, -7, -5, 0,
    0, 0, 0, 0, 0, 0, 0, -16,
    0, -15, 3, -6, 0, 0, 0, 0,
    0, 0, 0, 0, 0, 0, 0, 0,
    0, -28, 0, 0, -6, -20, 0, -27,
    -13, -38, -41, -10, 0, 0, 3, 0,
    0, 0, 0, 0, 3, 0, 0, 0,
    -6, 0, 0, 0, 0, 0, 0, 0,
    0, 0, 0, 0, 0, 0, 0, 0,
    0, 0, 0, 0, 0, 0, 0, 0,
    0, -3, 0, -4, -2, -2, 0, 0,
    0, 0, 0, 0, 0, 0, 0, 0,
    0, 0, 0, 0, 0, -3, 0, 0,
    -5, 0, 0, 0, 3, 0, 0, 0,
    0, 0, 0, -30, 0, -24, 0, 0,
    0, 0, 0, 0, 0, 0, 0, 0,
    0, 0, 0, -39, 0, -23, -8, 0,
    0, 0, 0, -3, 0, 0, -13, -4,
    0, -4, 0, 0, -3, -5, 0, -3,
    0, -3, -7, -4, 0, 0, 0, 0,
    0, 6, -13, -9, -3, 6, -3, 0,
    0, 0, 0, 0, 0, 0, 0, 0,
    0, 0, -7, 0, -24, 0, 0, -3,
    -19, 0, -18, -12, -25, -27, -9, -3,
    0, 3, 0, 0, 0, 0, 0, 3,
    0, -6, -3, -9, 3, 0, 0, 0,
    0, 0, 0, 0, 0, 0, 0, 0,
    0, 0, 0, 0, 0, 0, 0, 0,
    0, 0, 0, 0, 0, -3, 0, 0,
    0, 0, 0, 0, 0, 0, 0, 0,
    0, 0, 0, 0, 0, 0, 0, 0,
    0, 0, 0, 0, 0, 0, 0, 0,
    0, 0, 0, 0, 0, 0, -6, 0,
    0, 0, 0, 0, 0, 0, 0, 0,
    0, 0, 0, 0, 0, 0, -18, 0,
    0, 0, 0, 0, 0, 0, -3, 0,
    0, -3, 0, 0, 0, 0, 0, 0,
    0, 0, 0, 0, 0, -3, 0, 0,
    0, 0, 0, 0, -18, 0, -9, 0,
    -36, 0, 0, 0, 0, 0, 0, 0,
    0, 0, 0, 0, 0, -27, -38, -18,
    -38, -31, -25, -6, -12, -18, -9, -15,
    -18, -6, -15, -28, -15, -27, 0, 0,
    0, -6, -24, -15, -27, -24, -18, -3,
    -6, 0, 0, 0, 0, 6, 0, -65,
    0, -20, 0, 0, 0, 0, 0, 0,
    0, 0, 0, 0, 0, 0, -41, -10,
    0, -12, -6, 0, -67, -11, -53, -30,
    0, -63, 0, 4, 0, -12, 0, 0,
    0, 0, 0, -10, 0, -29, -12, 0,
    0, 0, 0, 0, 0, 0, 3, -16,
    -9, -13, 3, -6, 0, 0, 0, 0,
    0, 0, 0, 0, 0, 0, 0, 0,
    0, -27, 0, 0, -6, -17, 0, -25,
    -13, -34, -38, -9, 0, 0, 0, 0,
    0, 0, 0, 0, 3, 0, 0, 0,
    -6, 0, 0, 0, 0, 0, 0, -18,
    -15, 3, -44, 3, -30, 0, 0, 0,
    0, 0, 0, 0, 0, 0, 0, 0,
    8, -6, -46, 0, -31, 0, 0, 0,
    -6, 0, -25, -18, -6, -9, -10, 12,
    -7, 0, 0, 0, -4, 13, 0, 6,
    0, 0, 0, 0, 0, 0, 0, 0,
    -6, 0, -3, 0, -3, 0, 0, 0,
    0, 0, 0, 0, 0, 0, 0, 0,
    0, 2, 0, -6, -6, -15, 0, -7,
    -3, -12, -9, -9, -21, -6, 0, -9,
    0, -10, 0, 0, 0, 0, 0, 0,
    0, 0, 0, 0, 0, 0, 0, 0,
    0, 3, -9, -9, 0, 6, 0, 0,
    0, 0, 0, 0, 0, 0, 0, 0,
    0, 0, -7, 0, -15, -3, 0, -6,
    -12, 0, -10, -7, -22, -18, 0, 0,
    0, -3, 0, 0, 0, 0, 0, -6,
    0, -10, -6, -12, 0, -6, 0, 0,
    0, 0, -34, 0, 0, -59, -45, -38,
    0, 0, 0, 0, 0, 0, 0, 0,
    0, 0, -19, 0, -24, -60, -17, -65,
    -12, 0, 0, 3, 0, -6, 0, 0,
    -53, -57, -11, -57, 0, 0, -35, -41,
    -6, -35, -31, -37, -31, -23, 0, 0,
    0, 0, 0, 0, 0, 0, -9, 0,
    -6, 0, 0, 0, 0, 0, 0, 0,
    0, 0, 0, 0, 0, 0, -25, 0,
    0, -3, 0, 0, 0, 0, -6, 0,
    0, -3, 0, 0, 0, 0, 0, 0,
    -3, 0, 0, 0, 0, -3, 0, 0,
    0, 0, 0, 0, -30, 0, 0, -38,
    -18, -33, 0, 0, 0, 0, 0, 0,
    0, 0, 0, 0, -14, -9, -30, -62,
    -25, -56, -18, 3, 0, -6, -6, -15,
    -12, -6, -31, -36, -12, -38, -2, -3,
    -20, -28, -12, -14, -18, -20, -22, -16,
    0, 0, 0, 0, 0, -12, 0, 0,
    -18, -6, -13, 0, 0, 0, 0, 0,
    0, 0, 0, 0, 0, -2, -3, -24,
    -33, -13, -36, -15, 0, 0, -6, -6,
    -9, -9, -3, -20, -24, -6, -25, -5,
    -6, -11, -16, -6, -15, -12, -13, -13,
    -12, 0, 0, 0, 0, 0, -18, 0,
    -12, 0, -24, 0, 0, 0, 0, 0,
    0, 0, 0, 0, 0, 0, 0, -27,
    -38, -18, -34, -31, -16, -6, -6, -15,
    -9, -12, -12, -3, -9, -19, -15, -27,
    0, 0, 0, -9, -22, -15, -30, -24,
    -18, 0, -9, 0, 0, 0, 0, -47,
    0, -6, -53, -38, -49, 0, 0, 0,
    0, 0, 0, 0, 0, 0, 0, -33,
    -15, -44, -68, -38, -74, -27, 0, 0,
    -12, -9, -12, -18, 0, -62, -63, -31,
    -59, -7, -15, -44, -59, -30, -44, -40,
    -36, -47, -41, 0, 0, 0, 0, 0,
    0, 0, 0, 0, -24, 0, 0, 0,
    0, 0, 0, 0, 0, 0, 0, 0,
    0, 0, -9, 0, -14, -12, 0, 0,
    0, 0, 0, -3, -3, 0, 0, -4,
    -9, -6, 0, 0, 0, 0, -6, 0,
    -6, -8, 0, 0, 0, 0, 0, 0,
    0, 0, 0, -18, 0, 0, 0, 0,
    0, 0, 0, 0, 0, 0, 0, 0,
    0, 0, -12, 0, 0, 0, -3, 0,
    -44, 0, -30, -15, 0, -54, 0, 0,
    0, -3, 0, 0, 0, 0, 0, -3,
    0, -15, -10, 0, 0, 0, 0, 0,
    0, 0, 0, -16, -18, -2, 6, -6,
    0, 0, 0, 0, 0, 0, 0, 0,
    0, 0, 0, -22, 0, -6, 0, 0,
    0, -54, 0, -33, -21, -20, -60, 0,
    0, 0, -6, 0, 0, 0, 0, 0,
    -3, 0, -18, -13, -22, -6, 0, 0,
    0, 0, 0, 6, -13, -9, 0, 0,
    0, 0, 0, 0, 0, 0, 0, 0,
    0, 0, 0, 0, -3, 0, -4, 0,
    0, 0, -53, 0, -33, -18, -16, -60,
    0, 0, 0, 0, 0, 0, 0, 0,
    0, 0, 0, -9, -6, -3, 6, 0,
    0, 0, 0, 0, 6, -15, -12, 0,
    6, 0, 0, 0, 0, 0, 0, 0,
    0, 0, 0, 0, 0, -18, 0, -6,
    0, 0, 0, -53, 0, -33, -21, -18,
    -60, 0, 0, 0, -3, 0, 0, 0,
    0, 0, -3, 0, -12, -4, -15, 3,
    0, 0, 0, 0, 0, -12, 0, 9,
    -27, 0, -15, 0, 0, 0, 0, 0,
    0, 0, 0, 0, 0, 0, 8, 0,
    -15, 3, -12, 0, 3, 0, 0, 0,
    -6, 0, 3, -12, -6, 0, -3, 0,
    0, 0, 0, 0, 0, 0, 0, -3,
    0, 0, 0, 0, 0, 0, 0, 0,
    0, 0, 0, 0, 0, 0, 0, 0,
    0, 0, 0, 0, 0, 0, 0, 0,
    0, 0, 0, 0, 0, -27, 0, -15,
    -6, 0, -47, 0, 0, 0, 0, 0,
    0, 6, 0, 0, 0, 0, 0, 0,
    0, 0, 0, 0, 0, 0, 0, 0,
    0, -12, 0, 0, 0, 0, 0, 0,
    0, 0, 0, 0, 0, 0, 0, 0,
    -9, 0, 0, 0, -3, 0, -44, 0,
    -30, -15, 0, -54, 0, 0, 0, 0,
    0, 0, 0, 0, 0, 0, 0, -12,
    -7, 0, 0, 0, 0, 0, 0, 0,
    0, 0, 0, 0, 0, 0, 0, 0,
    0, 0, 0, 0, 0, 0, 0, 0,
    0, 0, 0, 0, 0, 0, 0, 0,
    0, 0, 0, 0, -6, 0, 0, 0,
    0, 0, 0, 0, 0, 0, 0, 0,
    0, 0, 0, 0, 0, 0, 0, 0,
    0, -6, 0, 0, 0, -21, 0, 0,
    0, 0, 0, 0, 0, 0, 0, 0,
    0, 0, 8, -12, -15, 0, -15, 0,
    -21, 0, -18, -9, -15, -42, 0, -9,
    -22, 0, -22, 0, 0, 0, 0, 0,
    0, -13, -9, 0, 6, 0, 0, 0,
    0, 0, 0, 0, 0, 0, 0, 0,
    0, 0, 0, 0, 0, 0, 0, 0,
    0, 0, 0, 0, 0, 0, 0, 0,
    0, -27, 0, -15, -6, 0, -41, 0,
    0, 0, 0, 0, 0, 24, 0, 0,
    0, 0, 0, 0, 0, 0, 0, 0,
    0, 0, 0, -9, -18, 0, -38, 0,
    -18, 0, 0, 0, 0, 0, 0, 0,
    0, 0, 0, 0, 2, 0, -24, 6,
    -18, 0, -18, 0, -12, -9, -18, -38,
    -9, -12, -7, 0, -7, 0, 0, 0,
    0, 0, 0, 0, 0, -3, 0, 0,
    0, 0, 0, 0, 0, -6, -6, 0,
    6, 0, 0, 0, 0, 0, 0, 0,
    0, 0, 0, 0, 0, -6, 0, 0,
    0, 0, 0, -33, 0, -24, -12, -6,
    -56, 0, 0, 0, -3, 0, 0, 0,
    0, 0, -3, 0, -9, -9, -12, 0,
    0, 0, 0, 0, 0, 0, 0, 0,
    0, 0, 9, 0, 0, 0, 0, 0,
    0, 0, 0, 0, 0, 6, 0, 0,
    0, 6, -6, 3, -3, 0, -9, -3,
    -6, -33, -3, 3, -4, 0, -4, 0,
    0, 0, 0, 0, 0, 0, 0, 0,
    0, 0, 0, 0, 0, 0, 0, 0,
    0, 0, 0, 0, 0, 0, 0, 0,
    0, 0, 0, 0, 0, 0, 0, 0,
    0, 0, 0, 0, 0, -27, 0, -9,
    -12, 0, -44, 0, 0, 0, 0, 0,
    0, 0, 0, 0, 0, 0, 0, 0,
    0, 0, 0, 0, 0, 0, 0, -18,
    -25, 0, -37, -6, -24, 0, 0, 0,
    0, 0, 0, 0, 0, 0, 0, 0,
    0, -15, -27, 0, -21, 0, -28, 0,
    -15, -9, -27, -37, -3, -13, -18, 0,
    -16, 0, 0, 0, -12, 0, 0, -12,
    -6, -15, 0, 0, 0, 0, 0, 0,
    -15, -7, 0, -12, 0, -9, 0, 0,
    0, 0, 0, 0, 0, 0, 0, 0,
    0, 0, -9, -15, 0, -7, -3, -27,
    0, -15, -9, -21, -33, -3, -16, -13,
    0, -11, 0, 0, 0, -7, 0, 0,
    -6, 0, -12, -3, 0, 0, 0, 0,
    0, -12, 0, -6, 0, -19, 0, 0,
    0, 0, 0, 0, 0, 0, 0, 0,
    0, 0, 0, -21, -12, -3, -15, 0,
    -21, 0, -18, -9, -15, -50, 0, -12,
    -22, 0, -21, 0, 0, 0, -9, 0,
    -6, -15, -12, -9, 0, 0, 0, 0,
    0, 0, 0, 0, 0, 0, 0, 9,
    0, 0, 0, 0, 0, 0, 0, 0,
    0, 0, 0, 0, -9, 0, 0, 0,
    3, -20, 0, -12, -9, 0, -44, 0,
    0, -10, 0, -10, 0, 0, 0, 0,
    0, 0, 0, 0, 0, 0
};


/*Collect the kern class' data in one place*/
static const lv_font_fmt_txt_kern_classes_t kern_classes =
{
    .class_pair_values   = kern_class_values,
    .left_class_mapping  = kern_left_class_mapping,
    .right_class_mapping = kern_right_class_mapping,
    .left_class_cnt      = 62,
    .right_class_cnt     = 49,
};

/*--------------------
 *  ALL CUSTOM DATA
 *--------------------*/

#if LVGL_VERSION_MAJOR == 8
/*Store all the custom data of the font*/
static  lv_font_fmt_txt_glyph_cache_t cache;
#endif

#if LVGL_VERSION_MAJOR >= 8
static const lv_font_fmt_txt_dsc_t font_dsc = {
#else
static lv_font_fmt_txt_dsc_t font_dsc = {
#endif
    .glyph_bitmap = glyph_bitmap,
    .glyph_dsc = glyph_dsc,
    .cmaps = cmaps,
    .kern_dsc = &kern_classes,
    .kern_scale = 16,
    .cmap_num = 1,
    .bpp = 4,
    .kern_classes = 1,
    .bitmap_format = 0,
#if LVGL_VERSION_MAJOR == 8
    .cache = &cache
#endif

};



/*-----------------
 *  PUBLIC FONT
 *----------------*/

/*Initialize a public general font descriptor*/
#if LVGL_VERSION_MAJOR >= 8
const lv_font_t intelone_medium_37 = {
#else
lv_font_t intelone_medium_37 = {
#endif
    .get_glyph_dsc = lv_font_get_glyph_dsc_fmt_txt,    /*Function pointer to get glyph's data*/
    .get_glyph_bitmap = lv_font_get_bitmap_fmt_txt,    /*Function pointer to get glyph's bitmap*/
    .line_height = 38,          /*The maximum line height required by the font*/
    .base_line = 7,             /*Baseline measured from the bottom of the line*/
#if !(LVGL_VERSION_MAJOR == 6 && LVGL_VERSION_MINOR == 0)
    .subpx = LV_FONT_SUBPX_NONE,
#endif
#if LV_VERSION_CHECK(7, 4, 0) || LVGL_VERSION_MAJOR >= 8
    .underline_position = 0,
    .underline_thickness = 0,
#endif
    .dsc = &font_dsc,          /*The custom font data. Will be accessed by `get_glyph_bitmap/dsc` */
#if LV_VERSION_CHECK(8, 2, 0) || LVGL_VERSION_MAJOR >= 9
    .fallback = NULL,
#endif
    .user_data = NULL,
};



#endif /*#if INTELONE_MEDIUM_37*/
