/*******************************************************************************
 * Size: 28 px
 * Bpp: 4
 * Opts: --bpp 4 --size 28 --no-compress --stride 1 --align 1 --font intelone-display-medium.ttf --range 32-126 --format lvgl -o intelone_medium_28.c
 ******************************************************************************/

#ifdef __has_include
    #if __has_include("lvgl.h")
        #ifndef LV_LVGL_H_INCLUDE_SIMPLE
            #define LV_LVGL_H_INCLUDE_SIMPLE
        #endif
    #endif
#endif

#ifdef LV_LVGL_H_INCLUDE_SIMPLE
    #include "lvgl.h"
#else
    #include "lvgl/lvgl.h"
#endif



#ifndef INTELONE_MEDIUM_28
#define INTELONE_MEDIUM_28 1
#endif

#if INTELONE_MEDIUM_28

/*-----------------
 *    BITMAPS
 *----------------*/

/*Store the image of the glyphs*/
static LV_ATTRIBUTE_LARGE_CONST const uint8_t glyph_bitmap[] = {
    /* U+0020 " " */

    /* U+0021 "!" */
    0xbf, 0xff, 0x4a, 0xff, 0xf3, 0x9f, 0xff, 0x28,
    0xff, 0xf1, 0x7f, 0xff, 0x6, 0xff, 0xf0, 0x5f,
    0xfe, 0x4, 0xff, 0xd0, 0x3f, 0xfc, 0x2, 0xff,
    0xb0, 0x2f, 0xfa, 0x1, 0xff, 0xa0, 0xf, 0xf9,
    0x0, 0xff, 0x80, 0x0, 0x0, 0x4, 0x77, 0x71,
    0x9f, 0xff, 0x39, 0xff, 0xf3, 0x9f, 0xff, 0x30,

    /* U+0022 "\"" */
    0x8f, 0xff, 0x1a, 0xff, 0xf0, 0x8f, 0xfe, 0xa,
    0xff, 0xd0, 0x8f, 0xfc, 0xa, 0xff, 0xa0, 0x8f,
    0xfa, 0xa, 0xff, 0x80, 0x8f, 0xf7, 0xa, 0xff,
    0x60, 0x8f, 0xf5, 0xa, 0xff, 0x30, 0x37, 0x71,
    0x4, 0x77, 0x0,

    /* U+0023 "#" */
    0x0, 0x0, 0x1f, 0xfa, 0x0, 0xc, 0xff, 0x0,
    0x0, 0x0, 0x5f, 0xf6, 0x0, 0xf, 0xfb, 0x0,
    0x0, 0x0, 0x8f, 0xf3, 0x0, 0x3f, 0xf8, 0x0,
    0x1, 0x11, 0xcf, 0xf1, 0x11, 0x7f, 0xf5, 0x10,
    0xf, 0xff, 0xff, 0xff, 0xff, 0xff, 0xff, 0xf3,
    0xf, 0xff, 0xff, 0xff, 0xff, 0xff, 0xff, 0xf3,
    0xf, 0xff, 0xff, 0xff, 0xff, 0xff, 0xff, 0xf3,
    0x0, 0x8, 0xff, 0x30, 0x4, 0xff, 0x70, 0x0,
    0x0, 0xc, 0xff, 0x0, 0x7, 0xff, 0x40, 0x0,
    0x0, 0xf, 0xfc, 0x0, 0xa, 0xff, 0x10, 0x0,
    0x0, 0x3f, 0xf8, 0x0, 0xe, 0xfd, 0x0, 0x0,
    0xff, 0xff, 0xff, 0xff, 0xff, 0xff, 0xff, 0x40,
    0xff, 0xff, 0xff, 0xff, 0xff, 0xff, 0xff, 0x40,
    0xff, 0xff, 0xff, 0xff, 0xff, 0xff, 0xff, 0x40,
    0x11, 0xff, 0xc1, 0x11, 0xbf, 0xf2, 0x11, 0x0,
    0x2, 0xff, 0x90, 0x0, 0xef, 0xd0, 0x0, 0x0,
    0x5, 0xff, 0x60, 0x1, 0xff, 0xa0, 0x0, 0x0,
    0x8, 0xff, 0x30, 0x3, 0xff, 0x80, 0x0, 0x0,
    0xb, 0xff, 0x0, 0x6, 0xff, 0x50, 0x0, 0x0,

    /* U+0024 "$" */
    0x0, 0x0, 0x0, 0x6, 0xff, 0x90, 0x0, 0x0,
    0x0, 0x0, 0x0, 0x0, 0x6f, 0xf9, 0x0, 0x0,
    0x0, 0x0, 0x0, 0x0, 0x29, 0xff, 0xb2, 0x0,
    0x0, 0x0, 0x0, 0x6, 0xdf, 0xff, 0xff, 0xfe,
    0x81, 0x0, 0x0, 0xb, 0xff, 0xff, 0xff, 0xff,
    0xff, 0xe5, 0x0, 0xa, 0xff, 0xff, 0xb9, 0x9b,
    0xff, 0xff, 0xf4, 0x3, 0xff, 0xfa, 0x10, 0x0,
    0x1, 0x8f, 0xfc, 0x0, 0x8f, 0xfe, 0x0, 0x0,
    0x0, 0x0, 0x3d, 0x20, 0xa, 0xff, 0xc0, 0x0,
    0x0, 0x0, 0x0, 0x0, 0x0, 0x9f, 0xff, 0x10,
    0x0, 0x0, 0x0, 0x0, 0x0, 0x6, 0xff, 0xfd,
    0x62, 0x0, 0x0, 0x0, 0x0, 0x0, 0xe, 0xff,
    0xff, 0xff, 0xff, 0xec, 0x82, 0x0, 0x0, 0x2e,
    0xff, 0xff, 0xff, 0xff, 0xff, 0xf8, 0x0, 0x0,
    0x6, 0xad, 0xff, 0xff, 0xff, 0xff, 0xf5, 0x0,
    0x0, 0x0, 0x0, 0x0, 0x13, 0x9f, 0xff, 0xc0,
    0x0, 0x0, 0x0, 0x0, 0x0, 0x0, 0x9f, 0xff,
    0x0, 0x60, 0x0, 0x0, 0x0, 0x0, 0x7, 0xff,
    0xf0, 0x7f, 0xd4, 0x0, 0x0, 0x0, 0x0, 0xdf,
    0xfc, 0x2f, 0xff, 0xfc, 0x73, 0x11, 0x27, 0xdf,
    0xff, 0x50, 0x6f, 0xff, 0xff, 0xff, 0xff, 0xff,
    0xff, 0xa0, 0x0, 0x2a, 0xff, 0xff, 0xff, 0xff,
    0xff, 0x70, 0x0, 0x0, 0x1, 0x7a, 0xef, 0xfe,
    0xb7, 0x10, 0x0, 0x0, 0x0, 0x0, 0x6, 0xff,
    0x90, 0x0, 0x0, 0x0, 0x0, 0x0, 0x0, 0x6f,
    0xf9, 0x0, 0x0, 0x0, 0x0, 0x0, 0x0, 0x6,
    0xff, 0x90, 0x0, 0x0, 0x0,

    /* U+0025 "%" */
    0x0, 0x18, 0xdf, 0xeb, 0x40, 0x0, 0x0, 0x0,
    0x9f, 0xf3, 0x0, 0x1, 0xdf, 0xff, 0xff, 0xf6,
    0x0, 0x0, 0x5, 0xff, 0x60, 0x0, 0xa, 0xff,
    0x95, 0x7e, 0xff, 0x10, 0x0, 0x1e, 0xfa, 0x0,
    0x0, 0xf, 0xfb, 0x0, 0x5, 0xff, 0x60, 0x0,
    0xcf, 0xd0, 0x0, 0x0, 0x2f, 0xf7, 0x0, 0x0,
    0xff, 0x80, 0x8, 0xff, 0x20, 0x0, 0x0, 0x1f,
    0xf9, 0x0, 0x3, 0xff, 0x70, 0x4f, 0xf5, 0x0,
    0x0, 0x0, 0xd, 0xff, 0x50, 0x2c, 0xff, 0x31,
    0xef, 0x80, 0x0, 0x0, 0x0, 0x4, 0xff, 0xff,
    0xff, 0xf9, 0xb, 0xfc, 0x0, 0x0, 0x0, 0x0,
    0x0, 0x4d, 0xff, 0xff, 0x80, 0x7f, 0xe1, 0x0,
    0x0, 0x0, 0x0, 0x0, 0x0, 0x24, 0x30, 0x3,
    0xff, 0x42, 0xae, 0xfd, 0x81, 0x0, 0x0, 0x0,
    0x0, 0x0, 0x1e, 0xf7, 0x4f, 0xff, 0xff, 0xfd,
    0x10, 0x0, 0x0, 0x0, 0x0, 0xbf, 0xb0, 0xef,
    0xf8, 0x5a, 0xff, 0xa0, 0x0, 0x0, 0x0, 0x8,
    0xfe, 0x15, 0xff, 0x70, 0x0, 0xcf, 0xf1, 0x0,
    0x0, 0x0, 0x4f, 0xf4, 0x7, 0xff, 0x20, 0x0,
    0x7f, 0xf3, 0x0, 0x0, 0x1, 0xef, 0x90, 0x7,
    0xff, 0x20, 0x0, 0x6f, 0xf3, 0x0, 0x0, 0xc,
    0xfd, 0x0, 0x5, 0xff, 0x50, 0x0, 0xaf, 0xf0,
    0x0, 0x0, 0x9f, 0xf2, 0x0, 0x0, 0xef, 0xe4,
    0x16, 0xff, 0xa0, 0x0, 0x5, 0xff, 0x60, 0x0,
    0x0, 0x4f, 0xff, 0xff, 0xfd, 0x10, 0x0, 0x2f,
    0xfa, 0x0, 0x0, 0x0, 0x2, 0xae, 0xfd, 0x81,
    0x0,

    /* U+0026 "&" */
    0x0, 0x0, 0x0, 0x5b, 0xef, 0xea, 0x30, 0x0,
    0x0, 0x0, 0x0, 0x0, 0xb, 0xff, 0xff, 0xff,
    0xf7, 0x0, 0x0, 0x0, 0x0, 0x0, 0xaf, 0xff,
    0xdb, 0xef, 0xff, 0x40, 0x0, 0x0, 0x0, 0x1,
    0xff, 0xf7, 0x0, 0x1d, 0xff, 0xa0, 0x0, 0x0,
    0x0, 0x3, 0xff, 0xf0, 0x0, 0x6, 0xff, 0xc0,
    0x0, 0x0, 0x0, 0x3, 0xff, 0xf1, 0x0, 0x7,
    0xff, 0xa0, 0x0, 0x0, 0x0, 0x0, 0xef, 0xf9,
    0x0, 0x3f, 0xff, 0x40, 0x0, 0x0, 0x0, 0x0,
    0x6f, 0xff, 0x89, 0xff, 0xf8, 0x0, 0x0, 0x0,
    0x0, 0x0, 0x3e, 0xff, 0xff, 0xfd, 0x50, 0x0,
    0x0, 0x0, 0x0, 0x2c, 0xff, 0xff, 0xff, 0xa0,
    0x0, 0x3a, 0xa8, 0x0, 0x3, 0xff, 0xff, 0x9b,
    0xff, 0xf7, 0x0, 0x8f, 0xfa, 0x0, 0xd, 0xff,
    0xc1, 0x0, 0xbf, 0xff, 0x70, 0xef, 0xf5, 0x0,
    0x2f, 0xff, 0x30, 0x0, 0xb, 0xff, 0xfb, 0xff,
    0xe0, 0x0, 0x4f, 0xff, 0x0, 0x0, 0x0, 0xcf,
    0xff, 0xff, 0x60, 0x0, 0x3f, 0xff, 0x50, 0x0,
    0x0, 0xc, 0xff, 0xfd, 0x0, 0x0, 0xf, 0xff,
    0xe5, 0x0, 0x2, 0x9f, 0xff, 0xff, 0x40, 0x0,
    0x6, 0xff, 0xff, 0xfe, 0xef, 0xff, 0xff, 0xff,
    0xf3, 0x0, 0x0, 0x7f, 0xff, 0xff, 0xff, 0xff,
    0xa3, 0xff, 0xfe, 0x10, 0x0, 0x2, 0x8d, 0xff,
    0xec, 0x82, 0x0, 0x4f, 0xff, 0xd0,

    /* U+0027 "'" */
    0x8f, 0xff, 0x8, 0xff, 0xd0, 0x8f, 0xfb, 0x8,
    0xff, 0x90, 0x8f, 0xf6, 0x8, 0xff, 0x40, 0x37,
    0x71, 0x0,

    /* U+0028 "(" */
    0x0, 0x0, 0x0, 0x0, 0x36, 0x0, 0x0, 0x0,
    0x0, 0x9f, 0xf3, 0x0, 0x0, 0x1, 0xcf, 0xff,
    0xb0, 0x0, 0x1, 0xdf, 0xff, 0x90, 0x0, 0x0,
    0xcf, 0xff, 0x60, 0x0, 0x0, 0x9f, 0xff, 0x60,
    0x0, 0x0, 0x3f, 0xff, 0x90, 0x0, 0x0, 0xc,
    0xff, 0xe0, 0x0, 0x0, 0x2, 0xff, 0xf6, 0x0,
    0x0, 0x0, 0x8f, 0xff, 0x0, 0x0, 0x0, 0xc,
    0xff, 0xa0, 0x0, 0x0, 0x0, 0xff, 0xf7, 0x0,
    0x0, 0x0, 0xf, 0xff, 0x50, 0x0, 0x0, 0x0,
    0xff, 0xf5, 0x0, 0x0, 0x0, 0xf, 0xff, 0x60,
    0x0, 0x0, 0x0, 0xef, 0xf8, 0x0, 0x0, 0x0,
    0xb, 0xff, 0xc0, 0x0, 0x0, 0x0, 0x7f, 0xff,
    0x10, 0x0, 0x0, 0x1, 0xff, 0xf9, 0x0, 0x0,
    0x0, 0x9, 0xff, 0xf2, 0x0, 0x0, 0x0, 0x1f,
    0xff, 0xd0, 0x0, 0x0, 0x0, 0x6f, 0xff, 0xb0,
    0x0, 0x0, 0x0, 0x9f, 0xff, 0xc1, 0x0, 0x0,
    0x0, 0x9f, 0xff, 0xe4, 0x0, 0x0, 0x0, 0x7f,
    0xff, 0xa0, 0x0, 0x0, 0x0, 0x4d, 0xe1, 0x0,
    0x0, 0x0, 0x0, 0x2, 0x0,

    /* U+0029 ")" */
    0x1, 0x70, 0x0, 0x0, 0x0, 0x0, 0xbf, 0xd2,
    0x0, 0x0, 0x0, 0x4f, 0xff, 0xf5, 0x0, 0x0,
    0x0, 0x5f, 0xff, 0xf5, 0x0, 0x0, 0x0, 0x2e,
    0xff, 0xf4, 0x0, 0x0, 0x0, 0x2e, 0xff, 0xe1,
    0x0, 0x0, 0x0, 0x4f, 0xff, 0xa0, 0x0, 0x0,
    0x0, 0x8f, 0xff, 0x30, 0x0, 0x0, 0x1, 0xff,
    0xf9, 0x0, 0x0, 0x0, 0x9, 0xff, 0xf0, 0x0,
    0x0, 0x0, 0x4f, 0xff, 0x20, 0x0, 0x0, 0x1,
    0xff, 0xf5, 0x0, 0x0, 0x0, 0xf, 0xff, 0x70,
    0x0, 0x0, 0x0, 0xef, 0xf7, 0x0, 0x0, 0x0,
    0xf, 0xff, 0x60, 0x0, 0x0, 0x1, 0xff, 0xf5,
    0x0, 0x0, 0x0, 0x5f, 0xff, 0x10, 0x0, 0x0,
    0xa, 0xff, 0xd0, 0x0, 0x0, 0x2, 0xff, 0xf7,
    0x0, 0x0, 0x0, 0xaf, 0xff, 0x10, 0x0, 0x0,
    0x6f, 0xff, 0x70, 0x0, 0x0, 0x4f, 0xff, 0xc0,
    0x0, 0x0, 0x5f, 0xff, 0xe2, 0x0, 0x0, 0x9f,
    0xff, 0xe2, 0x0, 0x0, 0x4f, 0xff, 0xd2, 0x0,
    0x0, 0x0, 0x9f, 0x90, 0x0, 0x0, 0x0, 0x0,
    0x30, 0x0, 0x0, 0x0, 0x0,

    /* U+002A "*" */
    0x0, 0x0, 0xbf, 0x30, 0x0, 0x0, 0x0, 0xbf,
    0x30, 0x0, 0xd, 0xa3, 0xaf, 0x37, 0xd6, 0x2f,
    0xff, 0xff, 0xff, 0xfa, 0x0, 0x5b, 0xff, 0xe7,
    0x20, 0x0, 0xa, 0xff, 0xf3, 0x0, 0x0, 0x8f,
    0xc4, 0xfe, 0x10, 0x2, 0xff, 0x20, 0x8f, 0xb0,
    0x0, 0x45, 0x0, 0x8, 0x10,

    /* U+002B "+" */
    0x0, 0x0, 0x11, 0x10, 0x0, 0x0, 0x0, 0xd,
    0xfb, 0x0, 0x0, 0x0, 0x0, 0xdf, 0xb0, 0x0,
    0x0, 0x0, 0xd, 0xfb, 0x0, 0x0, 0x24, 0x44,
    0xdf, 0xc4, 0x44, 0x2b, 0xff, 0xff, 0xff, 0xff,
    0xfa, 0xbf, 0xff, 0xff, 0xff, 0xff, 0xa0, 0x0,
    0xd, 0xfb, 0x0, 0x0, 0x0, 0x0, 0xdf, 0xb0,
    0x0, 0x0, 0x0, 0xd, 0xfb, 0x0, 0x0, 0x0,
    0x0, 0xdf, 0xb0, 0x0, 0x0,

    /* U+002C "," */
    0x0, 0x33, 0x31, 0x6, 0xff, 0xf3, 0xa, 0xff,
    0xd0, 0xe, 0xff, 0x70, 0x1f, 0xff, 0x10, 0x5f,
    0xfb, 0x0, 0x9f, 0xf5, 0x0, 0xdf, 0xe0, 0x0,

    /* U+002D "-" */
    0x2, 0x22, 0x22, 0x22, 0x4, 0xff, 0xff, 0xff,
    0xf2, 0x4f, 0xff, 0xff, 0xff, 0x24, 0xff, 0xff,
    0xff, 0xf2,

    /* U+002E "." */
    0xbd, 0xdd, 0xd, 0xff, 0xf0, 0xdf, 0xff, 0xd,
    0xff, 0xf0,

    /* U+002F "/" */
    0x0, 0x0, 0x0, 0x0, 0x6f, 0xfb, 0x0, 0x0,
    0x0, 0x0, 0xbf, 0xf6, 0x0, 0x0, 0x0, 0x1,
    0xff, 0xf1, 0x0, 0x0, 0x0, 0x6, 0xff, 0xc0,
    0x0, 0x0, 0x0, 0xb, 0xff, 0x70, 0x0, 0x0,
    0x0, 0xf, 0xff, 0x10, 0x0, 0x0, 0x0, 0x5f,
    0xfc, 0x0, 0x0, 0x0, 0x0, 0xaf, 0xf7, 0x0,
    0x0, 0x0, 0x0, 0xff, 0xf2, 0x0, 0x0, 0x0,
    0x4, 0xff, 0xd0, 0x0, 0x0, 0x0, 0xa, 0xff,
    0x80, 0x0, 0x0, 0x0, 0xe, 0xff, 0x20, 0x0,
    0x0, 0x0, 0x4f, 0xfd, 0x0, 0x0, 0x0, 0x0,
    0x9f, 0xf8, 0x0, 0x0, 0x0, 0x0, 0xef, 0xf3,
    0x0, 0x0, 0x0, 0x3, 0xff, 0xe0, 0x0, 0x0,
    0x0, 0x8, 0xff, 0x90, 0x0, 0x0, 0x0, 0xe,
    0xff, 0x40, 0x0, 0x0, 0x0, 0x3f, 0xfe, 0x0,
    0x0, 0x0, 0x0, 0x8f, 0xf9, 0x0, 0x0, 0x0,
    0x0, 0xdf, 0xf4, 0x0, 0x0, 0x0, 0x2, 0xff,
    0xf0, 0x0, 0x0, 0x0, 0x7, 0xff, 0xa0, 0x0,
    0x0, 0x0, 0xc, 0xff, 0x50, 0x0, 0x0, 0x0,
    0x2f, 0xff, 0x0, 0x0, 0x0, 0x0, 0x7f, 0xfa,
    0x0, 0x0, 0x0, 0x0,

    /* U+0030 "0" */
    0x0, 0x0, 0x4, 0x9d, 0xff, 0xda, 0x50, 0x0,
    0x0, 0x0, 0x1, 0xbf, 0xff, 0xff, 0xff, 0xfc,
    0x20, 0x0, 0x0, 0x1d, 0xff, 0xff, 0xff, 0xff,
    0xff, 0xe2, 0x0, 0x0, 0xbf, 0xff, 0xb3, 0x0,
    0x3b, 0xff, 0xfc, 0x0, 0x4, 0xff, 0xfa, 0x0,
    0x0, 0x0, 0x9f, 0xff, 0x50, 0xa, 0xff, 0xf1,
    0x0, 0x0, 0x0, 0xe, 0xff, 0xb0, 0xe, 0xff,
    0xa0, 0x0, 0x0, 0x0, 0x9, 0xff, 0xf0, 0x1f,
    0xff, 0x70, 0x0, 0x0, 0x0, 0x6, 0xff, 0xf2,
    0x2f, 0xff, 0x50, 0x0, 0x0, 0x0, 0x5, 0xff,
    0xf3, 0x2f, 0xff, 0x50, 0x0, 0x0, 0x0, 0x4,
    0xff, 0xf3, 0x2f, 0xff, 0x60, 0x0, 0x0, 0x0,
    0x5, 0xff, 0xf3, 0x1f, 0xff, 0x70, 0x0, 0x0,
    0x0, 0x6, 0xff, 0xf2, 0xe, 0xff, 0xa0, 0x0,
    0x0, 0x0, 0x9, 0xff, 0xf0, 0xa, 0xff, 0xf1,
    0x0, 0x0, 0x0, 0xe, 0xff, 0xb0, 0x4, 0xff,
    0xfa, 0x0, 0x0, 0x0, 0x9f, 0xff, 0x40, 0x0,
    0xcf, 0xff, 0xb3, 0x0, 0x3a, 0xff, 0xfc, 0x0,
    0x0, 0x1e, 0xff, 0xff, 0xff, 0xff, 0xff, 0xe1,
    0x0, 0x0, 0x1, 0xcf, 0xff, 0xff, 0xff, 0xfc,
    0x10, 0x0, 0x0, 0x0, 0x5, 0xad, 0xff, 0xda,
    0x40, 0x0, 0x0,

    /* U+0031 "1" */
    0x6f, 0xff, 0xff, 0xf0, 0x6f, 0xff, 0xff, 0xf0,
    0x6f, 0xff, 0xff, 0xf0, 0x0, 0x7, 0xff, 0xf0,
    0x0, 0x7, 0xff, 0xf0, 0x0, 0x7, 0xff, 0xf0,
    0x0, 0x7, 0xff, 0xf0, 0x0, 0x7, 0xff, 0xf0,
    0x0, 0x7, 0xff, 0xf0, 0x0, 0x7, 0xff, 0xf0,
    0x0, 0x7, 0xff, 0xf0, 0x0, 0x7, 0xff, 0xf0,
    0x0, 0x7, 0xff, 0xf0, 0x0, 0x7, 0xff, 0xf0,
    0x0, 0x7, 0xff, 0xf0, 0x0, 0x7, 0xff, 0xf0,
    0x0, 0x7, 0xff, 0xf0, 0x0, 0x7, 0xff, 0xf0,
    0x0, 0x7, 0xff, 0xf0,

    /* U+0032 "2" */
    0x0, 0x0, 0x29, 0xdf, 0xfe, 0xb6, 0x0, 0x0,
    0x0, 0x8, 0xff, 0xff, 0xff, 0xff, 0xd2, 0x0,
    0x0, 0x9f, 0xff, 0xff, 0xff, 0xff, 0xfe, 0x10,
    0x3, 0xff, 0xfd, 0x40, 0x3, 0xcf, 0xff, 0x80,
    0xa, 0xff, 0xf2, 0x0, 0x0, 0xe, 0xff, 0xd0,
    0xe, 0xff, 0xa0, 0x0, 0x0, 0xa, 0xff, 0xe0,
    0xe, 0xff, 0x60, 0x0, 0x0, 0xb, 0xff, 0xd0,
    0x0, 0x0, 0x0, 0x0, 0x0, 0x2f, 0xff, 0x80,
    0x0, 0x0, 0x0, 0x0, 0x1, 0xdf, 0xfe, 0x10,
    0x0, 0x0, 0x0, 0x0, 0x1d, 0xff, 0xf4, 0x0,
    0x0, 0x0, 0x0, 0x2, 0xef, 0xff, 0x50, 0x0,
    0x0, 0x0, 0x0, 0x4f, 0xff, 0xf4, 0x0, 0x0,
    0x0, 0x0, 0x7, 0xff, 0xfe, 0x30, 0x0, 0x0,
    0x0, 0x0, 0x9f, 0xff, 0xc1, 0x0, 0x0, 0x0,
    0x0, 0x1c, 0xff, 0xf9, 0x0, 0x0, 0x0, 0x0,
    0x2, 0xdf, 0xff, 0x60, 0x0, 0x0, 0x0, 0x0,
    0xf, 0xff, 0xff, 0xff, 0xff, 0xff, 0xff, 0xf8,
    0x1f, 0xff, 0xff, 0xff, 0xff, 0xff, 0xff, 0xf8,
    0x1f, 0xff, 0xff, 0xff, 0xff, 0xff, 0xff, 0xf8,

    /* U+0033 "3" */
    0x0, 0x0, 0x28, 0xce, 0xff, 0xc9, 0x20, 0x0,
    0x0, 0x8, 0xff, 0xff, 0xff, 0xff, 0xf9, 0x0,
    0x0, 0x9f, 0xff, 0xff, 0xff, 0xff, 0xff, 0x90,
    0x4, 0xff, 0xfd, 0x41, 0x1, 0x6f, 0xff, 0xf2,
    0xa, 0xff, 0xe1, 0x0, 0x0, 0x5, 0xff, 0xf4,
    0xb, 0xee, 0x80, 0x0, 0x0, 0x4, 0xff, 0xf3,
    0x0, 0x0, 0x0, 0x0, 0x0, 0x2d, 0xff, 0xc0,
    0x0, 0x0, 0x0, 0x4a, 0xbd, 0xff, 0xfd, 0x20,
    0x0, 0x0, 0x0, 0x7f, 0xff, 0xff, 0x90, 0x0,
    0x0, 0x0, 0x0, 0x7f, 0xff, 0xff, 0xfb, 0x10,
    0x0, 0x0, 0x0, 0x0, 0x2, 0x8f, 0xff, 0xd0,
    0x0, 0x0, 0x0, 0x0, 0x0, 0x3, 0xff, 0xf6,
    0x3e, 0xee, 0x20, 0x0, 0x0, 0x0, 0xdf, 0xfa,
    0x1f, 0xff, 0x50, 0x0, 0x0, 0x0, 0xef, 0xfb,
    0xd, 0xff, 0xd0, 0x0, 0x0, 0x5, 0xff, 0xf8,
    0x6, 0xff, 0xfd, 0x40, 0x2, 0x8f, 0xff, 0xf3,
    0x0, 0xbf, 0xff, 0xff, 0xff, 0xff, 0xff, 0x80,
    0x0, 0xa, 0xff, 0xff, 0xff, 0xff, 0xf6, 0x0,
    0x0, 0x0, 0x39, 0xdf, 0xfe, 0xc7, 0x10, 0x0,

    /* U+0034 "4" */
    0x0, 0x0, 0x0, 0x0, 0x1e, 0xff, 0xff, 0x40,
    0x0, 0x0, 0x0, 0x0, 0x0, 0xbf, 0xff, 0xff,
    0x40, 0x0, 0x0, 0x0, 0x0, 0x7, 0xff, 0xef,
    0xff, 0x40, 0x0, 0x0, 0x0, 0x0, 0x3f, 0xff,
    0x5f, 0xff, 0x40, 0x0, 0x0, 0x0, 0x0, 0xdf,
    0xf8, 0x1f, 0xff, 0x40, 0x0, 0x0, 0x0, 0xa,
    0xff, 0xc0, 0x1f, 0xff, 0x40, 0x0, 0x0, 0x0,
    0x5f, 0xff, 0x20, 0x1f, 0xff, 0x40, 0x0, 0x0,
    0x2, 0xff, 0xf6, 0x0, 0x1f, 0xff, 0x40, 0x0,
    0x0, 0xc, 0xff, 0xa0, 0x0, 0x1f, 0xff, 0x40,
    0x0, 0x0, 0x8f, 0xfe, 0x10, 0x0, 0x1f, 0xff,
    0x40, 0x0, 0x4, 0xff, 0xf3, 0x0, 0x0, 0x1f,
    0xff, 0x40, 0x0, 0x1e, 0xff, 0x80, 0x0, 0x0,
    0x1f, 0xff, 0x40, 0x0, 0x8f, 0xff, 0xdd, 0xdd,
    0xdd, 0xdf, 0xff, 0xdd, 0xd6, 0x9f, 0xff, 0xff,
    0xff, 0xff, 0xff, 0xff, 0xff, 0xf7, 0x9f, 0xff,
    0xff, 0xff, 0xff, 0xff, 0xff, 0xff, 0xf7, 0x0,
    0x0, 0x0, 0x0, 0x0, 0x3f, 0xff, 0x40, 0x0,
    0x0, 0x0, 0x0, 0x0, 0x0, 0x3f, 0xff, 0x40,
    0x0, 0x0, 0x0, 0x0, 0x0, 0x0, 0x3f, 0xff,
    0x40, 0x0, 0x0, 0x0, 0x0, 0x0, 0x0, 0x3f,
    0xff, 0x40, 0x0,

    /* U+0035 "5" */
    0x0, 0xdf, 0xff, 0xff, 0xff, 0xff, 0xff, 0x80,
    0x0, 0xef, 0xff, 0xff, 0xff, 0xff, 0xff, 0x80,
    0x0, 0xff, 0xff, 0xff, 0xff, 0xff, 0xff, 0x80,
    0x0, 0xff, 0xf2, 0x0, 0x0, 0x0, 0x0, 0x0,
    0x1, 0xff, 0xf0, 0x0, 0x0, 0x0, 0x0, 0x0,
    0x2, 0xff, 0xe0, 0x0, 0x0, 0x0, 0x0, 0x0,
    0x3, 0xff, 0xd2, 0x9d, 0xff, 0xea, 0x30, 0x0,
    0x5, 0xff, 0xff, 0xff, 0xff, 0xff, 0xfa, 0x0,
    0x6, 0xff, 0xff, 0xff, 0xff, 0xff, 0xff, 0xa0,
    0x7, 0xff, 0xfb, 0x40, 0x1, 0x7f, 0xff, 0xf4,
    0x3, 0x8b, 0x60, 0x0, 0x0, 0x3, 0xff, 0xfa,
    0x0, 0x0, 0x0, 0x0, 0x0, 0x0, 0xcf, 0xfc,
    0x0, 0x0, 0x0, 0x0, 0x0, 0x0, 0xaf, 0xfd,
    0x0, 0x58, 0x0, 0x0, 0x0, 0x0, 0xdf, 0xfb,
    0xa, 0xff, 0x60, 0x0, 0x0, 0x6, 0xff, 0xf7,
    0xc, 0xff, 0xfa, 0x30, 0x1, 0x8f, 0xff, 0xe1,
    0x2, 0xef, 0xff, 0xff, 0xff, 0xff, 0xff, 0x40,
    0x0, 0x2c, 0xff, 0xff, 0xff, 0xff, 0xe3, 0x0,
    0x0, 0x0, 0x5a, 0xdf, 0xfe, 0xb6, 0x0, 0x0,

    /* U+0036 "6" */
    0x0, 0x0, 0x0, 0x0, 0xbf, 0xff, 0x90, 0x0,
    0x0, 0x0, 0x0, 0xb, 0xff, 0xf6, 0x0, 0x0,
    0x0, 0x0, 0x0, 0xbf, 0xff, 0x40, 0x0, 0x0,
    0x0, 0x0, 0xa, 0xff, 0xe2, 0x0, 0x0, 0x0,
    0x0, 0x0, 0x9f, 0xfc, 0x10, 0x0, 0x0, 0x0,
    0x0, 0x7, 0xff, 0xf9, 0xaa, 0x85, 0x0, 0x0,
    0x0, 0x3f, 0xff, 0xff, 0xff, 0xff, 0xe5, 0x0,
    0x0, 0xdf, 0xff, 0xff, 0xff, 0xff, 0xff, 0x60,
    0x7, 0xff, 0xfe, 0x61, 0x2, 0x7f, 0xff, 0xf2,
    0xd, 0xff, 0xe2, 0x0, 0x0, 0x5, 0xff, 0xf9,
    0x1f, 0xff, 0x70, 0x0, 0x0, 0x0, 0xcf, 0xfd,
    0x4f, 0xff, 0x30, 0x0, 0x0, 0x0, 0x9f, 0xff,
    0x4f, 0xff, 0x40, 0x0, 0x0, 0x0, 0xaf, 0xfe,
    0x3f, 0xff, 0x70, 0x0, 0x0, 0x0, 0xdf, 0xfc,
    0xf, 0xff, 0xe1, 0x0, 0x0, 0x7, 0xff, 0xf6,
    0x9, 0xff, 0xfd, 0x50, 0x2, 0x9f, 0xff, 0xe0,
    0x0, 0xdf, 0xff, 0xff, 0xff, 0xff, 0xff, 0x20,
    0x0, 0x1b, 0xff, 0xff, 0xff, 0xff, 0xd2, 0x0,
    0x0, 0x0, 0x4a, 0xdf, 0xfe, 0xa5, 0x0, 0x0,

    /* U+0037 "7" */
    0xaf, 0xff, 0xff, 0xff, 0xff, 0xff, 0xff, 0x6a,
    0xff, 0xff, 0xff, 0xff, 0xff, 0xff, 0xf6, 0xaf,
    0xff, 0xff, 0xff, 0xff, 0xff, 0xff, 0x60, 0x0,
    0x0, 0x0, 0x0, 0x6, 0xff, 0xf1, 0x0, 0x0,
    0x0, 0x0, 0x0, 0xef, 0xf9, 0x0, 0x0, 0x0,
    0x0, 0x0, 0x6f, 0xff, 0x10, 0x0, 0x0, 0x0,
    0x0, 0xe, 0xff, 0x90, 0x0, 0x0, 0x0, 0x0,
    0x7, 0xff, 0xf1, 0x0, 0x0, 0x0, 0x0, 0x0,
    0xef, 0xf9, 0x0, 0x0, 0x0, 0x0, 0x0, 0x7f,
    0xff, 0x20, 0x0, 0x0, 0x0, 0x0, 0x1e, 0xff,
    0xa0, 0x0, 0x0, 0x0, 0x0, 0x8, 0xff, 0xf2,
    0x0, 0x0, 0x0, 0x0, 0x1, 0xff, 0xfa, 0x0,
    0x0, 0x0, 0x0, 0x0, 0x8f, 0xff, 0x20, 0x0,
    0x0, 0x0, 0x0, 0x1f, 0xff, 0xa0, 0x0, 0x0,
    0x0, 0x0, 0x9, 0xff, 0xf2, 0x0, 0x0, 0x0,
    0x0, 0x1, 0xff, 0xfb, 0x0, 0x0, 0x0, 0x0,
    0x0, 0x9f, 0xff, 0x30, 0x0, 0x0, 0x0, 0x0,
    0x2f, 0xff, 0xb0, 0x0, 0x0, 0x0, 0x0,

    /* U+0038 "8" */
    0x0, 0x0, 0x49, 0xdf, 0xff, 0xda, 0x50, 0x0,
    0x0, 0x1, 0xcf, 0xff, 0xff, 0xff, 0xff, 0xd2,
    0x0, 0x1, 0xef, 0xff, 0xff, 0xef, 0xff, 0xff,
    0xe1, 0x0, 0x7f, 0xff, 0xb3, 0x0, 0x3, 0xbf,
    0xff, 0x70, 0xa, 0xff, 0xe0, 0x0, 0x0, 0x0,
    0xdf, 0xfa, 0x0, 0x8f, 0xfd, 0x0, 0x0, 0x0,
    0xe, 0xff, 0x80, 0x2, 0xff, 0xfa, 0x20, 0x0,
    0x2a, 0xff, 0xf2, 0x0, 0x5, 0xff, 0xff, 0xfe,
    0xff, 0xff, 0xf4, 0x0, 0x0, 0x3, 0xff, 0xff,
    0xff, 0xff, 0xf3, 0x0, 0x0, 0x5, 0xff, 0xff,
    0xff, 0xff, 0xff, 0xf6, 0x0, 0x4, 0xff, 0xfd,
    0x51, 0x1, 0x5d, 0xff, 0xf4, 0x0, 0xcf, 0xfc,
    0x0, 0x0, 0x0, 0xc, 0xff, 0xd0, 0x1f, 0xff,
    0x50, 0x0, 0x0, 0x0, 0x5f, 0xff, 0x12, 0xff,
    0xf5, 0x0, 0x0, 0x0, 0x5, 0xff, 0xf2, 0xf,
    0xff, 0xb0, 0x0, 0x0, 0x0, 0xbf, 0xff, 0x0,
    0xaf, 0xff, 0xb4, 0x0, 0x4, 0xcf, 0xff, 0xa0,
    0x1, 0xef, 0xff, 0xff, 0xef, 0xff, 0xff, 0xe1,
    0x0, 0x2, 0xcf, 0xff, 0xff, 0xff, 0xff, 0xb1,
    0x0, 0x0, 0x0, 0x49, 0xdf, 0xff, 0xd9, 0x40,
    0x0, 0x0,

    /* U+0039 "9" */
    0x0, 0x0, 0x28, 0xce, 0xfe, 0xc8, 0x10, 0x0,
    0x0, 0x8, 0xff, 0xff, 0xff, 0xff, 0xf6, 0x0,
    0x0, 0xaf, 0xff, 0xff, 0xff, 0xff, 0xff, 0x70,
    0x7, 0xff, 0xfd, 0x51, 0x1, 0x7f, 0xff, 0xf2,
    0xf, 0xff, 0xd1, 0x0, 0x0, 0x4, 0xff, 0xf9,
    0x4f, 0xff, 0x50, 0x0, 0x0, 0x0, 0xcf, 0xfd,
    0x5f, 0xff, 0x30, 0x0, 0x0, 0x0, 0x9f, 0xfe,
    0x5f, 0xff, 0x40, 0x0, 0x0, 0x0, 0xcf, 0xfd,
    0x1f, 0xff, 0xc0, 0x0, 0x0, 0x5, 0xff, 0xfb,
    0xb, 0xff, 0xfc, 0x41, 0x3, 0x9f, 0xff, 0xf7,
    0x1, 0xef, 0xff, 0xff, 0xff, 0xff, 0xff, 0xf1,
    0x0, 0x1b, 0xff, 0xff, 0xff, 0xff, 0xff, 0x80,
    0x0, 0x0, 0x27, 0x9a, 0xab, 0xff, 0xfc, 0x0,
    0x0, 0x0, 0x0, 0x0, 0x3f, 0xff, 0xe2, 0x0,
    0x0, 0x0, 0x0, 0x3, 0xff, 0xff, 0x30, 0x0,
    0x0, 0x0, 0x0, 0x3e, 0xff, 0xf4, 0x0, 0x0,
    0x0, 0x0, 0x2, 0xef, 0xff, 0x50, 0x0, 0x0,
    0x0, 0x0, 0x2e, 0xff, 0xf5, 0x0, 0x0, 0x0,
    0x0, 0x2, 0xef, 0xff, 0x60, 0x0, 0x0, 0x0,

    /* U+003A ":" */
    0xaf, 0xff, 0x3a, 0xff, 0xf3, 0xaf, 0xff, 0x38,
    0xdd, 0xd3, 0x0, 0x0, 0x0, 0x0, 0x0, 0x0,
    0x0, 0x0, 0x0, 0x0, 0x0, 0x0, 0x0, 0x0,
    0x0, 0x8d, 0xdd, 0x3a, 0xff, 0xf3, 0xaf, 0xff,
    0x3a, 0xff, 0xf3,

    /* U+003B ";" */
    0xa, 0xff, 0xf3, 0xa, 0xff, 0xf3, 0xa, 0xff,
    0xf3, 0x8, 0xdd, 0xd3, 0x0, 0x0, 0x0, 0x0,
    0x0, 0x0, 0x0, 0x0, 0x0, 0x0, 0x0, 0x0,
    0x0, 0x0, 0x0, 0x0, 0x33, 0x31, 0x5, 0xff,
    0xf4, 0x9, 0xff, 0xe0, 0xd, 0xff, 0x80, 0x1f,
    0xff, 0x20, 0x4f, 0xfc, 0x0, 0x8f, 0xf6, 0x0,
    0xcf, 0xf0, 0x0,

    /* U+003C "<" */
    0x0, 0x0, 0x0, 0x0, 0x25, 0x0, 0x0, 0x0,
    0x3a, 0xfa, 0x0, 0x0, 0x3b, 0xff, 0xfa, 0x0,
    0x4c, 0xff, 0xff, 0xa2, 0x5d, 0xff, 0xfe, 0x81,
    0x0, 0xef, 0xfd, 0x60, 0x0, 0x0, 0xef, 0xe5,
    0x0, 0x0, 0x0, 0xcf, 0xff, 0xd6, 0x0, 0x0,
    0x5, 0xdf, 0xff, 0xf8, 0x10, 0x0, 0x4, 0xcf,
    0xff, 0xf7, 0x0, 0x0, 0x4, 0xbf, 0xfa, 0x0,
    0x0, 0x0, 0x3, 0xaa, 0x0, 0x0, 0x0, 0x0,
    0x0,

    /* U+003D "=" */
    0x34, 0x44, 0x44, 0x44, 0x44, 0x2b, 0xff, 0xff,
    0xff, 0xff, 0xfa, 0xbf, 0xff, 0xff, 0xff, 0xff,
    0xa0, 0x0, 0x0, 0x0, 0x0, 0x0, 0x34, 0x44,
    0x44, 0x44, 0x44, 0x2b, 0xff, 0xff, 0xff, 0xff,
    0xfa, 0xbf, 0xff, 0xff, 0xff, 0xff, 0xa0,

    /* U+003E ">" */
    0x52, 0x0, 0x0, 0x0, 0x0, 0x9f, 0xb3, 0x0,
    0x0, 0x0, 0x9f, 0xff, 0xb4, 0x0, 0x0, 0x29,
    0xff, 0xff, 0xc5, 0x0, 0x0, 0x18, 0xef, 0xff,
    0xd5, 0x0, 0x0, 0x6, 0xdf, 0xfe, 0x0, 0x0,
    0x0, 0x5e, 0xfe, 0x0, 0x0, 0x6d, 0xff, 0xfd,
    0x1, 0x8e, 0xff, 0xfd, 0x60, 0x6f, 0xff, 0xfc,
    0x50, 0x0, 0x9f, 0xfc, 0x40, 0x0, 0x0, 0x9b,
    0x30, 0x0, 0x0, 0x0, 0x0, 0x0, 0x0, 0x0,
    0x0,

    /* U+003F "?" */
    0x0, 0x1, 0x8c, 0xef, 0xfc, 0x81, 0x0, 0x0,
    0x5f, 0xff, 0xff, 0xff, 0xff, 0x40, 0x5, 0xff,
    0xff, 0xff, 0xff, 0xff, 0xf2, 0xe, 0xff, 0xf7,
    0x20, 0x2b, 0xff, 0xf9, 0x4f, 0xff, 0x60, 0x0,
    0x0, 0xef, 0xfc, 0x8f, 0xfe, 0x0, 0x0, 0x0,
    0xcf, 0xfc, 0x58, 0x86, 0x0, 0x0, 0x2, 0xff,
    0xf9, 0x0, 0x0, 0x0, 0x0, 0x2d, 0xff, 0xf3,
    0x0, 0x0, 0x0, 0x7, 0xff, 0xff, 0x60, 0x0,
    0x0, 0x1, 0xcf, 0xff, 0xe4, 0x0, 0x0, 0x0,
    0xa, 0xff, 0xfb, 0x10, 0x0, 0x0, 0x0, 0xc,
    0xff, 0xb0, 0x0, 0x0, 0x0, 0x0, 0xa, 0xff,
    0x50, 0x0, 0x0, 0x0, 0x0, 0x6, 0xcc, 0x20,
    0x0, 0x0, 0x0, 0x0, 0x0, 0x0, 0x0, 0x0,
    0x0, 0x0, 0x0, 0x7, 0x77, 0x50, 0x0, 0x0,
    0x0, 0x0, 0xf, 0xff, 0xc0, 0x0, 0x0, 0x0,
    0x0, 0xf, 0xff, 0xc0, 0x0, 0x0, 0x0, 0x0,
    0xf, 0xff, 0xc0, 0x0, 0x0,

    /* U+0040 "@" */
    0x0, 0x0, 0x0, 0x0, 0x4, 0x9c, 0xef, 0xfe,
    0xc8, 0x30, 0x0, 0x0, 0x0, 0x0, 0x0, 0x1,
    0x7e, 0xd9, 0x53, 0x22, 0x36, 0xaf, 0xd4, 0x0,
    0x0, 0x0, 0x0, 0x5, 0xec, 0x40, 0x0, 0x0,
    0x0, 0x0, 0x7, 0xf8, 0x0, 0x0, 0x0, 0x8,
    0xf5, 0x0, 0x0, 0x0, 0x0, 0x0, 0x0, 0x3,
    0xe9, 0x0, 0x0, 0x8, 0xe2, 0x0, 0x0, 0x0,
    0x0, 0x0, 0x0, 0x0, 0x3, 0xf4, 0x0, 0x6,
    0xf3, 0x0, 0x0, 0x3a, 0xef, 0xe8, 0x1b, 0xff,
    0x0, 0x9, 0xc0, 0x1, 0xf6, 0x0, 0x0, 0x9f,
    0xff, 0xff, 0xfd, 0xff, 0xb0, 0x0, 0x3f, 0x10,
    0x9c, 0x0, 0x0, 0x9f, 0xfe, 0x86, 0x9f, 0xff,
    0xf6, 0x0, 0x0, 0xf4, 0x1f, 0x50, 0x0, 0x3f,
    0xfe, 0x10, 0x0, 0x6f, 0xff, 0x20, 0x0, 0xf,
    0x55, 0xf0, 0x0, 0xb, 0xff, 0x40, 0x0, 0x1,
    0xff, 0xd0, 0x0, 0x0, 0xf4, 0x9b, 0x0, 0x0,
    0xff, 0xe0, 0x0, 0x0, 0x2f, 0xf8, 0x0, 0x0,
    0x2f, 0x2b, 0xa0, 0x0, 0xf, 0xfd, 0x0, 0x0,
    0x6, 0xff, 0x40, 0x0, 0x7, 0xe0, 0xc8, 0x0,
    0x0, 0xff, 0xf0, 0x0, 0x1, 0xef, 0xf0, 0x0,
    0x1, 0xe7, 0xb, 0x90, 0x0, 0xc, 0xff, 0xa1,
    0x4, 0xdf, 0xfe, 0x0, 0x0, 0xbd, 0x0, 0x9b,
    0x0, 0x0, 0x5f, 0xff, 0xff, 0xff, 0xff, 0xf7,
    0x25, 0xce, 0x20, 0x5, 0xf0, 0x0, 0x0, 0x6f,
    0xff, 0xff, 0x72, 0xdf, 0xff, 0xfa, 0x10, 0x0,
    0x1f, 0x50, 0x0, 0x0, 0x3, 0x43, 0x0, 0x0,
    0x34, 0x30, 0x0, 0x0, 0x0, 0x8d, 0x0, 0x0,
    0x0, 0x0, 0x0, 0x0, 0x0, 0x0, 0x0, 0x0,
    0x0, 0x1, 0xdb, 0x0, 0x0, 0x0, 0x0, 0x0,
    0x0, 0x0, 0x0, 0x0, 0x0, 0x0, 0x2, 0xec,
    0x20, 0x0, 0x0, 0x0, 0x0, 0x11, 0x0, 0x0,
    0x0, 0x0, 0x0, 0x1, 0xaf, 0xa5, 0x10, 0x0,
    0x25, 0xaf, 0x60, 0x0, 0x0, 0x0, 0x0, 0x0,
    0x0, 0x39, 0xdf, 0xff, 0xff, 0xd8, 0x20, 0x0,
    0x0, 0x0, 0x0, 0x0, 0x0, 0x0, 0x0, 0x1,
    0x21, 0x0, 0x0, 0x0, 0x0, 0x0, 0x0, 0x0,

    /* U+0041 "A" */
    0x0, 0x0, 0x0, 0x0, 0x9f, 0xff, 0x90, 0x0,
    0x0, 0x0, 0x0, 0x0, 0x0, 0x0, 0x1f, 0xff,
    0xff, 0x0, 0x0, 0x0, 0x0, 0x0, 0x0, 0x0,
    0x7, 0xff, 0xff, 0xf7, 0x0, 0x0, 0x0, 0x0,
    0x0, 0x0, 0x0, 0xef, 0xfd, 0xff, 0xe0, 0x0,
    0x0, 0x0, 0x0, 0x0, 0x0, 0x6f, 0xfe, 0x2f,
    0xff, 0x50, 0x0, 0x0, 0x0, 0x0, 0x0, 0xd,
    0xff, 0x80, 0xaf, 0xfc, 0x0, 0x0, 0x0, 0x0,
    0x0, 0x4, 0xff, 0xf2, 0x4, 0xff, 0xf3, 0x0,
    0x0, 0x0, 0x0, 0x0, 0xbf, 0xfb, 0x0, 0xd,
    0xff, 0xa0, 0x0, 0x0, 0x0, 0x0, 0x2f, 0xff,
    0x40, 0x0, 0x6f, 0xff, 0x20, 0x0, 0x0, 0x0,
    0x9, 0xff, 0xd0, 0x0, 0x0, 0xef, 0xf9, 0x0,
    0x0, 0x0, 0x1, 0xff, 0xf6, 0x0, 0x0, 0x8,
    0xff, 0xf0, 0x0, 0x0, 0x0, 0x7f, 0xff, 0xff,
    0xff, 0xff, 0xff, 0xff, 0x70, 0x0, 0x0, 0xe,
    0xff, 0xff, 0xff, 0xff, 0xff, 0xff, 0xfe, 0x0,
    0x0, 0x6, 0xff, 0xff, 0xff, 0xff, 0xff, 0xff,
    0xff, 0xf5, 0x0, 0x0, 0xdf, 0xfb, 0x0, 0x0,
    0x0, 0x0, 0xd, 0xff, 0xc0, 0x0, 0x4f, 0xff,
    0x40, 0x0, 0x0, 0x0, 0x0, 0x6f, 0xff, 0x30,
    0xb, 0xff, 0xe0, 0x0, 0x0, 0x0, 0x0, 0x0,
    0xff, 0xfa, 0x2, 0xff, 0xf7, 0x0, 0x0, 0x0,
    0x0, 0x0, 0x9, 0xff, 0xf2, 0x9f, 0xff, 0x10,
    0x0, 0x0, 0x0, 0x0, 0x0, 0x2f, 0xff, 0x90,

    /* U+0042 "B" */
    0x7f, 0xff, 0xff, 0xff, 0xff, 0xfe, 0xb6, 0x0,
    0x0, 0x7f, 0xff, 0xff, 0xff, 0xff, 0xff, 0xff,
    0xe3, 0x0, 0x7f, 0xff, 0xff, 0xff, 0xff, 0xff,
    0xff, 0xff, 0x20, 0x7f, 0xff, 0x20, 0x0, 0x0,
    0x14, 0xcf, 0xff, 0x80, 0x7f, 0xff, 0x20, 0x0,
    0x0, 0x0, 0xf, 0xff, 0xc0, 0x7f, 0xff, 0x20,
    0x0, 0x0, 0x0, 0xc, 0xff, 0xb0, 0x7f, 0xff,
    0x20, 0x0, 0x0, 0x0, 0x2f, 0xff, 0x80, 0x7f,
    0xff, 0x20, 0x0, 0x0, 0x15, 0xdf, 0xff, 0x10,
    0x7f, 0xff, 0xff, 0xff, 0xff, 0xff, 0xff, 0xd3,
    0x0, 0x7f, 0xff, 0xff, 0xff, 0xff, 0xff, 0xfe,
    0x50, 0x0, 0x7f, 0xff, 0xff, 0xff, 0xff, 0xff,
    0xff, 0xfc, 0x10, 0x7f, 0xff, 0x20, 0x0, 0x0,
    0x2, 0x8f, 0xff, 0xa0, 0x7f, 0xff, 0x20, 0x0,
    0x0, 0x0, 0x9, 0xff, 0xf1, 0x7f, 0xff, 0x20,
    0x0, 0x0, 0x0, 0x5, 0xff, 0xf3, 0x7f, 0xff,
    0x20, 0x0, 0x0, 0x0, 0x9, 0xff, 0xf2, 0x7f,
    0xff, 0x20, 0x0, 0x0, 0x13, 0x9f, 0xff, 0xe0,
    0x7f, 0xff, 0xff, 0xff, 0xff, 0xff, 0xff, 0xff,
    0x50, 0x7f, 0xff, 0xff, 0xff, 0xff, 0xff, 0xff,
    0xf6, 0x0, 0x7f, 0xff, 0xff, 0xff, 0xff, 0xfe,
    0xb7, 0x10, 0x0,

    /* U+0043 "C" */
    0x0, 0x0, 0x0, 0x16, 0xad, 0xff, 0xeb, 0x71,
    0x0, 0x0, 0x0, 0x0, 0x8, 0xff, 0xff, 0xff,
    0xff, 0xff, 0x70, 0x0, 0x0, 0x1, 0xcf, 0xff,
    0xff, 0xff, 0xff, 0xff, 0xfb, 0x0, 0x0, 0xd,
    0xff, 0xff, 0x84, 0x22, 0x38, 0xef, 0xff, 0x90,
    0x0, 0xaf, 0xff, 0xc1, 0x0, 0x0, 0x0, 0x1c,
    0xff, 0xf2, 0x3, 0xff, 0xfc, 0x0, 0x0, 0x0,
    0x0, 0x1, 0xec, 0x30, 0x9, 0xff, 0xf3, 0x0,
    0x0, 0x0, 0x0, 0x0, 0x10, 0x0, 0xe, 0xff,
    0xc0, 0x0, 0x0, 0x0, 0x0, 0x0, 0x0, 0x0,
    0xf, 0xff, 0x90, 0x0, 0x0, 0x0, 0x0, 0x0,
    0x0, 0x0, 0x1f, 0xff, 0x80, 0x0, 0x0, 0x0,
    0x0, 0x0, 0x0, 0x0, 0xf, 0xff, 0x90, 0x0,
    0x0, 0x0, 0x0, 0x0, 0x0, 0x0, 0xe, 0xff,
    0xc0, 0x0, 0x0, 0x0, 0x0, 0x0, 0x0, 0x0,
    0xa, 0xff, 0xf3, 0x0, 0x0, 0x0, 0x0, 0x0,
    0x0, 0x0, 0x4, 0xff, 0xfd, 0x0, 0x0, 0x0,
    0x0, 0x0, 0xcd, 0x40, 0x0, 0xcf, 0xff, 0xc1,
    0x0, 0x0, 0x0, 0x1b, 0xff, 0xf3, 0x0, 0x1e,
    0xff, 0xff, 0x83, 0x12, 0x48, 0xef, 0xff, 0x90,
    0x0, 0x3, 0xef, 0xff, 0xff, 0xff, 0xff, 0xff,
    0xf9, 0x0, 0x0, 0x0, 0x1a, 0xff, 0xff, 0xff,
    0xff, 0xfe, 0x50, 0x0, 0x0, 0x0, 0x0, 0x27,
    0xce, 0xff, 0xea, 0x60, 0x0, 0x0,

    /* U+0044 "D" */
    0x7f, 0xff, 0xff, 0xff, 0xfe, 0xc9, 0x50, 0x0,
    0x0, 0x7, 0xff, 0xff, 0xff, 0xff, 0xff, 0xff,
    0xe6, 0x0, 0x0, 0x7f, 0xff, 0xff, 0xff, 0xff,
    0xff, 0xff, 0xfa, 0x0, 0x7, 0xff, 0xf3, 0x11,
    0x12, 0x37, 0xcf, 0xff, 0xfa, 0x0, 0x7f, 0xff,
    0x20, 0x0, 0x0, 0x0, 0x5f, 0xff, 0xf6, 0x7,
    0xff, 0xf2, 0x0, 0x0, 0x0, 0x0, 0x4f, 0xff,
    0xe0, 0x7f, 0xff, 0x20, 0x0, 0x0, 0x0, 0x0,
    0x9f, 0xff, 0x47, 0xff, 0xf2, 0x0, 0x0, 0x0,
    0x0, 0x3, 0xff, 0xf9, 0x7f, 0xff, 0x20, 0x0,
    0x0, 0x0, 0x0, 0xf, 0xff, 0xa7, 0xff, 0xf2,
    0x0, 0x0, 0x0, 0x0, 0x0, 0xef, 0xfb, 0x7f,
    0xff, 0x20, 0x0, 0x0, 0x0, 0x0, 0xf, 0xff,
    0xa7, 0xff, 0xf2, 0x0, 0x0, 0x0, 0x0, 0x2,
    0xff, 0xf8, 0x7f, 0xff, 0x20, 0x0, 0x0, 0x0,
    0x0, 0x9f, 0xff, 0x47, 0xff, 0xf2, 0x0, 0x0,
    0x0, 0x0, 0x4f, 0xff, 0xe0, 0x7f, 0xff, 0x20,
    0x0, 0x0, 0x0, 0x5f, 0xff, 0xf5, 0x7, 0xff,
    0xf3, 0x11, 0x12, 0x36, 0xcf, 0xff, 0xf9, 0x0,
    0x7f, 0xff, 0xff, 0xff, 0xff, 0xff, 0xff, 0xf9,
    0x0, 0x7, 0xff, 0xff, 0xff, 0xff, 0xff, 0xff,
    0xd4, 0x0, 0x0, 0x7f, 0xff, 0xff, 0xff, 0xfe,
    0xc9, 0x40, 0x0, 0x0, 0x0,

    /* U+0045 "E" */
    0x7f, 0xff, 0xff, 0xff, 0xff, 0xff, 0xff, 0xf4,
    0x7f, 0xff, 0xff, 0xff, 0xff, 0xff, 0xff, 0xf4,
    0x7f, 0xff, 0xff, 0xff, 0xff, 0xff, 0xff, 0xf4,
    0x7f, 0xff, 0x20, 0x0, 0x0, 0x0, 0x0, 0x0,
    0x7f, 0xff, 0x20, 0x0, 0x0, 0x0, 0x0, 0x0,
    0x7f, 0xff, 0x20, 0x0, 0x0, 0x0, 0x0, 0x0,
    0x7f, 0xff, 0x20, 0x0, 0x0, 0x0, 0x0, 0x0,
    0x7f, 0xff, 0x20, 0x0, 0x0, 0x0, 0x0, 0x0,
    0x7f, 0xff, 0xff, 0xff, 0xff, 0xff, 0xff, 0x70,
    0x7f, 0xff, 0xff, 0xff, 0xff, 0xff, 0xff, 0x70,
    0x7f, 0xff, 0xff, 0xff, 0xff, 0xff, 0xff, 0x70,
    0x7f, 0xff, 0x20, 0x0, 0x0, 0x0, 0x0, 0x0,
    0x7f, 0xff, 0x20, 0x0, 0x0, 0x0, 0x0, 0x0,
    0x7f, 0xff, 0x20, 0x0, 0x0, 0x0, 0x0, 0x0,
    0x7f, 0xff, 0x20, 0x0, 0x0, 0x0, 0x0, 0x0,
    0x7f, 0xff, 0x20, 0x0, 0x0, 0x0, 0x0, 0x0,
    0x7f, 0xff, 0xff, 0xff, 0xff, 0xff, 0xff, 0xf4,
    0x7f, 0xff, 0xff, 0xff, 0xff, 0xff, 0xff, 0xf4,
    0x7f, 0xff, 0xff, 0xff, 0xff, 0xff, 0xff, 0xf4,

    /* U+0046 "F" */
    0x7f, 0xff, 0xff, 0xff, 0xff, 0xff, 0xff, 0xf0,
    0x7f, 0xff, 0xff, 0xff, 0xff, 0xff, 0xff, 0xf0,
    0x7f, 0xff, 0xff, 0xff, 0xff, 0xff, 0xff, 0xf0,
    0x7f, 0xff, 0x20, 0x0, 0x0, 0x0, 0x0, 0x0,
    0x7f, 0xff, 0x20, 0x0, 0x0, 0x0, 0x0, 0x0,
    0x7f, 0xff, 0x20, 0x0, 0x0, 0x0, 0x0, 0x0,
    0x7f, 0xff, 0x20, 0x0, 0x0, 0x0, 0x0, 0x0,
    0x7f, 0xff, 0x20, 0x0, 0x0, 0x0, 0x0, 0x0,
    0x7f, 0xff, 0xff, 0xff, 0xff, 0xff, 0xff, 0x40,
    0x7f, 0xff, 0xff, 0xff, 0xff, 0xff, 0xff, 0x40,
    0x7f, 0xff, 0xff, 0xff, 0xff, 0xff, 0xff, 0x40,
    0x7f, 0xff, 0x20, 0x0, 0x0, 0x0, 0x0, 0x0,
    0x7f, 0xff, 0x20, 0x0, 0x0, 0x0, 0x0, 0x0,
    0x7f, 0xff, 0x20, 0x0, 0x0, 0x0, 0x0, 0x0,
    0x7f, 0xff, 0x20, 0x0, 0x0, 0x0, 0x0, 0x0,
    0x7f, 0xff, 0x20, 0x0, 0x0, 0x0, 0x0, 0x0,
    0x7f, 0xff, 0x20, 0x0, 0x0, 0x0, 0x0, 0x0,
    0x7f, 0xff, 0x20, 0x0, 0x0, 0x0, 0x0, 0x0,
    0x7f, 0xff, 0x20, 0x0, 0x0, 0x0, 0x0, 0x0,

    /* U+0047 "G" */
    0x0, 0x0, 0x0, 0x6, 0xad, 0xef, 0xec, 0x83,
    0x0, 0x0, 0x0, 0x0, 0x0, 0x7e, 0xff, 0xff,
    0xff, 0xff, 0xfb, 0x10, 0x0, 0x0, 0x1, 0xbf,
    0xff, 0xff, 0xff, 0xff, 0xff, 0xff, 0x40, 0x0,
    0x0, 0xcf, 0xff, 0xf9, 0x42, 0x12, 0x6b, 0xff,
    0xff, 0x30, 0x0, 0xaf, 0xff, 0xd2, 0x0, 0x0,
    0x0, 0x4, 0xef, 0xc2, 0x0, 0x3f, 0xff, 0xd1,
    0x0, 0x0, 0x0, 0x0, 0x2, 0x60, 0x0, 0x9,
    0xff, 0xf3, 0x0, 0x0, 0x0, 0x0, 0x0, 0x0,
    0x0, 0x0, 0xef, 0xfc, 0x0, 0x0, 0x0, 0x0,
    0x0, 0x0, 0x0, 0x0, 0xf, 0xff, 0x90, 0x0,
    0x0, 0x6e, 0xee, 0xee, 0xee, 0xee, 0x91, 0xff,
    0xf8, 0x0, 0x0, 0x7, 0xff, 0xff, 0xff, 0xff,
    0xfb, 0xf, 0xff, 0x90, 0x0, 0x0, 0x7f, 0xff,
    0xff, 0xff, 0xff, 0xa0, 0xef, 0xfc, 0x0, 0x0,
    0x0, 0x0, 0x0, 0x0, 0xef, 0xf8, 0xa, 0xff,
    0xf3, 0x0, 0x0, 0x0, 0x0, 0x0, 0x3f, 0xff,
    0x40, 0x4f, 0xff, 0xc0, 0x0, 0x0, 0x0, 0x0,
    0xb, 0xff, 0xe0, 0x0, 0xbf, 0xff, 0xc1, 0x0,
    0x0, 0x0, 0x9, 0xff, 0xf7, 0x0, 0x1, 0xef,
    0xff, 0xf8, 0x41, 0x12, 0x6d, 0xff, 0xfc, 0x0,
    0x0, 0x2, 0xdf, 0xff, 0xff, 0xff, 0xff, 0xff,
    0xfd, 0x10, 0x0, 0x0, 0x0, 0x9f, 0xff, 0xff,
    0xff, 0xff, 0xf9, 0x0, 0x0, 0x0, 0x0, 0x0,
    0x17, 0xbe, 0xff, 0xeb, 0x71, 0x0, 0x0, 0x0,

    /* U+0048 "H" */
    0x7f, 0xff, 0x20, 0x0, 0x0, 0x0, 0x0, 0x2f,
    0xff, 0x77, 0xff, 0xf2, 0x0, 0x0, 0x0, 0x0,
    0x2, 0xff, 0xf7, 0x7f, 0xff, 0x20, 0x0, 0x0,
    0x0, 0x0, 0x2f, 0xff, 0x77, 0xff, 0xf2, 0x0,
    0x0, 0x0, 0x0, 0x2, 0xff, 0xf7, 0x7f, 0xff,
    0x20, 0x0, 0x0, 0x0, 0x0, 0x2f, 0xff, 0x77,
    0xff, 0xf2, 0x0, 0x0, 0x0, 0x0, 0x2, 0xff,
    0xf7, 0x7f, 0xff, 0x20, 0x0, 0x0, 0x0, 0x0,
    0x2f, 0xff, 0x77, 0xff, 0xf4, 0x22, 0x22, 0x22,
    0x22, 0x24, 0xff, 0xf7, 0x7f, 0xff, 0xff, 0xff,
    0xff, 0xff, 0xff, 0xff, 0xff, 0x77, 0xff, 0xff,
    0xff, 0xff, 0xff, 0xff, 0xff, 0xff, 0xf7, 0x7f,
    0xff, 0xff, 0xff, 0xff, 0xff, 0xff, 0xff, 0xff,
    0x77, 0xff, 0xf2, 0x0, 0x0, 0x0, 0x0, 0x2,
    0xff, 0xf7, 0x7f, 0xff, 0x20, 0x0, 0x0, 0x0,
    0x0, 0x2f, 0xff, 0x77, 0xff, 0xf2, 0x0, 0x0,
    0x0, 0x0, 0x2, 0xff, 0xf7, 0x7f, 0xff, 0x20,
    0x0, 0x0, 0x0, 0x0, 0x2f, 0xff, 0x77, 0xff,
    0xf2, 0x0, 0x0, 0x0, 0x0, 0x2, 0xff, 0xf7,
    0x7f, 0xff, 0x20, 0x0, 0x0, 0x0, 0x0, 0x2f,
    0xff, 0x77, 0xff, 0xf2, 0x0, 0x0, 0x0, 0x0,
    0x2, 0xff, 0xf7, 0x7f, 0xff, 0x20, 0x0, 0x0,
    0x0, 0x0, 0x2f, 0xff, 0x70,

    /* U+0049 "I" */
    0x4f, 0xff, 0x54, 0xff, 0xf5, 0x4f, 0xff, 0x54,
    0xff, 0xf5, 0x4f, 0xff, 0x54, 0xff, 0xf5, 0x4f,
    0xff, 0x54, 0xff, 0xf5, 0x4f, 0xff, 0x54, 0xff,
    0xf5, 0x4f, 0xff, 0x54, 0xff, 0xf5, 0x4f, 0xff,
    0x54, 0xff, 0xf5, 0x4f, 0xff, 0x54, 0xff, 0xf5,
    0x4f, 0xff, 0x54, 0xff, 0xf5, 0x4f, 0xff, 0x50,

    /* U+004A "J" */
    0x0, 0x0, 0x0, 0x0, 0x0, 0x0, 0xcf, 0xfd,
    0x0, 0x0, 0x0, 0x0, 0x0, 0x0, 0xcf, 0xfd,
    0x0, 0x0, 0x0, 0x0, 0x0, 0x0, 0xcf, 0xfd,
    0x0, 0x0, 0x0, 0x0, 0x0, 0x0, 0xcf, 0xfd,
    0x0, 0x0, 0x0, 0x0, 0x0, 0x0, 0xcf, 0xfd,
    0x0, 0x0, 0x0, 0x0, 0x0, 0x0, 0xcf, 0xfd,
    0x0, 0x0, 0x0, 0x0, 0x0, 0x0, 0xcf, 0xfd,
    0x0, 0x0, 0x0, 0x0, 0x0, 0x0, 0xcf, 0xfd,
    0x0, 0x0, 0x0, 0x0, 0x0, 0x0, 0xcf, 0xfd,
    0x0, 0x0, 0x0, 0x0, 0x0, 0x0, 0xcf, 0xfd,
    0x0, 0x0, 0x0, 0x0, 0x0, 0x0, 0xcf, 0xfd,
    0x3a, 0xaa, 0x10, 0x0, 0x0, 0x0, 0xcf, 0xfc,
    0x4f, 0xff, 0x40, 0x0, 0x0, 0x0, 0xdf, 0xfb,
    0x2f, 0xff, 0x80, 0x0, 0x0, 0x1, 0xff, 0xf9,
    0xe, 0xff, 0xf2, 0x0, 0x0, 0xa, 0xff, 0xf5,
    0x7, 0xff, 0xfe, 0x62, 0x14, 0xbf, 0xff, 0xe0,
    0x0, 0xcf, 0xff, 0xff, 0xff, 0xff, 0xff, 0x40,
    0x0, 0x1c, 0xff, 0xff, 0xff, 0xff, 0xe5, 0x0,
    0x0, 0x0, 0x4a, 0xdf, 0xfe, 0xb7, 0x10, 0x0,

    /* U+004B "K" */
    0x7f, 0xff, 0x20, 0x0, 0x0, 0x0, 0x3f, 0xff,
    0xf9, 0x7, 0xff, 0xf2, 0x0, 0x0, 0x0, 0x4f,
    0xff, 0xf7, 0x0, 0x7f, 0xff, 0x20, 0x0, 0x0,
    0x6f, 0xff, 0xf5, 0x0, 0x7, 0xff, 0xf2, 0x0,
    0x0, 0x7f, 0xff, 0xf4, 0x0, 0x0, 0x7f, 0xff,
    0x20, 0x0, 0x8f, 0xff, 0xe2, 0x0, 0x0, 0x7,
    0xff, 0xf2, 0x0, 0x9f, 0xff, 0xd1, 0x0, 0x0,
    0x0, 0x7f, 0xff, 0x20, 0xaf, 0xff, 0xc1, 0x0,
    0x0, 0x0, 0x7, 0xff, 0xf3, 0xbf, 0xff, 0xa0,
    0x0, 0x0, 0x0, 0x0, 0x7f, 0xff, 0xef, 0xff,
    0x80, 0x0, 0x0, 0x0, 0x0, 0x7, 0xff, 0xff,
    0xff, 0xe2, 0x0, 0x0, 0x0, 0x0, 0x0, 0x7f,
    0xff, 0xcf, 0xff, 0xe3, 0x0, 0x0, 0x0, 0x0,
    0x7, 0xff, 0xf2, 0xaf, 0xff, 0xf4, 0x0, 0x0,
    0x0, 0x0, 0x7f, 0xff, 0x20, 0x9f, 0xff, 0xf4,
    0x0, 0x0, 0x0, 0x7, 0xff, 0xf2, 0x0, 0x7f,
    0xff, 0xf6, 0x0, 0x0, 0x0, 0x7f, 0xff, 0x20,
    0x0, 0x6f, 0xff, 0xf7, 0x0, 0x0, 0x7, 0xff,
    0xf2, 0x0, 0x0, 0x5f, 0xff, 0xf8, 0x0, 0x0,
    0x7f, 0xff, 0x20, 0x0, 0x0, 0x4f, 0xff, 0xf9,
    0x0, 0x7, 0xff, 0xf2, 0x0, 0x0, 0x0, 0x3e,
    0xff, 0xfa, 0x0, 0x7f, 0xff, 0x20, 0x0, 0x0,
    0x0, 0x2e, 0xff, 0xfb, 0x0,

    /* U+004C "L" */
    0x7f, 0xff, 0x20, 0x0, 0x0, 0x0, 0x0, 0x7,
    0xff, 0xf2, 0x0, 0x0, 0x0, 0x0, 0x0, 0x7f,
    0xff, 0x20, 0x0, 0x0, 0x0, 0x0, 0x7, 0xff,
    0xf2, 0x0, 0x0, 0x0, 0x0, 0x0, 0x7f, 0xff,
    0x20, 0x0, 0x0, 0x0, 0x0, 0x7, 0xff, 0xf2,
    0x0, 0x0, 0x0, 0x0, 0x0, 0x7f, 0xff, 0x20,
    0x0, 0x0, 0x0, 0x0, 0x7, 0xff, 0xf2, 0x0,
    0x0, 0x0, 0x0, 0x0, 0x7f, 0xff, 0x20, 0x0,
    0x0, 0x0, 0x0, 0x7, 0xff, 0xf2, 0x0, 0x0,
    0x0, 0x0, 0x0, 0x7f, 0xff, 0x20, 0x0, 0x0,
    0x0, 0x0, 0x7, 0xff, 0xf2, 0x0, 0x0, 0x0,
    0x0, 0x0, 0x7f, 0xff, 0x20, 0x0, 0x0, 0x0,
    0x0, 0x7, 0xff, 0xf2, 0x0, 0x0, 0x0, 0x0,
    0x0, 0x7f, 0xff, 0x20, 0x0, 0x0, 0x0, 0x0,
    0x7, 0xff, 0xf3, 0x11, 0x11, 0x11, 0x11, 0x10,
    0x7f, 0xff, 0xff, 0xff, 0xff, 0xff, 0xff, 0x97,
    0xff, 0xff, 0xff, 0xff, 0xff, 0xff, 0xf9, 0x7f,
    0xff, 0xff, 0xff, 0xff, 0xff, 0xff, 0x90,

    /* U+004D "M" */
    0x7f, 0xff, 0xfe, 0x0, 0x0, 0x0, 0x0, 0x0,
    0xcf, 0xff, 0xf9, 0x7f, 0xff, 0xff, 0x70, 0x0,
    0x0, 0x0, 0x5, 0xff, 0xff, 0xf9, 0x7f, 0xff,
    0xff, 0xf1, 0x0, 0x0, 0x0, 0xd, 0xff, 0xff,
    0xf9, 0x7f, 0xff, 0xff, 0xf9, 0x0, 0x0, 0x0,
    0x6f, 0xff, 0xff, 0xf9, 0x7f, 0xff, 0xbf, 0xff,
    0x20, 0x0, 0x0, 0xef, 0xfb, 0xff, 0xf9, 0x7f,
    0xff, 0x3f, 0xff, 0xa0, 0x0, 0x7, 0xff, 0xf3,
    0xff, 0xf9, 0x7f, 0xff, 0x27, 0xff, 0xf2, 0x0,
    0x1f, 0xff, 0xa0, 0xff, 0xf9, 0x7f, 0xff, 0x20,
    0xef, 0xfb, 0x0, 0x9f, 0xff, 0x10, 0xff, 0xf9,
    0x7f, 0xff, 0x20, 0x6f, 0xff, 0x32, 0xff, 0xf8,
    0x0, 0xff, 0xf9, 0x7f, 0xff, 0x20, 0xd, 0xff,
    0xca, 0xff, 0xe1, 0x0, 0xff, 0xf9, 0x7f, 0xff,
    0x20, 0x5, 0xff, 0xff, 0xff, 0x70, 0x0, 0xff,
    0xf9, 0x7f, 0xff, 0x20, 0x0, 0xcf, 0xff, 0xfe,
    0x0, 0x0, 0xff, 0xf9, 0x7f, 0xff, 0x20, 0x0,
    0x4f, 0xff, 0xf6, 0x0, 0x0, 0xff, 0xf9, 0x7f,
    0xff, 0x20, 0x0, 0xb, 0xff, 0xd0, 0x0, 0x0,
    0xff, 0xf9, 0x7f, 0xff, 0x20, 0x0, 0x0, 0x11,
    0x0, 0x0, 0x0, 0xff, 0xf9, 0x7f, 0xff, 0x20,
    0x0, 0x0, 0x0, 0x0, 0x0, 0x0, 0xff, 0xf9,
    0x7f, 0xff, 0x20, 0x0, 0x0, 0x0, 0x0, 0x0,
    0x0, 0xff, 0xf9, 0x7f, 0xff, 0x20, 0x0, 0x0,
    0x0, 0x0, 0x0, 0x0, 0xff, 0xf9, 0x7f, 0xff,
    0x20, 0x0, 0x0, 0x0, 0x0, 0x0, 0x0, 0xff,
    0xf9,

    /* U+004E "N" */
    0x7f, 0xff, 0xa0, 0x0, 0x0, 0x0, 0x0, 0xf,
    0xff, 0x77, 0xff, 0xff, 0x70, 0x0, 0x0, 0x0,
    0x0, 0xff, 0xf7, 0x7f, 0xff, 0xff, 0x30, 0x0,
    0x0, 0x0, 0xf, 0xff, 0x77, 0xff, 0xff, 0xfe,
    0x10, 0x0, 0x0, 0x0, 0xff, 0xf7, 0x7f, 0xff,
    0xff, 0xfc, 0x0, 0x0, 0x0, 0xf, 0xff, 0x77,
    0xff, 0xfb, 0xff, 0xf9, 0x0, 0x0, 0x0, 0xff,
    0xf7, 0x7f, 0xff, 0x1d, 0xff, 0xf5, 0x0, 0x0,
    0xf, 0xff, 0x77, 0xff, 0xf0, 0x2f, 0xff, 0xf2,
    0x0, 0x0, 0xff, 0xf7, 0x7f, 0xff, 0x0, 0x5f,
    0xff, 0xd0, 0x0, 0xf, 0xff, 0x77, 0xff, 0xf0,
    0x0, 0x8f, 0xff, 0xa0, 0x0, 0xff, 0xf7, 0x7f,
    0xff, 0x0, 0x0, 0xcf, 0xff, 0x70, 0xf, 0xff,
    0x77, 0xff, 0xf0, 0x0, 0x1, 0xef, 0xff, 0x30,
    0xff, 0xf7, 0x7f, 0xff, 0x0, 0x0, 0x3, 0xff,
    0xfe, 0x1f, 0xff, 0x77, 0xff, 0xf0, 0x0, 0x0,
    0x7, 0xff, 0xfc, 0xff, 0xf7, 0x7f, 0xff, 0x0,
    0x0, 0x0, 0xa, 0xff, 0xff, 0xff, 0x77, 0xff,
    0xf0, 0x0, 0x0, 0x0, 0xd, 0xff, 0xff, 0xf7,
    0x7f, 0xff, 0x0, 0x0, 0x0, 0x0, 0x2f, 0xff,
    0xff, 0x77, 0xff, 0xf0, 0x0, 0x0, 0x0, 0x0,
    0x5f, 0xff, 0xf7, 0x7f, 0xff, 0x0, 0x0, 0x0,
    0x0, 0x0, 0x9f, 0xff, 0x70,

    /* U+004F "O" */
    0x0, 0x0, 0x0, 0x16, 0xbd, 0xff, 0xeb, 0x71,
    0x0, 0x0, 0x0, 0x0, 0x0, 0x8, 0xff, 0xff,
    0xff, 0xff, 0xff, 0x90, 0x0, 0x0, 0x0, 0x1,
    0xcf, 0xff, 0xff, 0xff, 0xff, 0xff, 0xfd, 0x20,
    0x0, 0x0, 0xd, 0xff, 0xff, 0x84, 0x21, 0x48,
    0xff, 0xff, 0xe1, 0x0, 0x0, 0xaf, 0xff, 0xc1,
    0x0, 0x0, 0x0, 0x1c, 0xff, 0xfc, 0x0, 0x3,
    0xff, 0xfc, 0x0, 0x0, 0x0, 0x0, 0x0, 0xdf,
    0xff, 0x50, 0x9, 0xff, 0xf3, 0x0, 0x0, 0x0,
    0x0, 0x0, 0x3f, 0xff, 0xb0, 0xe, 0xff, 0xc0,
    0x0, 0x0, 0x0, 0x0, 0x0, 0xc, 0xff, 0xf0,
    0xf, 0xff, 0x90, 0x0, 0x0, 0x0, 0x0, 0x0,
    0x8, 0xff, 0xf1, 0x1f, 0xff, 0x80, 0x0, 0x0,
    0x0, 0x0, 0x0, 0x7, 0xff, 0xf2, 0xf, 0xff,
    0x90, 0x0, 0x0, 0x0, 0x0, 0x0, 0x8, 0xff,
    0xf1, 0xe, 0xff, 0xc0, 0x0, 0x0, 0x0, 0x0,
    0x0, 0xb, 0xff, 0xf0, 0xa, 0xff, 0xf3, 0x0,
    0x0, 0x0, 0x0, 0x0, 0x2f, 0xff, 0xa0, 0x3,
    0xff, 0xfd, 0x0, 0x0, 0x0, 0x0, 0x0, 0xcf,
    0xff, 0x40, 0x0, 0xbf, 0xff, 0xc1, 0x0, 0x0,
    0x0, 0x1b, 0xff, 0xfb, 0x0, 0x0, 0x1d, 0xff,
    0xff, 0x84, 0x11, 0x38, 0xef, 0xff, 0xd1, 0x0,
    0x0, 0x1, 0xdf, 0xff, 0xff, 0xff, 0xff, 0xff,
    0xfd, 0x20, 0x0, 0x0, 0x0, 0x8, 0xff, 0xff,
    0xff, 0xff, 0xff, 0x90, 0x0, 0x0, 0x0, 0x0,
    0x0, 0x17, 0xbe, 0xff, 0xeb, 0x71, 0x0, 0x0,
    0x0,

    /* U+0050 "P" */
    0x7f, 0xff, 0xff, 0xff, 0xff, 0xfd, 0x93, 0x0,
    0x7, 0xff, 0xff, 0xff, 0xff, 0xff, 0xff, 0xfa,
    0x0, 0x7f, 0xff, 0xff, 0xff, 0xff, 0xff, 0xff,
    0xfb, 0x7, 0xff, 0xf3, 0x11, 0x11, 0x23, 0x8f,
    0xff, 0xf5, 0x7f, 0xff, 0x20, 0x0, 0x0, 0x0,
    0x4f, 0xff, 0xa7, 0xff, 0xf2, 0x0, 0x0, 0x0,
    0x0, 0xef, 0xfc, 0x7f, 0xff, 0x20, 0x0, 0x0,
    0x0, 0xd, 0xff, 0xc7, 0xff, 0xf2, 0x0, 0x0,
    0x0, 0x3, 0xff, 0xfa, 0x7f, 0xff, 0x20, 0x0,
    0x0, 0x27, 0xff, 0xff, 0x47, 0xff, 0xff, 0xff,
    0xff, 0xff, 0xff, 0xff, 0x90, 0x7f, 0xff, 0xff,
    0xff, 0xff, 0xff, 0xff, 0x80, 0x7, 0xff, 0xff,
    0xff, 0xff, 0xff, 0xd9, 0x20, 0x0, 0x7f, 0xff,
    0x31, 0x11, 0x10, 0x0, 0x0, 0x0, 0x7, 0xff,
    0xf2, 0x0, 0x0, 0x0, 0x0, 0x0, 0x0, 0x7f,
    0xff, 0x20, 0x0, 0x0, 0x0, 0x0, 0x0, 0x7,
    0xff, 0xf2, 0x0, 0x0, 0x0, 0x0, 0x0, 0x0,
    0x7f, 0xff, 0x20, 0x0, 0x0, 0x0, 0x0, 0x0,
    0x7, 0xff, 0xf2, 0x0, 0x0, 0x0, 0x0, 0x0,
    0x0, 0x7f, 0xff, 0x20, 0x0, 0x0, 0x0, 0x0,
    0x0, 0x0,

    /* U+0051 "Q" */
    0x0, 0x0, 0x0, 0x16, 0xbd, 0xff, 0xeb, 0x71,
    0x0, 0x0, 0x0, 0x0, 0x0, 0x7, 0xff, 0xff,
    0xff, 0xff, 0xff, 0x80, 0x0, 0x0, 0x0, 0x1,
    0xbf, 0xff, 0xff, 0xff, 0xff, 0xff, 0xfc, 0x10,
    0x0, 0x0, 0xc, 0xff, 0xff, 0x94, 0x21, 0x49,
    0xff, 0xff, 0xd0, 0x0, 0x0, 0x8f, 0xff, 0xd2,
    0x0, 0x0, 0x0, 0x2d, 0xff, 0xfa, 0x0, 0x2,
    0xff, 0xfe, 0x10, 0x0, 0x0, 0x0, 0x1, 0xef,
    0xff, 0x30, 0x8, 0xff, 0xf4, 0x0, 0x0, 0x0,
    0x0, 0x0, 0x4f, 0xff, 0xa0, 0xd, 0xff, 0xd0,
    0x0, 0x0, 0x0, 0x0, 0x0, 0xd, 0xff, 0xe0,
    0xf, 0xff, 0x90, 0x0, 0x0, 0x0, 0x0, 0x0,
    0x9, 0xff, 0xf1, 0x1f, 0xff, 0x80, 0x0, 0x0,
    0x0, 0x0, 0x0, 0x7, 0xff, 0xf2, 0x1f, 0xff,
    0x80, 0x0, 0x0, 0x0, 0x0, 0x0, 0x7, 0xff,
    0xf2, 0xf, 0xff, 0xa0, 0x0, 0x0, 0x0, 0x0,
    0x0, 0x9, 0xff, 0xf0, 0xc, 0xff, 0xe0, 0x0,
    0x0, 0x0, 0x0, 0x0, 0xe, 0xff, 0xd0, 0x7,
    0xff, 0xf6, 0x0, 0x0, 0x0, 0x0, 0x0, 0x5f,
    0xff, 0x80, 0x1, 0xff, 0xff, 0x20, 0x0, 0x0,
    0x0, 0x2, 0xef, 0xff, 0x10, 0x0, 0x6f, 0xff,
    0xe4, 0x0, 0x0, 0x0, 0x3e, 0xff, 0xf6, 0x0,
    0x0, 0x9, 0xff, 0xff, 0xc7, 0x44, 0x6b, 0xff,
    0xff, 0xa0, 0x0, 0x0, 0x0, 0x8f, 0xff, 0xff,
    0xff, 0xff, 0xff, 0xf9, 0x0, 0x0, 0x0, 0x0,
    0x3, 0xcf, 0xff, 0xff, 0xff, 0xfc, 0x40, 0x0,
    0x0, 0x0, 0x0, 0x0, 0x2, 0x6c, 0xff, 0xd7,
    0x20, 0x0, 0x0, 0x0, 0x0, 0x0, 0x0, 0x0,
    0x7, 0xff, 0xd0, 0x0, 0x0, 0x0, 0x0, 0x0,
    0x0, 0x0, 0x0, 0x3, 0xff, 0xfd, 0x99, 0x40,
    0x0, 0x0, 0x0, 0x0, 0x0, 0x0, 0x0, 0xaf,
    0xff, 0xff, 0x80, 0x0, 0x0, 0x0, 0x0, 0x0,
    0x0, 0x0, 0x6, 0xcf, 0xff, 0x80, 0x0, 0x0,

    /* U+0052 "R" */
    0x7f, 0xff, 0xff, 0xff, 0xff, 0xfd, 0xa5, 0x0,
    0x0, 0x7f, 0xff, 0xff, 0xff, 0xff, 0xff, 0xff,
    0xd2, 0x0, 0x7f, 0xff, 0xff, 0xff, 0xff, 0xff,
    0xff, 0xfe, 0x10, 0x7f, 0xff, 0x20, 0x0, 0x0,
    0x26, 0xdf, 0xff, 0x80, 0x7f, 0xff, 0x20, 0x0,
    0x0, 0x0, 0x2f, 0xff, 0xd0, 0x7f, 0xff, 0x20,
    0x0, 0x0, 0x0, 0xb, 0xff, 0xf0, 0x7f, 0xff,
    0x20, 0x0, 0x0, 0x0, 0xb, 0xff, 0xe0, 0x7f,
    0xff, 0x20, 0x0, 0x0, 0x0, 0x2f, 0xff, 0xb0,
    0x7f, 0xff, 0x20, 0x0, 0x0, 0x26, 0xef, 0xff,
    0x40, 0x7f, 0xff, 0xff, 0xff, 0xff, 0xff, 0xff,
    0xf7, 0x0, 0x7f, 0xff, 0xff, 0xff, 0xff, 0xff,
    0xfc, 0x40, 0x0, 0x7f, 0xff, 0xff, 0xff, 0xff,
    0xff, 0x90, 0x0, 0x0, 0x7f, 0xff, 0x20, 0x0,
    0x1e, 0xff, 0xf3, 0x0, 0x0, 0x7f, 0xff, 0x20,
    0x0, 0x6, 0xff, 0xfd, 0x0, 0x0, 0x7f, 0xff,
    0x20, 0x0, 0x0, 0xbf, 0xff, 0x80, 0x0, 0x7f,
    0xff, 0x20, 0x0, 0x0, 0x1f, 0xff, 0xf3, 0x0,
    0x7f, 0xff, 0x20, 0x0, 0x0, 0x6, 0xff, 0xfd,
    0x0, 0x7f, 0xff, 0x20, 0x0, 0x0, 0x0, 0xbf,
    0xff, 0x80, 0x7f, 0xff, 0x20, 0x0, 0x0, 0x0,
    0x1f, 0xff, 0xf3,

    /* U+0053 "S" */
    0x0, 0x0, 0x6, 0xad, 0xff, 0xec, 0x94, 0x0,
    0x0, 0x0, 0x5, 0xef, 0xff, 0xff, 0xff, 0xff,
    0xd4, 0x0, 0x0, 0x7f, 0xff, 0xff, 0xff, 0xff,
    0xff, 0xff, 0x80, 0x2, 0xff, 0xff, 0x94, 0x21,
    0x25, 0x9f, 0xff, 0xc0, 0x7, 0xff, 0xf2, 0x0,
    0x0, 0x0, 0x0, 0x7a, 0x0, 0x9, 0xff, 0xf0,
    0x0, 0x0, 0x0, 0x0, 0x0, 0x0, 0x7, 0xff,
    0xfb, 0x41, 0x0, 0x0, 0x0, 0x0, 0x0, 0x1,
    0xff, 0xff, 0xff, 0xff, 0xfe, 0xc9, 0x50, 0x0,
    0x0, 0x4f, 0xff, 0xff, 0xff, 0xff, 0xff, 0xfd,
    0x20, 0x0, 0x1, 0x6b, 0xef, 0xff, 0xff, 0xff,
    0xff, 0xd0, 0x0, 0x0, 0x0, 0x1, 0x24, 0x46,
    0xaf, 0xff, 0xf5, 0x0, 0x0, 0x0, 0x0, 0x0,
    0x0, 0x4, 0xff, 0xf9, 0x0, 0x0, 0x0, 0x0,
    0x0, 0x0, 0x0, 0xdf, 0xfa, 0x0, 0xc4, 0x0,
    0x0, 0x0, 0x0, 0x0, 0xef, 0xf9, 0xa, 0xff,
    0x81, 0x0, 0x0, 0x0, 0x7, 0xff, 0xf5, 0x2f,
    0xff, 0xfe, 0x95, 0x31, 0x35, 0xbf, 0xff, 0xd0,
    0x4, 0xef, 0xff, 0xff, 0xff, 0xff, 0xff, 0xfe,
    0x30, 0x0, 0x19, 0xff, 0xff, 0xff, 0xff, 0xff,
    0xc2, 0x0, 0x0, 0x0, 0x16, 0xbd, 0xef, 0xfd,
    0x94, 0x0, 0x0,

    /* U+0054 "T" */
    0x7f, 0xff, 0xff, 0xff, 0xff, 0xff, 0xff, 0xff,
    0xff, 0x67, 0xff, 0xff, 0xff, 0xff, 0xff, 0xff,
    0xff, 0xff, 0xf6, 0x7f, 0xff, 0xff, 0xff, 0xff,
    0xff, 0xff, 0xff, 0xff, 0x60, 0x11, 0x11, 0x11,
    0x6f, 0xff, 0x51, 0x11, 0x11, 0x10, 0x0, 0x0,
    0x0, 0x5, 0xff, 0xf4, 0x0, 0x0, 0x0, 0x0,
    0x0, 0x0, 0x0, 0x5f, 0xff, 0x40, 0x0, 0x0,
    0x0, 0x0, 0x0, 0x0, 0x5, 0xff, 0xf4, 0x0,
    0x0, 0x0, 0x0, 0x0, 0x0, 0x0, 0x5f, 0xff,
    0x40, 0x0, 0x0, 0x0, 0x0, 0x0, 0x0, 0x5,
    0xff, 0xf4, 0x0, 0x0, 0x0, 0x0, 0x0, 0x0,
    0x0, 0x5f, 0xff, 0x40, 0x0, 0x0, 0x0, 0x0,
    0x0, 0x0, 0x5, 0xff, 0xf4, 0x0, 0x0, 0x0,
    0x0, 0x0, 0x0, 0x0, 0x5f, 0xff, 0x40, 0x0,
    0x0, 0x0, 0x0, 0x0, 0x0, 0x5, 0xff, 0xf4,
    0x0, 0x0, 0x0, 0x0, 0x0, 0x0, 0x0, 0x5f,
    0xff, 0x40, 0x0, 0x0, 0x0, 0x0, 0x0, 0x0,
    0x5, 0xff, 0xf4, 0x0, 0x0, 0x0, 0x0, 0x0,
    0x0, 0x0, 0x5f, 0xff, 0x40, 0x0, 0x0, 0x0,
    0x0, 0x0, 0x0, 0x5, 0xff, 0xf4, 0x0, 0x0,
    0x0, 0x0, 0x0, 0x0, 0x0, 0x5f, 0xff, 0x40,
    0x0, 0x0, 0x0, 0x0, 0x0, 0x0, 0x5, 0xff,
    0xf4, 0x0, 0x0, 0x0, 0x0,

    /* U+0055 "U" */
    0xaf, 0xff, 0x0, 0x0, 0x0, 0x0, 0x0, 0xd,
    0xff, 0xba, 0xff, 0xf0, 0x0, 0x0, 0x0, 0x0,
    0x0, 0xdf, 0xfb, 0xaf, 0xff, 0x0, 0x0, 0x0,
    0x0, 0x0, 0xd, 0xff, 0xba, 0xff, 0xf0, 0x0,
    0x0, 0x0, 0x0, 0x0, 0xdf, 0xfb, 0xaf, 0xff,
    0x0, 0x0, 0x0, 0x0, 0x0, 0xd, 0xff, 0xba,
    0xff, 0xf0, 0x0, 0x0, 0x0, 0x0, 0x0, 0xdf,
    0xfb, 0xaf, 0xff, 0x0, 0x0, 0x0, 0x0, 0x0,
    0xd, 0xff, 0xba, 0xff, 0xf0, 0x0, 0x0, 0x0,
    0x0, 0x0, 0xdf, 0xfb, 0xaf, 0xff, 0x0, 0x0,
    0x0, 0x0, 0x0, 0xd, 0xff, 0xba, 0xff, 0xf0,
    0x0, 0x0, 0x0, 0x0, 0x0, 0xdf, 0xfb, 0x9f,
    0xff, 0x0, 0x0, 0x0, 0x0, 0x0, 0xd, 0xff,
    0xb8, 0xff, 0xf1, 0x0, 0x0, 0x0, 0x0, 0x0,
    0xff, 0xf9, 0x6f, 0xff, 0x50, 0x0, 0x0, 0x0,
    0x0, 0x3f, 0xff, 0x71, 0xff, 0xfd, 0x0, 0x0,
    0x0, 0x0, 0xb, 0xff, 0xf3, 0xa, 0xff, 0xfa,
    0x0, 0x0, 0x0, 0x9, 0xff, 0xfc, 0x0, 0x2f,
    0xff, 0xfd, 0x62, 0x12, 0x6c, 0xff, 0xff, 0x20,
    0x0, 0x4f, 0xff, 0xff, 0xff, 0xff, 0xff, 0xff,
    0x40, 0x0, 0x0, 0x2c, 0xff, 0xff, 0xff, 0xff,
    0xfc, 0x20, 0x0, 0x0, 0x0, 0x4, 0x9d, 0xef,
    0xed, 0x94, 0x0, 0x0, 0x0,

    /* U+0056 "V" */
    0x9f, 0xff, 0x30, 0x0, 0x0, 0x0, 0x0, 0x0,
    0x3f, 0xff, 0x92, 0xff, 0xfa, 0x0, 0x0, 0x0,
    0x0, 0x0, 0xa, 0xff, 0xf2, 0xb, 0xff, 0xf2,
    0x0, 0x0, 0x0, 0x0, 0x1, 0xff, 0xfb, 0x0,
    0x4f, 0xff, 0x80, 0x0, 0x0, 0x0, 0x0, 0x7f,
    0xff, 0x30, 0x0, 0xdf, 0xff, 0x0, 0x0, 0x0,
    0x0, 0xe, 0xff, 0xc0, 0x0, 0x6, 0xff, 0xf6,
    0x0, 0x0, 0x0, 0x5, 0xff, 0xf5, 0x0, 0x0,
    0xe, 0xff, 0xd0, 0x0, 0x0, 0x0, 0xcf, 0xfe,
    0x0, 0x0, 0x0, 0x7f, 0xff, 0x40, 0x0, 0x0,
    0x3f, 0xff, 0x70, 0x0, 0x0, 0x1, 0xff, 0xfb,
    0x0, 0x0, 0xa, 0xff, 0xf1, 0x0, 0x0, 0x0,
    0x9, 0xff, 0xf2, 0x0, 0x1, 0xff, 0xf9, 0x0,
    0x0, 0x0, 0x0, 0x2f, 0xff, 0x90, 0x0, 0x8f,
    0xff, 0x20, 0x0, 0x0, 0x0, 0x0, 0xbf, 0xff,
    0x10, 0xe, 0xff, 0xb0, 0x0, 0x0, 0x0, 0x0,
    0x4, 0xff, 0xf7, 0x6, 0xff, 0xf4, 0x0, 0x0,
    0x0, 0x0, 0x0, 0xd, 0xff, 0xe0, 0xdf, 0xfc,
    0x0, 0x0, 0x0, 0x0, 0x0, 0x0, 0x6f, 0xff,
    0xaf, 0xff, 0x50, 0x0, 0x0, 0x0, 0x0, 0x0,
    0x0, 0xef, 0xff, 0xff, 0xe0, 0x0, 0x0, 0x0,
    0x0, 0x0, 0x0, 0x7, 0xff, 0xff, 0xf7, 0x0,
    0x0, 0x0, 0x0, 0x0, 0x0, 0x0, 0x1f, 0xff,
    0xff, 0x10, 0x0, 0x0, 0x0, 0x0, 0x0, 0x0,
    0x0, 0x9f, 0xff, 0x90, 0x0, 0x0, 0x0, 0x0,

    /* U+0057 "W" */
    0x2f, 0xff, 0x90, 0x0, 0x0, 0x0, 0xef, 0xfd,
    0x0, 0x0, 0x0, 0x9, 0xff, 0xf1, 0xe, 0xff,
    0xc0, 0x0, 0x0, 0x3, 0xff, 0xff, 0x30, 0x0,
    0x0, 0xd, 0xff, 0xd0, 0xb, 0xff, 0xf0, 0x0,
    0x0, 0x8, 0xff, 0xff, 0x80, 0x0, 0x0, 0xf,
    0xff, 0xa0, 0x7, 0xff, 0xf3, 0x0, 0x0, 0xe,
    0xff, 0xff, 0xd0, 0x0, 0x0, 0x3f, 0xff, 0x60,
    0x3, 0xff, 0xf6, 0x0, 0x0, 0x3f, 0xff, 0xff,
    0xf2, 0x0, 0x0, 0x7f, 0xff, 0x20, 0x0, 0xff,
    0xf9, 0x0, 0x0, 0x8f, 0xfb, 0xdf, 0xf8, 0x0,
    0x0, 0xaf, 0xfe, 0x0, 0x0, 0xcf, 0xfc, 0x0,
    0x0, 0xdf, 0xf6, 0x8f, 0xfd, 0x0, 0x0, 0xdf,
    0xfb, 0x0, 0x0, 0x8f, 0xff, 0x0, 0x3, 0xff,
    0xf1, 0x3f, 0xff, 0x20, 0x0, 0xff, 0xf7, 0x0,
    0x0, 0x5f, 0xff, 0x30, 0x8, 0xff, 0xb0, 0xd,
    0xff, 0x70, 0x4, 0xff, 0xf3, 0x0, 0x0, 0x1f,
    0xff, 0x60, 0xd, 0xff, 0x50, 0x8, 0xff, 0xd0,
    0x7, 0xff, 0xf0, 0x0, 0x0, 0xe, 0xff, 0x90,
    0x3f, 0xff, 0x0, 0x2, 0xff, 0xf2, 0xa, 0xff,
    0xc0, 0x0, 0x0, 0xa, 0xff, 0xd0, 0x8f, 0xfa,
    0x0, 0x0, 0xdf, 0xf7, 0xd, 0xff, 0x80, 0x0,
    0x0, 0x6, 0xff, 0xf0, 0xdf, 0xf5, 0x0, 0x0,
    0x7f, 0xfc, 0x1f, 0xff, 0x50, 0x0, 0x0, 0x3,
    0xff, 0xf6, 0xff, 0xf0, 0x0, 0x0, 0x2f, 0xff,
    0x6f, 0xff, 0x10, 0x0, 0x0, 0x0, 0xff, 0xfe,
    0xff, 0xa0, 0x0, 0x0, 0xc, 0xff, 0xef, 0xfd,
    0x0, 0x0, 0x0, 0x0, 0xbf, 0xff, 0xff, 0x50,
    0x0, 0x0, 0x7, 0xff, 0xff, 0xf9, 0x0, 0x0,
    0x0, 0x0, 0x8f, 0xff, 0xff, 0x0, 0x0, 0x0,
    0x1, 0xff, 0xff, 0xf6, 0x0, 0x0, 0x0, 0x0,
    0x4f, 0xff, 0xfa, 0x0, 0x0, 0x0, 0x0, 0xcf,
    0xff, 0xf2, 0x0, 0x0, 0x0, 0x0, 0xf, 0xff,
    0xf4, 0x0, 0x0, 0x0, 0x0, 0x6f, 0xff, 0xe0,
    0x0, 0x0,

    /* U+0058 "X" */
    0xc, 0xff, 0xf8, 0x0, 0x0, 0x0, 0x0, 0x2f,
    0xff, 0xf3, 0x0, 0x1e, 0xff, 0xf4, 0x0, 0x0,
    0x0, 0xd, 0xff, 0xf5, 0x0, 0x0, 0x4f, 0xff,
    0xe1, 0x0, 0x0, 0xa, 0xff, 0xf9, 0x0, 0x0,
    0x0, 0x7f, 0xff, 0xc0, 0x0, 0x6, 0xff, 0xfc,
    0x0, 0x0, 0x0, 0x0, 0xaf, 0xff, 0x80, 0x2,
    0xff, 0xfe, 0x10, 0x0, 0x0, 0x0, 0x0, 0xdf,
    0xff, 0x40, 0xdf, 0xff, 0x30, 0x0, 0x0, 0x0,
    0x0, 0x2, 0xff, 0xfe, 0xbf, 0xff, 0x60, 0x0,
    0x0, 0x0, 0x0, 0x0, 0x5, 0xff, 0xff, 0xff,
    0xa0, 0x0, 0x0, 0x0, 0x0, 0x0, 0x0, 0x8,
    0xff, 0xff, 0xc0, 0x0, 0x0, 0x0, 0x0, 0x0,
    0x0, 0x0, 0x3f, 0xff, 0xf9, 0x0, 0x0, 0x0,
    0x0, 0x0, 0x0, 0x0, 0x1d, 0xff, 0xff, 0xf5,
    0x0, 0x0, 0x0, 0x0, 0x0, 0x0, 0xb, 0xff,
    0xfe, 0xff, 0xf3, 0x0, 0x0, 0x0, 0x0, 0x0,
    0x8, 0xff, 0xf8, 0x3f, 0xff, 0xd1, 0x0, 0x0,
    0x0, 0x0, 0x5, 0xff, 0xfb, 0x0, 0x7f, 0xff,
    0xb0, 0x0, 0x0, 0x0, 0x2, 0xff, 0xfe, 0x10,
    0x0, 0xbf, 0xff, 0x80, 0x0, 0x0, 0x0, 0xdf,
    0xff, 0x40, 0x0, 0x1, 0xef, 0xff, 0x50, 0x0,
    0x0, 0xaf, 0xff, 0x70, 0x0, 0x0, 0x3, 0xff,
    0xff, 0x20, 0x0, 0x7f, 0xff, 0xb0, 0x0, 0x0,
    0x0, 0x7, 0xff, 0xfd, 0x0, 0x4f, 0xff, 0xe1,
    0x0, 0x0, 0x0, 0x0, 0xb, 0xff, 0xfa, 0x0,

    /* U+0059 "Y" */
    0xaf, 0xff, 0x90, 0x0, 0x0, 0x0, 0x0, 0x1e,
    0xff, 0xf2, 0xd, 0xff, 0xf4, 0x0, 0x0, 0x0,
    0x0, 0xaf, 0xff, 0x60, 0x3, 0xff, 0xfe, 0x0,
    0x0, 0x0, 0x5, 0xff, 0xfb, 0x0, 0x0, 0x7f,
    0xff, 0x90, 0x0, 0x0, 0x1e, 0xff, 0xe1, 0x0,
    0x0, 0xb, 0xff, 0xf4, 0x0, 0x0, 0xbf, 0xff,
    0x40, 0x0, 0x0, 0x1, 0xef, 0xfe, 0x10, 0x6,
    0xff, 0xf8, 0x0, 0x0, 0x0, 0x0, 0x4f, 0xff,
    0xa0, 0x2f, 0xff, 0xc0, 0x0, 0x0, 0x0, 0x0,
    0x9, 0xff, 0xf5, 0xcf, 0xff, 0x20, 0x0, 0x0,
    0x0, 0x0, 0x0, 0xdf, 0xff, 0xff, 0xf5, 0x0,
    0x0, 0x0, 0x0, 0x0, 0x0, 0x2f, 0xff, 0xff,
    0xa0, 0x0, 0x0, 0x0, 0x0, 0x0, 0x0, 0x6,
    0xff, 0xfd, 0x0, 0x0, 0x0, 0x0, 0x0, 0x0,
    0x0, 0x0, 0xff, 0xf8, 0x0, 0x0, 0x0, 0x0,
    0x0, 0x0, 0x0, 0x0, 0xff, 0xf8, 0x0, 0x0,
    0x0, 0x0, 0x0, 0x0, 0x0, 0x0, 0xff, 0xf8,
    0x0, 0x0, 0x0, 0x0, 0x0, 0x0, 0x0, 0x0,
    0xff, 0xf8, 0x0, 0x0, 0x0, 0x0, 0x0, 0x0,
    0x0, 0x0, 0xff, 0xf8, 0x0, 0x0, 0x0, 0x0,
    0x0, 0x0, 0x0, 0x0, 0xff, 0xf8, 0x0, 0x0,
    0x0, 0x0, 0x0, 0x0, 0x0, 0x0, 0xff, 0xf8,
    0x0, 0x0, 0x0, 0x0, 0x0, 0x0, 0x0, 0x0,
    0xff, 0xf8, 0x0, 0x0, 0x0, 0x0,

    /* U+005A "Z" */
    0xc, 0xff, 0xff, 0xff, 0xff, 0xff, 0xff, 0xff,
    0xff, 0x10, 0xcf, 0xff, 0xff, 0xff, 0xff, 0xff,
    0xff, 0xff, 0xf1, 0xb, 0xee, 0xee, 0xee, 0xee,
    0xee, 0xef, 0xff, 0xff, 0x0, 0x0, 0x0, 0x0,
    0x0, 0x0, 0x4, 0xff, 0xff, 0x40, 0x0, 0x0,
    0x0, 0x0, 0x0, 0x3, 0xff, 0xff, 0x50, 0x0,
    0x0, 0x0, 0x0, 0x0, 0x2, 0xef, 0xff, 0x60,
    0x0, 0x0, 0x0, 0x0, 0x0, 0x2, 0xef, 0xff,
    0x70, 0x0, 0x0, 0x0, 0x0, 0x0, 0x1, 0xdf,
    0xff, 0x80, 0x0, 0x0, 0x0, 0x0, 0x0, 0x1,
    0xdf, 0xff, 0x90, 0x0, 0x0, 0x0, 0x0, 0x0,
    0x0, 0xcf, 0xff, 0xa0, 0x0, 0x0, 0x0, 0x0,
    0x0, 0x0, 0xbf, 0xff, 0xa0, 0x0, 0x0, 0x0,
    0x0, 0x0, 0x0, 0xaf, 0xff, 0xb0, 0x0, 0x0,
    0x0, 0x0, 0x0, 0x0, 0x9f, 0xff, 0xc0, 0x0,
    0x0, 0x0, 0x0, 0x0, 0x0, 0x8f, 0xff, 0xd1,
    0x0, 0x0, 0x0, 0x0, 0x0, 0x0, 0x7f, 0xff,
    0xd1, 0x0, 0x0, 0x0, 0x0, 0x0, 0x0, 0x6f,
    0xff, 0xe2, 0x0, 0x0, 0x0, 0x0, 0x0, 0x0,
    0x2f, 0xff, 0xff, 0xee, 0xee, 0xee, 0xee, 0xee,
    0xee, 0x83, 0xff, 0xff, 0xff, 0xff, 0xff, 0xff,
    0xff, 0xff, 0xf9, 0x3f, 0xff, 0xff, 0xff, 0xff,
    0xff, 0xff, 0xff, 0xff, 0x90,

    /* U+005B "[" */
    0xef, 0xff, 0xff, 0xff, 0x7e, 0xff, 0xff, 0xff,
    0xf7, 0xef, 0xfe, 0xdd, 0xdd, 0x5e, 0xff, 0x70,
    0x0, 0x0, 0xef, 0xf7, 0x0, 0x0, 0xe, 0xff,
    0x70, 0x0, 0x0, 0xef, 0xf7, 0x0, 0x0, 0xe,
    0xff, 0x70, 0x0, 0x0, 0xef, 0xf7, 0x0, 0x0,
    0xe, 0xff, 0x70, 0x0, 0x0, 0xef, 0xf7, 0x0,
    0x0, 0xe, 0xff, 0x70, 0x0, 0x0, 0xef, 0xf7,
    0x0, 0x0, 0xe, 0xff, 0x70, 0x0, 0x0, 0xef,
    0xf7, 0x0, 0x0, 0xe, 0xff, 0x70, 0x0, 0x0,
    0xef, 0xf7, 0x0, 0x0, 0xe, 0xff, 0x70, 0x0,
    0x0, 0xef, 0xf7, 0x0, 0x0, 0xe, 0xff, 0x70,
    0x0, 0x0, 0xef, 0xf7, 0x0, 0x0, 0xe, 0xff,
    0x70, 0x0, 0x0, 0xef, 0xf7, 0x0, 0x0, 0xe,
    0xff, 0xec, 0xcc, 0xc5, 0xef, 0xff, 0xff, 0xff,
    0x7e, 0xff, 0xff, 0xff, 0xf7,

    /* U+005C "\\" */
    0x7f, 0xfa, 0x0, 0x0, 0x0, 0x0, 0x2f, 0xff,
    0x0, 0x0, 0x0, 0x0, 0xc, 0xff, 0x50, 0x0,
    0x0, 0x0, 0x7, 0xff, 0xa0, 0x0, 0x0, 0x0,
    0x2, 0xff, 0xf0, 0x0, 0x0, 0x0, 0x0, 0xdf,
    0xf4, 0x0, 0x0, 0x0, 0x0, 0x8f, 0xf9, 0x0,
    0x0, 0x0, 0x0, 0x3f, 0xfe, 0x0, 0x0, 0x0,
    0x0, 0xe, 0xff, 0x40, 0x0, 0x0, 0x0, 0x8,
    0xff, 0x90, 0x0, 0x0, 0x0, 0x3, 0xff, 0xe0,
    0x0, 0x0, 0x0, 0x0, 0xef, 0xf3, 0x0, 0x0,
    0x0, 0x0, 0x9f, 0xf8, 0x0, 0x0, 0x0, 0x0,
    0x4f, 0xfd, 0x0, 0x0, 0x0, 0x0, 0xe, 0xff,
    0x20, 0x0, 0x0, 0x0, 0xa, 0xff, 0x80, 0x0,
    0x0, 0x0, 0x4, 0xff, 0xd0, 0x0, 0x0, 0x0,
    0x0, 0xff, 0xf2, 0x0, 0x0, 0x0, 0x0, 0xaf,
    0xf7, 0x0, 0x0, 0x0, 0x0, 0x5f, 0xfc, 0x0,
    0x0, 0x0, 0x0, 0xf, 0xff, 0x10, 0x0, 0x0,
    0x0, 0xb, 0xff, 0x70, 0x0, 0x0, 0x0, 0x6,
    0xff, 0xc0, 0x0, 0x0, 0x0, 0x1, 0xff, 0xf1,
    0x0, 0x0, 0x0, 0x0, 0xbf, 0xf6, 0x0, 0x0,
    0x0, 0x0, 0x6f, 0xfb,

    /* U+005D "]" */
    0x6f, 0xff, 0xff, 0xff, 0xe6, 0xff, 0xff, 0xff,
    0xfe, 0x5d, 0xdd, 0xde, 0xff, 0xe0, 0x0, 0x0,
    0x6f, 0xfe, 0x0, 0x0, 0x6, 0xff, 0xe0, 0x0,
    0x0, 0x6f, 0xfe, 0x0, 0x0, 0x6, 0xff, 0xe0,
    0x0, 0x0, 0x6f, 0xfe, 0x0, 0x0, 0x6, 0xff,
    0xe0, 0x0, 0x0, 0x6f, 0xfe, 0x0, 0x0, 0x6,
    0xff, 0xe0, 0x0, 0x0, 0x6f, 0xfe, 0x0, 0x0,
    0x6, 0xff, 0xe0, 0x0, 0x0, 0x6f, 0xfe, 0x0,
    0x0, 0x6, 0xff, 0xe0, 0x0, 0x0, 0x6f, 0xfe,
    0x0, 0x0, 0x6, 0xff, 0xe0, 0x0, 0x0, 0x6f,
    0xfe, 0x0, 0x0, 0x6, 0xff, 0xe0, 0x0, 0x0,
    0x6f, 0xfe, 0x0, 0x0, 0x6, 0xff, 0xe0, 0x0,
    0x0, 0x6f, 0xfe, 0x0, 0x0, 0x6, 0xff, 0xe4,
    0xcc, 0xcc, 0xef, 0xfe, 0x6f, 0xff, 0xff, 0xff,
    0xe6, 0xff, 0xff, 0xff, 0xfe,

    /* U+005E "^" */
    0x0, 0x0, 0x8f, 0xff, 0x60, 0x0, 0x0, 0x0,
    0x1f, 0xff, 0xfe, 0x0, 0x0, 0x0, 0xa, 0xff,
    0xaf, 0xf8, 0x0, 0x0, 0x3, 0xff, 0xc0, 0xdf,
    0xf2, 0x0, 0x0, 0xcf, 0xf3, 0x5, 0xff, 0xa0,
    0x0, 0x5f, 0xfb, 0x0, 0xc, 0xff, 0x30, 0xe,
    0xff, 0x20, 0x0, 0x4f, 0xfc, 0x0,

    /* U+005F "_" */
    0xf, 0xff, 0xff, 0xff, 0xff, 0xff, 0xff, 0xf9,
    0x1f, 0xff, 0xff, 0xff, 0xff, 0xff, 0xff, 0xf9,
    0x1f, 0xff, 0xff, 0xff, 0xff, 0xff, 0xff, 0xf9,

    /* U+0060 "`" */
    0x0, 0x0, 0x0, 0x1, 0xe8, 0x0, 0x0, 0x8f,
    0xfe, 0x60, 0x1, 0x7e, 0xff, 0xd2, 0x0, 0x6,
    0xde, 0x0, 0x0, 0x0, 0x20,

    /* U+0061 "a" */
    0x0, 0x1, 0x7b, 0xef, 0xec, 0x70, 0x0, 0x0,
    0x7f, 0xff, 0xff, 0xff, 0xfd, 0x20, 0x2, 0xff,
    0xff, 0xcb, 0xdf, 0xff, 0xc0, 0x0, 0x6e, 0x60,
    0x0, 0x6, 0xff, 0xf4, 0x0, 0x1, 0x0, 0x0,
    0x0, 0xcf, 0xf9, 0x0, 0x0, 0x3, 0x44, 0x44,
    0xbf, 0xfb, 0x0, 0x6c, 0xff, 0xff, 0xff, 0xff,
    0xfb, 0x9, 0xff, 0xff, 0xff, 0xff, 0xff, 0xfc,
    0x3f, 0xff, 0x92, 0x0, 0x0, 0x9f, 0xfc, 0x6f,
    0xfd, 0x0, 0x0, 0x0, 0xef, 0xfc, 0x6f, 0xff,
    0x10, 0x0, 0x1b, 0xff, 0xfc, 0x2f, 0xff, 0xe8,
    0x79, 0xef, 0xff, 0xfc, 0x6, 0xff, 0xff, 0xff,
    0xfe, 0x9f, 0xfc, 0x0, 0x3a, 0xef, 0xec, 0x70,
    0x7f, 0xfc,

    /* U+0062 "b" */
    0xbf, 0xfa, 0x0, 0x0, 0x0, 0x0, 0x0, 0xb,
    0xff, 0xa0, 0x0, 0x0, 0x0, 0x0, 0x0, 0xbf,
    0xfa, 0x0, 0x0, 0x0, 0x0, 0x0, 0xb, 0xff,
    0xa0, 0x0, 0x0, 0x0, 0x0, 0x0, 0xbf, 0xfa,
    0x0, 0x0, 0x0, 0x0, 0x0, 0xb, 0xff, 0xa0,
    0x7c, 0xff, 0xd9, 0x20, 0x0, 0xbf, 0xfc, 0xdf,
    0xff, 0xff, 0xff, 0x70, 0xb, 0xff, 0xff, 0xff,
    0xde, 0xff, 0xff, 0x60, 0xbf, 0xff, 0xf6, 0x0,
    0x4, 0xef, 0xff, 0x1b, 0xff, 0xf5, 0x0, 0x0,
    0x3, 0xff, 0xf8, 0xbf, 0xfc, 0x0, 0x0, 0x0,
    0xb, 0xff, 0xcb, 0xff, 0x80, 0x0, 0x0, 0x0,
    0x7f, 0xfe, 0xbf, 0xf8, 0x0, 0x0, 0x0, 0x7,
    0xff, 0xeb, 0xff, 0xc0, 0x0, 0x0, 0x0, 0xbf,
    0xfc, 0xbf, 0xff, 0x40, 0x0, 0x0, 0x3f, 0xff,
    0x8b, 0xff, 0xff, 0x60, 0x0, 0x5e, 0xff, 0xf1,
    0xbf, 0xff, 0xff, 0xfd, 0xff, 0xff, 0xf5, 0xb,
    0xff, 0xbe, 0xff, 0xff, 0xff, 0xf6, 0x0, 0xbf,
    0xf8, 0x18, 0xdf, 0xfd, 0x81, 0x0, 0x0,

    /* U+0063 "c" */
    0x0, 0x0, 0x28, 0xdf, 0xfd, 0x93, 0x0, 0x0,
    0x0, 0x7f, 0xff, 0xff, 0xff, 0xf8, 0x0, 0x0,
    0x8f, 0xff, 0xfd, 0xdf, 0xff, 0xf8, 0x0, 0x4f,
    0xff, 0xb2, 0x0, 0x1b, 0xff, 0xf1, 0xc, 0xff,
    0xd0, 0x0, 0x0, 0xc, 0xa2, 0x1, 0xff, 0xf5,
    0x0, 0x0, 0x0, 0x0, 0x0, 0x3f, 0xff, 0x20,
    0x0, 0x0, 0x0, 0x0, 0x3, 0xff, 0xf2, 0x0,
    0x0, 0x0, 0x0, 0x0, 0x1f, 0xff, 0x50, 0x0,
    0x0, 0x0, 0x0, 0x0, 0xdf, 0xfd, 0x0, 0x0,
    0x0, 0x8b, 0x30, 0x6, 0xff, 0xfc, 0x30, 0x1,
    0x9f, 0xff, 0x30, 0xb, 0xff, 0xff, 0xee, 0xff,
    0xff, 0x90, 0x0, 0xa, 0xff, 0xff, 0xff, 0xff,
    0x80, 0x0, 0x0, 0x4, 0xad, 0xff, 0xd9, 0x30,
    0x0,

    /* U+0064 "d" */
    0x0, 0x0, 0x0, 0x0, 0x0, 0x0, 0xff, 0xf6,
    0x0, 0x0, 0x0, 0x0, 0x0, 0x0, 0xff, 0xf6,
    0x0, 0x0, 0x0, 0x0, 0x0, 0x0, 0xff, 0xf6,
    0x0, 0x0, 0x0, 0x0, 0x0, 0x0, 0xff, 0xf6,
    0x0, 0x0, 0x0, 0x0, 0x0, 0x0, 0xff, 0xf6,
    0x0, 0x0, 0x3a, 0xef, 0xeb, 0x50, 0xff, 0xf6,
    0x0, 0x9, 0xff, 0xff, 0xff, 0xfb, 0xff, 0xf6,
    0x0, 0xaf, 0xff, 0xfe, 0xef, 0xff, 0xff, 0xf6,
    0x5, 0xff, 0xfc, 0x20, 0x1, 0x9f, 0xff, 0xf6,
    0xd, 0xff, 0xd0, 0x0, 0x0, 0xa, 0xff, 0xf6,
    0x1f, 0xff, 0x50, 0x0, 0x0, 0x1, 0xff, 0xf6,
    0x3f, 0xff, 0x20, 0x0, 0x0, 0x0, 0xef, 0xf6,
    0x3f, 0xff, 0x20, 0x0, 0x0, 0x0, 0xef, 0xf6,
    0x1f, 0xff, 0x50, 0x0, 0x0, 0x1, 0xff, 0xf6,
    0xd, 0xff, 0xc0, 0x0, 0x0, 0xa, 0xff, 0xf6,
    0x7, 0xff, 0xfb, 0x20, 0x1, 0xaf, 0xff, 0xf6,
    0x0, 0xcf, 0xff, 0xfe, 0xdf, 0xff, 0xff, 0xf6,
    0x0, 0x1b, 0xff, 0xff, 0xff, 0xf9, 0xdf, 0xf6,
    0x0, 0x0, 0x5b, 0xef, 0xea, 0x30, 0xdf, 0xf6,

    /* U+0065 "e" */
    0x0, 0x0, 0x29, 0xdf, 0xfd, 0x92, 0x0, 0x0,
    0x0, 0x8f, 0xff, 0xff, 0xff, 0xf7, 0x0, 0x0,
    0xaf, 0xff, 0xeb, 0xbe, 0xff, 0xf7, 0x0, 0x5f,
    0xff, 0x80, 0x0, 0x1b, 0xff, 0xf1, 0xd, 0xff,
    0xa0, 0x0, 0x0, 0xe, 0xff, 0x71, 0xff, 0xf8,
    0x55, 0x55, 0x55, 0xbf, 0xfb, 0x3f, 0xff, 0xff,
    0xff, 0xff, 0xff, 0xff, 0xc3, 0xff, 0xff, 0xff,
    0xff, 0xff, 0xff, 0xfc, 0x1f, 0xff, 0x50, 0x0,
    0x0, 0x0, 0x0, 0x0, 0xdf, 0xfc, 0x0, 0x0,
    0x0, 0x5, 0x0, 0x6, 0xff, 0xfb, 0x20, 0x0,
    0x2b, 0xf9, 0x0, 0xb, 0xff, 0xff, 0xdb, 0xdf,
    0xff, 0xe1, 0x0, 0xa, 0xff, 0xff, 0xff, 0xff,
    0xc1, 0x0, 0x0, 0x3, 0x9d, 0xff, 0xda, 0x40,
    0x0,

    /* U+0066 "f" */
    0x0, 0x2, 0xad, 0xff, 0xb0, 0x2, 0xff, 0xff,
    0xfb, 0x0, 0x8f, 0xff, 0xba, 0x60, 0xa, 0xff,
    0xc0, 0x0, 0x0, 0xaf, 0xfb, 0x0, 0x8, 0xff,
    0xff, 0xff, 0xfb, 0x8f, 0xff, 0xff, 0xff, 0xb7,
    0xef, 0xff, 0xfe, 0xe9, 0x0, 0xaf, 0xfb, 0x0,
    0x0, 0xa, 0xff, 0xb0, 0x0, 0x0, 0xaf, 0xfb,
    0x0, 0x0, 0xa, 0xff, 0xb0, 0x0, 0x0, 0xaf,
    0xfb, 0x0, 0x0, 0xa, 0xff, 0xb0, 0x0, 0x0,
    0xaf, 0xfb, 0x0, 0x0, 0xa, 0xff, 0xb0, 0x0,
    0x0, 0xaf, 0xfb, 0x0, 0x0, 0xa, 0xff, 0xb0,
    0x0, 0x0, 0xaf, 0xfb, 0x0, 0x0,

    /* U+0067 "g" */
    0x0, 0x0, 0x4a, 0xef, 0xeb, 0x50, 0xdf, 0xf6,
    0x0, 0xb, 0xff, 0xff, 0xff, 0xfb, 0xef, 0xf6,
    0x0, 0xbf, 0xff, 0xfe, 0xef, 0xff, 0xff, 0xf6,
    0x6, 0xff, 0xfb, 0x20, 0x1, 0xaf, 0xff, 0xf6,
    0xd, 0xff, 0xc0, 0x0, 0x0, 0xa, 0xff, 0xf6,
    0x2f, 0xff, 0x50, 0x0, 0x0, 0x2, 0xff, 0xf6,
    0x4f, 0xff, 0x20, 0x0, 0x0, 0x0, 0xef, 0xf6,
    0x4f, 0xff, 0x20, 0x0, 0x0, 0x0, 0xef, 0xf6,
    0x2f, 0xff, 0x50, 0x0, 0x0, 0x1, 0xff, 0xf6,
    0xe, 0xff, 0xc0, 0x0, 0x0, 0xa, 0xff, 0xf6,
    0x8, 0xff, 0xfb, 0x20, 0x1, 0xaf, 0xff, 0xf6,
    0x0, 0xdf, 0xff, 0xfd, 0xdf, 0xff, 0xff, 0xf6,
    0x0, 0x1c, 0xff, 0xff, 0xff, 0xf9, 0xff, 0xf6,
    0x0, 0x0, 0x6b, 0xef, 0xea, 0x30, 0xff, 0xf5,
    0x0, 0x0, 0x0, 0x0, 0x0, 0x5, 0xff, 0xf2,
    0x0, 0x0, 0x0, 0x0, 0x0, 0x4e, 0xff, 0xd0,
    0x0, 0x0, 0xab, 0xbb, 0xce, 0xff, 0xff, 0x40,
    0x0, 0x0, 0xef, 0xff, 0xff, 0xff, 0xf5, 0x0,
    0x0, 0x0, 0xef, 0xff, 0xfe, 0xb7, 0x10, 0x0,

    /* U+0068 "h" */
    0xbf, 0xfa, 0x0, 0x0, 0x0, 0x0, 0x0, 0xbf,
    0xfa, 0x0, 0x0, 0x0, 0x0, 0x0, 0xbf, 0xfa,
    0x0, 0x0, 0x0, 0x0, 0x0, 0xbf, 0xfa, 0x0,
    0x0, 0x0, 0x0, 0x0, 0xbf, 0xfa, 0x0, 0x0,
    0x0, 0x0, 0x0, 0xbf, 0xfa, 0x7, 0xcf, 0xfd,
    0x81, 0x0, 0xbf, 0xfb, 0xdf, 0xff, 0xff, 0xfe,
    0x20, 0xbf, 0xff, 0xff, 0xff, 0xff, 0xff, 0xc0,
    0xbf, 0xff, 0xe4, 0x0, 0x3d, 0xff, 0xf4, 0xbf,
    0xff, 0x40, 0x0, 0x2, 0xff, 0xf9, 0xbf, 0xfd,
    0x0, 0x0, 0x0, 0xcf, 0xfb, 0xbf, 0xfa, 0x0,
    0x0, 0x0, 0xaf, 0xfb, 0xbf, 0xfa, 0x0, 0x0,
    0x0, 0x9f, 0xfc, 0xbf, 0xfa, 0x0, 0x0, 0x0,
    0x9f, 0xfc, 0xbf, 0xfa, 0x0, 0x0, 0x0, 0x9f,
    0xfc, 0xbf, 0xfa, 0x0, 0x0, 0x0, 0x9f, 0xfc,
    0xbf, 0xfa, 0x0, 0x0, 0x0, 0x9f, 0xfc, 0xbf,
    0xfa, 0x0, 0x0, 0x0, 0x9f, 0xfc, 0xbf, 0xfa,
    0x0, 0x0, 0x0, 0x9f, 0xfc,

    /* U+0069 "i" */
    0xaf, 0xfe, 0xaf, 0xfe, 0xaf, 0xfe, 0x35, 0x54,
    0x0, 0x0, 0x8f, 0xfd, 0x8f, 0xfd, 0x8f, 0xfd,
    0x8f, 0xfd, 0x8f, 0xfd, 0x8f, 0xfd, 0x8f, 0xfd,
    0x8f, 0xfd, 0x8f, 0xfd, 0x8f, 0xfd, 0x8f, 0xfd,
    0x8f, 0xfd, 0x8f, 0xfd, 0x8f, 0xfd,

    /* U+006A "j" */
    0x0, 0x9, 0xff, 0xf0, 0x0, 0x9, 0xff, 0xf0,
    0x0, 0x9, 0xff, 0xf0, 0x0, 0x3, 0x55, 0x50,
    0x0, 0x0, 0x0, 0x0, 0x0, 0x7, 0xff, 0xe0,
    0x0, 0x7, 0xff, 0xe0, 0x0, 0x7, 0xff, 0xe0,
    0x0, 0x7, 0xff, 0xe0, 0x0, 0x7, 0xff, 0xe0,
    0x0, 0x7, 0xff, 0xe0, 0x0, 0x7, 0xff, 0xe0,
    0x0, 0x7, 0xff, 0xe0, 0x0, 0x7, 0xff, 0xe0,
    0x0, 0x7, 0xff, 0xe0, 0x0, 0x7, 0xff, 0xe0,
    0x0, 0x7, 0xff, 0xe0, 0x0, 0x7, 0xff, 0xe0,
    0x0, 0x7, 0xff, 0xe0, 0x0, 0x7, 0xff, 0xe0,
    0x0, 0xa, 0xff, 0xd0, 0x1a, 0xbf, 0xff, 0x90,
    0x2f, 0xff, 0xfe, 0x10, 0x2f, 0xfe, 0xa2, 0x0,

    /* U+006B "k" */
    0xbf, 0xfa, 0x0, 0x0, 0x0, 0x0, 0x0, 0xbf,
    0xfa, 0x0, 0x0, 0x0, 0x0, 0x0, 0xbf, 0xfa,
    0x0, 0x0, 0x0, 0x0, 0x0, 0xbf, 0xfa, 0x0,
    0x0, 0x0, 0x0, 0x0, 0xbf, 0xfa, 0x0, 0x0,
    0x0, 0x0, 0x0, 0xbf, 0xfa, 0x0, 0x0, 0x6f,
    0xff, 0xd1, 0xbf, 0xfa, 0x0, 0x5, 0xff, 0xfc,
    0x10, 0xbf, 0xfa, 0x0, 0x5f, 0xff, 0xc1, 0x0,
    0xbf, 0xfa, 0x4, 0xff, 0xfc, 0x0, 0x0, 0xbf,
    0xfa, 0x4f, 0xff, 0xc0, 0x0, 0x0, 0xbf, 0xfd,
    0xff, 0xfb, 0x0, 0x0, 0x0, 0xbf, 0xff, 0xff,
    0xc0, 0x0, 0x0, 0x0, 0xbf, 0xff, 0xff, 0xf3,
    0x0, 0x0, 0x0, 0xbf, 0xfb, 0xdf, 0xfe, 0x30,
    0x0, 0x0, 0xbf, 0xfa, 0x2e, 0xff, 0xe2, 0x0,
    0x0, 0xbf, 0xfa, 0x3, 0xff, 0xfe, 0x20, 0x0,
    0xbf, 0xfa, 0x0, 0x4f, 0xff, 0xe2, 0x0, 0xbf,
    0xfa, 0x0, 0x5, 0xff, 0xfe, 0x10, 0xbf, 0xfa,
    0x0, 0x0, 0x6f, 0xff, 0xd1,

    /* U+006C "l" */
    0x8f, 0xfd, 0x8f, 0xfd, 0x8f, 0xfd, 0x8f, 0xfd,
    0x8f, 0xfd, 0x8f, 0xfd, 0x8f, 0xfd, 0x8f, 0xfd,
    0x8f, 0xfd, 0x8f, 0xfd, 0x8f, 0xfd, 0x8f, 0xfd,
    0x8f, 0xfd, 0x8f, 0xfd, 0x8f, 0xfd, 0x8f, 0xfd,
    0x8f, 0xfd, 0x8f, 0xfd, 0x8f, 0xfd,

    /* U+006D "m" */
    0xbf, 0xf8, 0x3b, 0xef, 0xd9, 0x10, 0x18, 0xdf,
    0xfc, 0x70, 0x0, 0xbf, 0xfd, 0xff, 0xff, 0xff,
    0xe6, 0xff, 0xff, 0xff, 0xfc, 0x0, 0xbf, 0xff,
    0xff, 0xef, 0xff, 0xff, 0xff, 0xfe, 0xff, 0xff,
    0x90, 0xbf, 0xff, 0xb1, 0x1, 0xcf, 0xff, 0xf9,
    0x0, 0x2d, 0xff, 0xf0, 0xbf, 0xfe, 0x0, 0x0,
    0x2f, 0xff, 0xd0, 0x0, 0x4, 0xff, 0xf3, 0xbf,
    0xfb, 0x0, 0x0, 0xf, 0xff, 0x80, 0x0, 0x1,
    0xff, 0xf5, 0xbf, 0xfa, 0x0, 0x0, 0xe, 0xff,
    0x70, 0x0, 0x0, 0xff, 0xf5, 0xbf, 0xfa, 0x0,
    0x0, 0xe, 0xff, 0x70, 0x0, 0x0, 0xff, 0xf5,
    0xbf, 0xfa, 0x0, 0x0, 0xe, 0xff, 0x70, 0x0,
    0x0, 0xff, 0xf5, 0xbf, 0xfa, 0x0, 0x0, 0xe,
    0xff, 0x70, 0x0, 0x0, 0xff, 0xf5, 0xbf, 0xfa,
    0x0, 0x0, 0xe, 0xff, 0x70, 0x0, 0x0, 0xff,
    0xf5, 0xbf, 0xfa, 0x0, 0x0, 0xe, 0xff, 0x70,
    0x0, 0x0, 0xff, 0xf5, 0xbf, 0xfa, 0x0, 0x0,
    0xe, 0xff, 0x70, 0x0, 0x0, 0xff, 0xf5, 0xbf,
    0xfa, 0x0, 0x0, 0xe, 0xff, 0x70, 0x0, 0x0,
    0xff, 0xf5,

    /* U+006E "n" */
    0xbf, 0xf8, 0x18, 0xdf, 0xfd, 0x81, 0x0, 0xbf,
    0xfa, 0xef, 0xff, 0xff, 0xfd, 0x20, 0xbf, 0xff,
    0xff, 0xff, 0xff, 0xff, 0xc0, 0xbf, 0xff, 0xe4,
    0x0, 0x3d, 0xff, 0xf4, 0xbf, 0xff, 0x40, 0x0,
    0x2, 0xff, 0xf8, 0xbf, 0xfd, 0x0, 0x0, 0x0,
    0xcf, 0xfb, 0xbf, 0xfa, 0x0, 0x0, 0x0, 0xaf,
    0xfb, 0xbf, 0xfa, 0x0, 0x0, 0x0, 0x9f, 0xfc,
    0xbf, 0xfa, 0x0, 0x0, 0x0, 0x9f, 0xfc, 0xbf,
    0xfa, 0x0, 0x0, 0x0, 0x9f, 0xfc, 0xbf, 0xfa,
    0x0, 0x0, 0x0, 0x9f, 0xfc, 0xbf, 0xfa, 0x0,
    0x0, 0x0, 0x9f, 0xfc, 0xbf, 0xfa, 0x0, 0x0,
    0x0, 0x9f, 0xfc, 0xbf, 0xfa, 0x0, 0x0, 0x0,
    0x9f, 0xfc,

    /* U+006F "o" */
    0x0, 0x0, 0x28, 0xdf, 0xfe, 0xa4, 0x0, 0x0,
    0x0, 0x7, 0xff, 0xff, 0xff, 0xff, 0xb1, 0x0,
    0x0, 0x9f, 0xff, 0xfe, 0xdf, 0xff, 0xfc, 0x0,
    0x5, 0xff, 0xfc, 0x20, 0x1, 0x9f, 0xff, 0x90,
    0xc, 0xff, 0xd0, 0x0, 0x0, 0xa, 0xff, 0xf1,
    0x1f, 0xff, 0x50, 0x0, 0x0, 0x2, 0xff, 0xf5,
    0x3f, 0xff, 0x20, 0x0, 0x0, 0x0, 0xef, 0xf7,
    0x3f, 0xff, 0x20, 0x0, 0x0, 0x0, 0xef, 0xf7,
    0x1f, 0xff, 0x50, 0x0, 0x0, 0x2, 0xff, 0xf5,
    0xd, 0xff, 0xd0, 0x0, 0x0, 0xa, 0xff, 0xf1,
    0x5, 0xff, 0xfc, 0x30, 0x1, 0xaf, 0xff, 0x80,
    0x0, 0x9f, 0xff, 0xfe, 0xef, 0xff, 0xfc, 0x0,
    0x0, 0x8, 0xff, 0xff, 0xff, 0xff, 0xa0, 0x0,
    0x0, 0x0, 0x29, 0xdf, 0xfd, 0xa3, 0x0, 0x0,

    /* U+0070 "p" */
    0xbf, 0xf8, 0x6, 0xce, 0xfd, 0x92, 0x0, 0xb,
    0xff, 0xad, 0xff, 0xff, 0xff, 0xf7, 0x0, 0xbf,
    0xff, 0xff, 0xfd, 0xef, 0xff, 0xf7, 0xb, 0xff,
    0xff, 0x60, 0x0, 0x4e, 0xff, 0xf2, 0xbf, 0xff,
    0x50, 0x0, 0x0, 0x3f, 0xff, 0x8b, 0xff, 0xc0,
    0x0, 0x0, 0x0, 0xbf, 0xfc, 0xbf, 0xf8, 0x0,
    0x0, 0x0, 0x7, 0xff, 0xeb, 0xff, 0x80, 0x0,
    0x0, 0x0, 0x7f, 0xfe, 0xbf, 0xfc, 0x0, 0x0,
    0x0, 0xb, 0xff, 0xcb, 0xff, 0xf4, 0x0, 0x0,
    0x3, 0xff, 0xf7, 0xbf, 0xff, 0xf6, 0x0, 0x5,
    0xef, 0xff, 0x1b, 0xff, 0xff, 0xff, 0xdf, 0xff,
    0xff, 0x50, 0xbf, 0xfc, 0xef, 0xff, 0xff, 0xff,
    0x50, 0xb, 0xff, 0xa1, 0x8d, 0xff, 0xd8, 0x10,
    0x0, 0xbf, 0xfa, 0x0, 0x0, 0x0, 0x0, 0x0,
    0xb, 0xff, 0xa0, 0x0, 0x0, 0x0, 0x0, 0x0,
    0xbf, 0xfa, 0x0, 0x0, 0x0, 0x0, 0x0, 0xb,
    0xff, 0xa0, 0x0, 0x0, 0x0, 0x0, 0x0, 0xbf,
    0xfa, 0x0, 0x0, 0x0, 0x0, 0x0, 0x0,

    /* U+0071 "q" */
    0x0, 0x0, 0x4a, 0xef, 0xeb, 0x50, 0xdf, 0xf6,
    0x0, 0xa, 0xff, 0xff, 0xff, 0xfb, 0xef, 0xf6,
    0x0, 0xaf, 0xff, 0xfe, 0xef, 0xff, 0xff, 0xf6,
    0x6, 0xff, 0xfc, 0x20, 0x1, 0xaf, 0xff, 0xf6,
    0xd, 0xff, 0xd0, 0x0, 0x0, 0xa, 0xff, 0xf6,
    0x1f, 0xff, 0x50, 0x0, 0x0, 0x1, 0xff, 0xf6,
    0x3f, 0xff, 0x20, 0x0, 0x0, 0x0, 0xef, 0xf6,
    0x3f, 0xff, 0x20, 0x0, 0x0, 0x0, 0xef, 0xf6,
    0x1f, 0xff, 0x50, 0x0, 0x0, 0x2, 0xff, 0xf6,
    0xd, 0xff, 0xc0, 0x0, 0x0, 0xa, 0xff, 0xf6,
    0x6, 0xff, 0xfb, 0x20, 0x1, 0xaf, 0xff, 0xf6,
    0x0, 0xcf, 0xff, 0xfe, 0xdf, 0xff, 0xff, 0xf6,
    0x0, 0xb, 0xff, 0xff, 0xff, 0xfa, 0xff, 0xf6,
    0x0, 0x0, 0x5b, 0xef, 0xea, 0x40, 0xff, 0xf6,
    0x0, 0x0, 0x0, 0x0, 0x0, 0x0, 0xff, 0xf6,
    0x0, 0x0, 0x0, 0x0, 0x0, 0x0, 0xff, 0xf6,
    0x0, 0x0, 0x0, 0x0, 0x0, 0x0, 0xff, 0xf6,
    0x0, 0x0, 0x0, 0x0, 0x0, 0x0, 0xff, 0xf6,
    0x0, 0x0, 0x0, 0x0, 0x0, 0x0, 0xff, 0xf6,

    /* U+0072 "r" */
    0xbf, 0xf8, 0x4b, 0xef, 0xab, 0xff, 0xdf, 0xff,
    0xfa, 0xbf, 0xff, 0xff, 0xff, 0xab, 0xff, 0xfe,
    0x51, 0x0, 0xbf, 0xff, 0x20, 0x0, 0xb, 0xff,
    0xc0, 0x0, 0x0, 0xbf, 0xfa, 0x0, 0x0, 0xb,
    0xff, 0xa0, 0x0, 0x0, 0xbf, 0xfa, 0x0, 0x0,
    0xb, 0xff, 0xa0, 0x0, 0x0, 0xbf, 0xfa, 0x0,
    0x0, 0xb, 0xff, 0xa0, 0x0, 0x0, 0xbf, 0xfa,
    0x0, 0x0, 0xb, 0xff, 0xa0, 0x0, 0x0,

    /* U+0073 "s" */
    0x0, 0x5, 0xbe, 0xff, 0xd9, 0x40, 0x0, 0xb,
    0xff, 0xff, 0xff, 0xff, 0xc2, 0x9, 0xff, 0xfd,
    0xbc, 0xef, 0xff, 0x10, 0xef, 0xf5, 0x0, 0x0,
    0x39, 0x70, 0xf, 0xff, 0x50, 0x0, 0x0, 0x0,
    0x0, 0xcf, 0xff, 0xdc, 0xba, 0x83, 0x0, 0x4,
    0xff, 0xff, 0xff, 0xff, 0xfa, 0x0, 0x2, 0x9d,
    0xff, 0xff, 0xff, 0xf7, 0x0, 0x0, 0x0, 0x0,
    0x3c, 0xff, 0xc0, 0x22, 0x0, 0x0, 0x0, 0x5f,
    0xfd, 0xb, 0xf8, 0x10, 0x0, 0xa, 0xff, 0xb4,
    0xff, 0xff, 0xdb, 0xbe, 0xff, 0xf4, 0x1a, 0xff,
    0xff, 0xff, 0xff, 0xf7, 0x0, 0x2, 0x8c, 0xef,
    0xfd, 0x92, 0x0,

    /* U+0074 "t" */
    0x0, 0x68, 0x84, 0x0, 0x0, 0xd, 0xff, 0x80,
    0x0, 0x0, 0xdf, 0xf8, 0x0, 0x0, 0xd, 0xff,
    0x80, 0x0, 0xaf, 0xff, 0xff, 0xff, 0xaa, 0xff,
    0xff, 0xff, 0xfa, 0x9e, 0xff, 0xff, 0xee, 0x90,
    0xd, 0xff, 0x80, 0x0, 0x0, 0xdf, 0xf8, 0x0,
    0x0, 0xd, 0xff, 0x80, 0x0, 0x0, 0xdf, 0xf8,
    0x0, 0x0, 0xd, 0xff, 0x80, 0x0, 0x0, 0xdf,
    0xf8, 0x0, 0x0, 0xc, 0xff, 0x90, 0x0, 0x0,
    0xbf, 0xfd, 0x10, 0x0, 0x8, 0xff, 0xff, 0xe8,
    0x0, 0x2f, 0xff, 0xff, 0xa0, 0x0, 0x2a, 0xef,
    0xfa,

    /* U+0075 "u" */
    0xef, 0xf7, 0x0, 0x0, 0x0, 0xcf, 0xf9, 0xef,
    0xf7, 0x0, 0x0, 0x0, 0xcf, 0xf9, 0xef, 0xf7,
    0x0, 0x0, 0x0, 0xcf, 0xf9, 0xef, 0xf7, 0x0,
    0x0, 0x0, 0xcf, 0xf9, 0xef, 0xf7, 0x0, 0x0,
    0x0, 0xcf, 0xf9, 0xef, 0xf7, 0x0, 0x0, 0x0,
    0xcf, 0xf9, 0xef, 0xf7, 0x0, 0x0, 0x0, 0xcf,
    0xf9, 0xdf, 0xf8, 0x0, 0x0, 0x0, 0xcf, 0xf9,
    0xdf, 0xfa, 0x0, 0x0, 0x0, 0xff, 0xf9, 0xbf,
    0xfe, 0x0, 0x0, 0x6, 0xff, 0xf9, 0x6f, 0xff,
    0xb1, 0x0, 0x5f, 0xff, 0xf9, 0xe, 0xff, 0xff,
    0xef, 0xff, 0xff, 0xf9, 0x3, 0xef, 0xff, 0xff,
    0xfd, 0xcf, 0xf9, 0x0, 0x19, 0xdf, 0xfc, 0x70,
    0xaf, 0xf9,

    /* U+0076 "v" */
    0x8f, 0xff, 0x10, 0x0, 0x0, 0xa, 0xff, 0xd0,
    0x1f, 0xff, 0x70, 0x0, 0x0, 0xf, 0xff, 0x60,
    0xb, 0xff, 0xd0, 0x0, 0x0, 0x6f, 0xff, 0x0,
    0x4, 0xff, 0xf3, 0x0, 0x0, 0xcf, 0xf9, 0x0,
    0x0, 0xdf, 0xf9, 0x0, 0x2, 0xff, 0xf3, 0x0,
    0x0, 0x7f, 0xff, 0x0, 0x8, 0xff, 0xc0, 0x0,
    0x0, 0x1f, 0xff, 0x60, 0xe, 0xff, 0x60, 0x0,
    0x0, 0xa, 0xff, 0xc0, 0x5f, 0xfe, 0x0, 0x0,
    0x0, 0x3, 0xff, 0xf2, 0xbf, 0xf9, 0x0, 0x0,
    0x0, 0x0, 0xdf, 0xfa, 0xff, 0xf2, 0x0, 0x0,
    0x0, 0x0, 0x6f, 0xff, 0xff, 0xc0, 0x0, 0x0,
    0x0, 0x0, 0xf, 0xff, 0xff, 0x50, 0x0, 0x0,
    0x0, 0x0, 0x9, 0xff, 0xfe, 0x0, 0x0, 0x0,
    0x0, 0x0, 0x3, 0xff, 0xf8, 0x0, 0x0, 0x0,

    /* U+0077 "w" */
    0x2f, 0xff, 0x30, 0x0, 0xe, 0xff, 0x80, 0x0,
    0xa, 0xff, 0xc0, 0xff, 0xf6, 0x0, 0x4, 0xff,
    0xfd, 0x0, 0x0, 0xdf, 0xf8, 0xb, 0xff, 0x90,
    0x0, 0x9f, 0xff, 0xf3, 0x0, 0xf, 0xff, 0x40,
    0x7f, 0xfc, 0x0, 0xe, 0xff, 0xff, 0x80, 0x3,
    0xff, 0xf1, 0x4, 0xff, 0xf0, 0x4, 0xff, 0xef,
    0xfd, 0x0, 0x6f, 0xfd, 0x0, 0xf, 0xff, 0x30,
    0x9f, 0xf6, 0xef, 0xf3, 0xa, 0xff, 0x90, 0x0,
    0xcf, 0xf6, 0xe, 0xff, 0x19, 0xff, 0x80, 0xdf,
    0xf6, 0x0, 0x9, 0xff, 0x94, 0xff, 0xb0, 0x3f,
    0xfd, 0xf, 0xff, 0x20, 0x0, 0x5f, 0xfc, 0x9f,
    0xf6, 0x0, 0xef, 0xf6, 0xff, 0xe0, 0x0, 0x1,
    0xff, 0xfe, 0xff, 0x10, 0x8, 0xff, 0xef, 0xfa,
    0x0, 0x0, 0xe, 0xff, 0xff, 0xb0, 0x0, 0x3f,
    0xff, 0xff, 0x70, 0x0, 0x0, 0xaf, 0xff, 0xf5,
    0x0, 0x0, 0xdf, 0xff, 0xf3, 0x0, 0x0, 0x6,
    0xff, 0xff, 0x0, 0x0, 0x8, 0xff, 0xff, 0x0,
    0x0, 0x0, 0x3f, 0xff, 0xa0, 0x0, 0x0, 0x2f,
    0xff, 0xc0, 0x0,

    /* U+0078 "x" */
    0x2f, 0xff, 0xc0, 0x0, 0x0, 0xdf, 0xfc, 0x0,
    0x5f, 0xff, 0x70, 0x0, 0x8f, 0xff, 0x20, 0x0,
    0x9f, 0xff, 0x20, 0x4f, 0xff, 0x50, 0x0, 0x0,
    0xdf, 0xfc, 0x1e, 0xff, 0x90, 0x0, 0x0, 0x3,
    0xff, 0xfe, 0xff, 0xd0, 0x0, 0x0, 0x0, 0x6,
    0xff, 0xff, 0xf2, 0x0, 0x0, 0x0, 0x0, 0xb,
    0xff, 0xf7, 0x0, 0x0, 0x0, 0x0, 0x1, 0xef,
    0xff, 0xc0, 0x0, 0x0, 0x0, 0x0, 0xbf, 0xff,
    0xff, 0x80, 0x0, 0x0, 0x0, 0x7f, 0xff, 0x8f,
    0xff, 0x40, 0x0, 0x0, 0x3f, 0xff, 0x60, 0xaf,
    0xfe, 0x10, 0x0, 0x1e, 0xff, 0xb0, 0x1, 0xef,
    0xfc, 0x0, 0xb, 0xff, 0xe1, 0x0, 0x4, 0xff,
    0xf8, 0x6, 0xff, 0xf4, 0x0, 0x0, 0x9, 0xff,
    0xf4,

    /* U+0079 "y" */
    0x8f, 0xff, 0x10, 0x0, 0x0, 0xa, 0xff, 0xd0,
    0x1f, 0xff, 0x70, 0x0, 0x0, 0x1f, 0xff, 0x60,
    0xb, 0xff, 0xd0, 0x0, 0x0, 0x6f, 0xff, 0x0,
    0x4, 0xff, 0xf3, 0x0, 0x0, 0xcf, 0xf9, 0x0,
    0x0, 0xdf, 0xfa, 0x0, 0x3, 0xff, 0xf2, 0x0,
    0x0, 0x7f, 0xff, 0x0, 0x9, 0xff, 0xc0, 0x0,
    0x0, 0x1f, 0xff, 0x60, 0xe, 0xff, 0x50, 0x0,
    0x0, 0xa, 0xff, 0xc0, 0x5f, 0xfe, 0x0, 0x0,
    0x0, 0x3, 0xff, 0xf2, 0xbf, 0xf8, 0x0, 0x0,
    0x0, 0x0, 0xdf, 0xfa, 0xff, 0xf2, 0x0, 0x0,
    0x0, 0x0, 0x6f, 0xff, 0xff, 0xb0, 0x0, 0x0,
    0x0, 0x0, 0xf, 0xff, 0xff, 0x40, 0x0, 0x0,
    0x0, 0x0, 0x9, 0xff, 0xfe, 0x0, 0x0, 0x0,
    0x0, 0x0, 0x2, 0xff, 0xf7, 0x0, 0x0, 0x0,
    0x0, 0x0, 0x2, 0xff, 0xf1, 0x0, 0x0, 0x0,
    0x0, 0x0, 0xa, 0xff, 0xa0, 0x0, 0x0, 0x0,
    0x0, 0x0, 0x1f, 0xff, 0x30, 0x0, 0x0, 0x0,
    0x0, 0x0, 0x8f, 0xfd, 0x0, 0x0, 0x0, 0x0,
    0x0, 0x0, 0xff, 0xf6, 0x0, 0x0, 0x0, 0x0,

    /* U+007A "z" */
    0x1f, 0xff, 0xff, 0xff, 0xff, 0xff, 0x81, 0xff,
    0xff, 0xff, 0xff, 0xff, 0xf8, 0x1a, 0xaa, 0xaa,
    0xaa, 0xff, 0xff, 0x60, 0x0, 0x0, 0x0, 0x6f,
    0xff, 0xa0, 0x0, 0x0, 0x0, 0x5f, 0xff, 0xc0,
    0x0, 0x0, 0x0, 0x3f, 0xff, 0xd1, 0x0, 0x0,
    0x0, 0x2e, 0xff, 0xe2, 0x0, 0x0, 0x0, 0x1d,
    0xff, 0xf3, 0x0, 0x0, 0x0, 0xc, 0xff, 0xf5,
    0x0, 0x0, 0x0, 0xa, 0xff, 0xf6, 0x0, 0x0,
    0x0, 0x9, 0xff, 0xf8, 0x0, 0x0, 0x0, 0x5,
    0xff, 0xff, 0xaa, 0xaa, 0xaa, 0xa9, 0x7f, 0xff,
    0xff, 0xff, 0xff, 0xff, 0xe7, 0xff, 0xff, 0xff,
    0xff, 0xff, 0xfe,

    /* U+007B "{" */
    0x0, 0x0, 0x2a, 0xdf, 0xff, 0xff, 0xf3, 0x0,
    0x3, 0xff, 0xff, 0xff, 0xff, 0xf3, 0x0, 0xc,
    0xff, 0xfe, 0xdd, 0xdd, 0xd2, 0x0, 0xe, 0xff,
    0xa0, 0x0, 0x0, 0x0, 0x0, 0xc, 0xff, 0xa0,
    0x0, 0x0, 0x0, 0x0, 0x5, 0xff, 0xf3, 0x0,
    0x0, 0x0, 0x0, 0x0, 0xcf, 0xfd, 0x0, 0x0,
    0x0, 0x0, 0x0, 0x2f, 0xff, 0x80, 0x0, 0x0,
    0x0, 0x0, 0x7, 0xff, 0xf1, 0x0, 0x0, 0x0,
    0x0, 0x1, 0xff, 0xf5, 0x0, 0x0, 0x0, 0x1,
    0x5d, 0xff, 0xf3, 0x0, 0x0, 0x28, 0xcf, 0xff,
    0xff, 0x80, 0x0, 0x0, 0x6f, 0xff, 0xeb, 0x72,
    0x0, 0x0, 0x0, 0x6f, 0xff, 0xeb, 0x71, 0x0,
    0x0, 0x0, 0x28, 0xcf, 0xff, 0xff, 0x80, 0x0,
    0x0, 0x0, 0x1, 0x5d, 0xff, 0xf3, 0x0, 0x0,
    0x0, 0x0, 0x1, 0xff, 0xf5, 0x0, 0x0, 0x0,
    0x0, 0x7, 0xff, 0xf1, 0x0, 0x0, 0x0, 0x0,
    0x2f, 0xff, 0x80, 0x0, 0x0, 0x0, 0x0, 0xcf,
    0xfd, 0x0, 0x0, 0x0, 0x0, 0x5, 0xff, 0xf4,
    0x0, 0x0, 0x0, 0x0, 0xc, 0xff, 0xa0, 0x0,
    0x0, 0x0, 0x0, 0xe, 0xff, 0x90, 0x0, 0x0,
    0x0, 0x0, 0xc, 0xff, 0xfe, 0xcc, 0xcc, 0xc2,
    0x0, 0x4, 0xff, 0xff, 0xff, 0xff, 0xf3, 0x0,
    0x0, 0x2a, 0xdf, 0xff, 0xff, 0xf3,

    /* U+007C "|" */
    0x1f, 0xfd, 0x1f, 0xfe, 0x1f, 0xfe, 0x1f, 0xfe,
    0x1f, 0xfe, 0x1f, 0xfe, 0x1f, 0xfe, 0x1f, 0xfe,
    0x1f, 0xfe, 0x1f, 0xfe, 0x1f, 0xfe, 0x1f, 0xfe,
    0x1f, 0xfe, 0x1f, 0xfe, 0x1f, 0xfe, 0x1f, 0xfe,
    0x1f, 0xfe, 0x1f, 0xfe, 0x1f, 0xfe, 0x1f, 0xfe,
    0x1f, 0xfe, 0x1f, 0xfe, 0x1f, 0xfe, 0x1f, 0xfe,
    0x1f, 0xfe, 0x1f, 0xfe,

    /* U+007D "}" */
    0x6f, 0xff, 0xff, 0xfd, 0x81, 0x0, 0x0, 0x6f,
    0xff, 0xff, 0xff, 0xfe, 0x10, 0x0, 0x5d, 0xdd,
    0xdd, 0xef, 0xff, 0x90, 0x0, 0x0, 0x0, 0x0,
    0xc, 0xff, 0xb0, 0x0, 0x0, 0x0, 0x0, 0xd,
    0xff, 0x90, 0x0, 0x0, 0x0, 0x0, 0x7f, 0xff,
    0x30, 0x0, 0x0, 0x0, 0x2, 0xff, 0xf9, 0x0,
    0x0, 0x0, 0x0, 0xb, 0xff, 0xe0, 0x0, 0x0,
    0x0, 0x0, 0x4f, 0xff, 0x40, 0x0, 0x0, 0x0,
    0x0, 0x8f, 0xfe, 0x0, 0x0, 0x0, 0x0, 0x0,
    0x6f, 0xff, 0xb4, 0x0, 0x0, 0x0, 0x0, 0xa,
    0xff, 0xff, 0xfb, 0x71, 0x0, 0x0, 0x0, 0x38,
    0xcf, 0xff, 0xf3, 0x0, 0x0, 0x0, 0x28, 0xcf,
    0xff, 0xf3, 0x0, 0x0, 0xa, 0xff, 0xff, 0xfb,
    0x71, 0x0, 0x0, 0x6f, 0xff, 0xb4, 0x0, 0x0,
    0x0, 0x0, 0x8f, 0xfe, 0x0, 0x0, 0x0, 0x0,
    0x0, 0x4f, 0xff, 0x40, 0x0, 0x0, 0x0, 0x0,
    0xb, 0xff, 0xd0, 0x0, 0x0, 0x0, 0x0, 0x2,
    0xff, 0xf9, 0x0, 0x0, 0x0, 0x0, 0x0, 0x7f,
    0xff, 0x30, 0x0, 0x0, 0x0, 0x0, 0xd, 0xff,
    0x90, 0x0, 0x0, 0x0, 0x0, 0xc, 0xff, 0xb0,
    0x0, 0x4c, 0xcc, 0xcc, 0xef, 0xff, 0x90, 0x0,
    0x6f, 0xff, 0xff, 0xff, 0xfe, 0x20, 0x0, 0x6f,
    0xff, 0xff, 0xfd, 0x91, 0x0, 0x0,

    /* U+007E "~" */
    0x0, 0x4, 0x40, 0x0, 0x0, 0x72, 0x0, 0xa,
    0xff, 0xe5, 0x0, 0x6f, 0xe0, 0x5, 0xff, 0xff,
    0xfc, 0x7e, 0xf8, 0x0, 0xcf, 0x91, 0x7f, 0xff,
    0xfe, 0x10, 0x1d, 0xf1, 0x0, 0x1a, 0xed, 0x30,
    0x0, 0x0, 0x0, 0x0, 0x0, 0x0, 0x0
};


/*---------------------
 *  GLYPH DESCRIPTION
 *--------------------*/

static const lv_font_fmt_txt_glyph_dsc_t glyph_dsc[] = {
    {.bitmap_index = 0, .adv_w = 0, .box_w = 0, .box_h = 0, .ofs_x = 0, .ofs_y = 0} /* id = 0 reserved */,
    {.bitmap_index = 0, .adv_w = 80, .box_w = 0, .box_h = 0, .ofs_x = 0, .ofs_y = 0},
    {.bitmap_index = 0, .adv_w = 105, .box_w = 5, .box_h = 19, .ofs_x = 1, .ofs_y = 0},
    {.bitmap_index = 48, .adv_w = 179, .box_w = 10, .box_h = 7, .ofs_x = 1, .ofs_y = 12},
    {.bitmap_index = 83, .adv_w = 276, .box_w = 16, .box_h = 19, .ofs_x = 1, .ofs_y = 0},
    {.bitmap_index = 235, .adv_w = 288, .box_w = 17, .box_h = 25, .ofs_x = 0, .ofs_y = -3},
    {.bitmap_index = 448, .adv_w = 353, .box_w = 22, .box_h = 19, .ofs_x = 0, .ofs_y = 0},
    {.bitmap_index = 657, .adv_w = 310, .box_w = 20, .box_h = 19, .ofs_x = 0, .ofs_y = 0},
    {.bitmap_index = 847, .adv_w = 100, .box_w = 5, .box_h = 7, .ofs_x = 1, .ofs_y = 12},
    {.bitmap_index = 865, .adv_w = 183, .box_w = 11, .box_h = 27, .ofs_x = 0, .ofs_y = -4},
    {.bitmap_index = 1014, .adv_w = 183, .box_w = 11, .box_h = 27, .ofs_x = 0, .ofs_y = -4},
    {.bitmap_index = 1163, .adv_w = 168, .box_w = 10, .box_h = 9, .ofs_x = 0, .ofs_y = 10},
    {.bitmap_index = 1208, .adv_w = 206, .box_w = 11, .box_h = 11, .ofs_x = 1, .ofs_y = 5},
    {.bitmap_index = 1269, .adv_w = 99, .box_w = 6, .box_h = 8, .ofs_x = 0, .ofs_y = -3},
    {.bitmap_index = 1293, .adv_w = 142, .box_w = 9, .box_h = 4, .ofs_x = 0, .ofs_y = 7},
    {.bitmap_index = 1311, .adv_w = 99, .box_w = 5, .box_h = 4, .ofs_x = 1, .ofs_y = 0},
    {.bitmap_index = 1321, .adv_w = 164, .box_w = 12, .box_h = 26, .ofs_x = -1, .ofs_y = -3},
    {.bitmap_index = 1477, .adv_w = 289, .box_w = 18, .box_h = 19, .ofs_x = 0, .ofs_y = 0},
    {.bitmap_index = 1648, .adv_w = 142, .box_w = 8, .box_h = 19, .ofs_x = 0, .ofs_y = 0},
    {.bitmap_index = 1724, .adv_w = 261, .box_w = 16, .box_h = 19, .ofs_x = 0, .ofs_y = 0},
    {.bitmap_index = 1876, .adv_w = 266, .box_w = 16, .box_h = 19, .ofs_x = 0, .ofs_y = 0},
    {.bitmap_index = 2028, .adv_w = 286, .box_w = 18, .box_h = 19, .ofs_x = 0, .ofs_y = 0},
    {.bitmap_index = 2199, .adv_w = 267, .box_w = 16, .box_h = 19, .ofs_x = 0, .ofs_y = 0},
    {.bitmap_index = 2351, .adv_w = 266, .box_w = 16, .box_h = 19, .ofs_x = 0, .ofs_y = 0},
    {.bitmap_index = 2503, .adv_w = 240, .box_w = 15, .box_h = 19, .ofs_x = 0, .ofs_y = 0},
    {.bitmap_index = 2646, .adv_w = 272, .box_w = 17, .box_h = 19, .ofs_x = 0, .ofs_y = 0},
    {.bitmap_index = 2808, .adv_w = 266, .box_w = 16, .box_h = 19, .ofs_x = 0, .ofs_y = 0},
    {.bitmap_index = 2960, .adv_w = 106, .box_w = 5, .box_h = 14, .ofs_x = 1, .ofs_y = 0},
    {.bitmap_index = 2995, .adv_w = 106, .box_w = 6, .box_h = 17, .ofs_x = 0, .ofs_y = -3},
    {.bitmap_index = 3046, .adv_w = 193, .box_w = 10, .box_h = 13, .ofs_x = 1, .ofs_y = 3},
    {.bitmap_index = 3111, .adv_w = 206, .box_w = 11, .box_h = 7, .ofs_x = 1, .ofs_y = 6},
    {.bitmap_index = 3150, .adv_w = 193, .box_w = 10, .box_h = 13, .ofs_x = 1, .ofs_y = 3},
    {.bitmap_index = 3215, .adv_w = 228, .box_w = 14, .box_h = 19, .ofs_x = 0, .ofs_y = 0},
    {.bitmap_index = 3348, .adv_w = 425, .box_w = 25, .box_h = 23, .ofs_x = 1, .ofs_y = -4},
    {.bitmap_index = 3636, .adv_w = 336, .box_w = 21, .box_h = 19, .ofs_x = 0, .ofs_y = 0},
    {.bitmap_index = 3836, .adv_w = 305, .box_w = 18, .box_h = 19, .ofs_x = 1, .ofs_y = 0},
    {.bitmap_index = 4007, .adv_w = 324, .box_w = 20, .box_h = 19, .ofs_x = 0, .ofs_y = 0},
    {.bitmap_index = 4197, .adv_w = 330, .box_w = 19, .box_h = 19, .ofs_x = 1, .ofs_y = 0},
    {.bitmap_index = 4378, .adv_w = 279, .box_w = 16, .box_h = 19, .ofs_x = 1, .ofs_y = 0},
    {.bitmap_index = 4530, .adv_w = 269, .box_w = 16, .box_h = 19, .ofs_x = 1, .ofs_y = 0},
    {.bitmap_index = 4682, .adv_w = 346, .box_w = 21, .box_h = 19, .ofs_x = 0, .ofs_y = 0},
    {.bitmap_index = 4882, .adv_w = 336, .box_w = 19, .box_h = 19, .ofs_x = 1, .ofs_y = 0},
    {.bitmap_index = 5063, .adv_w = 113, .box_w = 5, .box_h = 19, .ofs_x = 1, .ofs_y = 0},
    {.bitmap_index = 5111, .adv_w = 276, .box_w = 16, .box_h = 19, .ofs_x = 0, .ofs_y = 0},
    {.bitmap_index = 5263, .adv_w = 311, .box_w = 19, .box_h = 19, .ofs_x = 1, .ofs_y = 0},
    {.bitmap_index = 5444, .adv_w = 258, .box_w = 15, .box_h = 19, .ofs_x = 1, .ofs_y = 0},
    {.bitmap_index = 5587, .adv_w = 387, .box_w = 22, .box_h = 19, .ofs_x = 1, .ofs_y = 0},
    {.bitmap_index = 5796, .adv_w = 337, .box_w = 19, .box_h = 19, .ofs_x = 1, .ofs_y = 0},
    {.bitmap_index = 5977, .adv_w = 353, .box_w = 22, .box_h = 19, .ofs_x = 0, .ofs_y = 0},
    {.bitmap_index = 6186, .adv_w = 293, .box_w = 17, .box_h = 19, .ofs_x = 1, .ofs_y = 0},
    {.bitmap_index = 6348, .adv_w = 353, .box_w = 22, .box_h = 24, .ofs_x = 0, .ofs_y = -5},
    {.bitmap_index = 6612, .adv_w = 306, .box_w = 18, .box_h = 19, .ofs_x = 1, .ofs_y = 0},
    {.bitmap_index = 6783, .adv_w = 299, .box_w = 18, .box_h = 19, .ofs_x = 0, .ofs_y = 0},
    {.bitmap_index = 6954, .adv_w = 303, .box_w = 19, .box_h = 19, .ofs_x = 0, .ofs_y = 0},
    {.bitmap_index = 7135, .adv_w = 337, .box_w = 19, .box_h = 19, .ofs_x = 1, .ofs_y = 0},
    {.bitmap_index = 7316, .adv_w = 336, .box_w = 21, .box_h = 19, .ofs_x = 0, .ofs_y = 0},
    {.bitmap_index = 7516, .adv_w = 447, .box_w = 28, .box_h = 19, .ofs_x = 0, .ofs_y = 0},
    {.bitmap_index = 7782, .adv_w = 327, .box_w = 21, .box_h = 19, .ofs_x = 0, .ofs_y = 0},
    {.bitmap_index = 7982, .adv_w = 312, .box_w = 20, .box_h = 19, .ofs_x = 0, .ofs_y = 0},
    {.bitmap_index = 8172, .adv_w = 310, .box_w = 19, .box_h = 19, .ofs_x = 0, .ofs_y = 0},
    {.bitmap_index = 8353, .adv_w = 177, .box_w = 9, .box_h = 26, .ofs_x = 2, .ofs_y = -3},
    {.bitmap_index = 8470, .adv_w = 164, .box_w = 12, .box_h = 26, .ofs_x = -1, .ofs_y = -3},
    {.bitmap_index = 8626, .adv_w = 177, .box_w = 9, .box_h = 26, .ofs_x = 0, .ofs_y = -3},
    {.bitmap_index = 8743, .adv_w = 206, .box_w = 13, .box_h = 7, .ofs_x = 0, .ofs_y = 13},
    {.bitmap_index = 8789, .adv_w = 233, .box_w = 16, .box_h = 3, .ofs_x = -1, .ofs_y = -4},
    {.bitmap_index = 8813, .adv_w = 224, .box_w = 7, .box_h = 6, .ofs_x = 3, .ofs_y = 14},
    {.bitmap_index = 8834, .adv_w = 237, .box_w = 14, .box_h = 14, .ofs_x = 0, .ofs_y = 0},
    {.bitmap_index = 8932, .adv_w = 267, .box_w = 15, .box_h = 19, .ofs_x = 1, .ofs_y = 0},
    {.bitmap_index = 9075, .adv_w = 240, .box_w = 15, .box_h = 14, .ofs_x = 0, .ofs_y = 0},
    {.bitmap_index = 9180, .adv_w = 267, .box_w = 16, .box_h = 19, .ofs_x = 0, .ofs_y = 0},
    {.bitmap_index = 9332, .adv_w = 249, .box_w = 15, .box_h = 14, .ofs_x = 0, .ofs_y = 0},
    {.bitmap_index = 9437, .adv_w = 144, .box_w = 9, .box_h = 19, .ofs_x = 0, .ofs_y = 0},
    {.bitmap_index = 9523, .adv_w = 267, .box_w = 16, .box_h = 19, .ofs_x = 0, .ofs_y = -5},
    {.bitmap_index = 9675, .adv_w = 254, .box_w = 14, .box_h = 19, .ofs_x = 1, .ofs_y = 0},
    {.bitmap_index = 9808, .adv_w = 100, .box_w = 4, .box_h = 19, .ofs_x = 1, .ofs_y = 0},
    {.bitmap_index = 9846, .adv_w = 101, .box_w = 8, .box_h = 24, .ofs_x = -2, .ofs_y = -5},
    {.bitmap_index = 9942, .adv_w = 230, .box_w = 14, .box_h = 19, .ofs_x = 1, .ofs_y = 0},
    {.bitmap_index = 10075, .adv_w = 100, .box_w = 4, .box_h = 19, .ofs_x = 1, .ofs_y = 0},
    {.bitmap_index = 10113, .adv_w = 375, .box_w = 22, .box_h = 14, .ofs_x = 1, .ofs_y = 0},
    {.bitmap_index = 10267, .adv_w = 254, .box_w = 14, .box_h = 14, .ofs_x = 1, .ofs_y = 0},
    {.bitmap_index = 10365, .adv_w = 260, .box_w = 16, .box_h = 14, .ofs_x = 0, .ofs_y = 0},
    {.bitmap_index = 10477, .adv_w = 267, .box_w = 15, .box_h = 19, .ofs_x = 1, .ofs_y = -5},
    {.bitmap_index = 10620, .adv_w = 267, .box_w = 16, .box_h = 19, .ofs_x = 0, .ofs_y = -5},
    {.bitmap_index = 10772, .adv_w = 160, .box_w = 9, .box_h = 14, .ofs_x = 1, .ofs_y = 0},
    {.bitmap_index = 10835, .adv_w = 216, .box_w = 13, .box_h = 14, .ofs_x = 0, .ofs_y = 0},
    {.bitmap_index = 10926, .adv_w = 149, .box_w = 9, .box_h = 18, .ofs_x = 0, .ofs_y = 0},
    {.bitmap_index = 11007, .adv_w = 254, .box_w = 14, .box_h = 14, .ofs_x = 1, .ofs_y = 0},
    {.bitmap_index = 11105, .adv_w = 245, .box_w = 16, .box_h = 14, .ofs_x = 0, .ofs_y = 0},
    {.bitmap_index = 11217, .adv_w = 345, .box_w = 21, .box_h = 14, .ofs_x = 0, .ofs_y = 0},
    {.bitmap_index = 11364, .adv_w = 237, .box_w = 15, .box_h = 14, .ofs_x = 0, .ofs_y = 0},
    {.bitmap_index = 11469, .adv_w = 245, .box_w = 16, .box_h = 19, .ofs_x = 0, .ofs_y = -5},
    {.bitmap_index = 11621, .adv_w = 215, .box_w = 13, .box_h = 14, .ofs_x = 0, .ofs_y = 0},
    {.bitmap_index = 11712, .adv_w = 221, .box_w = 14, .box_h = 26, .ofs_x = 0, .ofs_y = -3},
    {.bitmap_index = 11894, .adv_w = 140, .box_w = 4, .box_h = 26, .ofs_x = 2, .ofs_y = -3},
    {.bitmap_index = 11946, .adv_w = 221, .box_w = 14, .box_h = 26, .ofs_x = 0, .ofs_y = -3},
    {.bitmap_index = 12128, .adv_w = 206, .box_w = 13, .box_h = 6, .ofs_x = 0, .ofs_y = 6}
};

/*---------------------
 *  CHARACTER MAPPING
 *--------------------*/



/*Collect the unicode lists and glyph_id offsets*/
static const lv_font_fmt_txt_cmap_t cmaps[] =
{
    {
        .range_start = 32, .range_length = 95, .glyph_id_start = 1,
        .unicode_list = NULL, .glyph_id_ofs_list = NULL, .list_length = 0, .type = LV_FONT_FMT_TXT_CMAP_FORMAT0_TINY
    }
};

/*-----------------
 *    KERNING
 *----------------*/


/*Map glyph_ids to kern left classes*/
static const uint8_t kern_left_class_mapping[] =
{
    0, 1, 0, 2, 3, 0, 4, 5,
    2, 6, 0, 7, 0, 8, 9, 8,
    10, 11, 0, 12, 13, 14, 15, 16,
    17, 18, 19, 20, 20, 0, 0, 0,
    21, 22, 23, 24, 25, 26, 27, 28,
    29, 30, 30, 31, 32, 33, 30, 30,
    34, 35, 34, 36, 37, 38, 39, 40,
    41, 42, 43, 44, 6, 0, 0, 0,
    0, 0, 45, 46, 47, 0, 48, 49,
    50, 51, 0, 52, 53, 0, 51, 51,
    46, 46, 54, 55, 56, 57, 58, 59,
    60, 61, 59, 62, 6, 0, 0, 0
};

/*Map glyph_ids to kern right classes*/
static const uint8_t kern_right_class_mapping[] =
{
    0, 1, 2, 3, 4, 0, 5, 6,
    3, 0, 7, 8, 0, 9, 10, 9,
    11, 12, 13, 14, 15, 16, 17, 18,
    19, 20, 21, 22, 22, 0, 0, 0,
    23, 24, 25, 0, 26, 0, 0, 0,
    26, 0, 0, 27, 0, 0, 0, 0,
    26, 0, 26, 0, 28, 29, 30, 31,
    32, 33, 34, 35, 0, 0, 7, 0,
    0, 0, 36, 0, 37, 37, 37, 38,
    39, 0, 40, 41, 0, 0, 42, 42,
    37, 42, 37, 42, 43, 44, 45, 46,
    47, 48, 46, 49, 0, 0, 7, 0
};

/*Kern values between classes*/
static const int8_t kern_class_values[] =
{
    0, 0, 0, 0, 0, 0, 0, 0,
    0, 0, 0, 0, 0, 0, 0, 0,
    0, 0, 0, 0, 0, 0, 0, 0,
    0, 0, -4, 0, -4, 0, 0, 0,
    0, -7, 0, 0, 0, 0, 0, 0,
    0, 0, 0, 0, 0, 0, 0, 0,
    0, 0, 0, 0, 0, 0, 0, 0,
    0, 0, 0, 0, -9, 0, -2, -4,
    -29, -4, -16, 0, -4, -2, 0, 0,
    0, 0, 0, 0, 0, 0, 0, 0,
    0, 0, 0, 0, 0, 0, 0, 0,
    0, 0, 0, 0, 0, 0, 0, 0,
    0, 0, 0, 0, 0, 0, 0, 0,
    0, 0, 0, 0, 0, 0, 0, 0,
    0, 0, 0, 0, 4, 0, 2, 0,
    0, 0, 0, 0, 0, 0, 0, 0,
    0, 0, 0, 0, 0, 0, 0, 0,
    0, 0, 0, 0, 0, 0, 0, 0,
    0, 0, 0, 0, 0, 0, 0, 0,
    0, 0, -18, 0, 0, 0, 0, 0,
    0, 0, 0, 0, 0, 0, 0, 0,
    0, 0, 0, 0, 0, 0, 0, 0,
    0, 0, 0, 0, 0, 0, 0, 0,
    0, 0, 0, 0, 0, 0, 0, 0,
    0, 0, 0, 0, 0, 0, 0, 0,
    0, 0, 0, 0, 0, 0, 0, 0,
    0, 0, 0, 0, 0, 0, 0, 0,
    0, 0, 0, 0, -4, 0, 0, -4,
    -31, -2, -31, -13, -9, -40, 0, 0,
    -2, -9, 0, 0, 0, 0, 0, -4,
    0, -16, -9, -9, 0, 0, 0, 0,
    0, 0, 0, 0, 0, 0, -18, 0,
    -4, 0, 0, -2, -13, 0, -4, 0,
    0, -4, 0, -18, 0, 0, -12, 0,
    -9, 0, 0, 0, 0, 0, 0, 0,
    -4, -12, 0, -13, 0, 22, 0, 0,
    0, -5, -19, -5, 0, 0, 0, 0,
    0, 0, 0, 0, 0, 0, -22, -4,
    -18, -4, 0, 0, 0, 0, 0, -4,
    0, 0, 0, 0, 0, 0, -31, -7,
    -45, 0, 0, 0, 0, 0, -9, -4,
    0, -11, -13, 2, -2, 0, 0, 0,
    -7, 4, 0, 0, 0, -4, 0, 0,
    0, 0, 0, 0, 0, 0, -22, 0,
    0, 0, -5, -13, 0, 0, 0, 0,
    0, -4, 0, -7, 0, -31, 0, 0,
    -10, 0, 2, -45, -7, -29, -13, 0,
    -40, 0, 0, -2, -13, -2, 0, 0,
    0, 0, -2, -2, -28, -9, 0, 0,
    0, 0, 0, 0, 0, 0, -18, -4,
    0, 0, -4, 2, -4, -9, 0, 0,
    0, 0, -16, 0, 0, 0, 0, 0,
    -8, 2, 8, 0, -34, 0, -13, -4,
    -18, -29, -4, 0, 4, 0, 0, 0,
    0, 0, 4, 0, 0, -4, 0, -14,
    0, 0, 0, 0, 0, 0, 0, 0,
    0, 0, -4, -22, 0, 9, -2, 0,
    -8, 0, -7, 3, 0, 0, 0, 0,
    0, 0, -4, -31, 0, 4, 2, 7,
    0, 0, 4, 0, -25, -25, 0, -22,
    0, 0, -11, -20, 0, -4, -9, -9,
    -9, -9, 0, 0, -4, 0, 0, 0,
    -4, -4, -5, 2, 0, 0, -2, 0,
    0, 0, 0, 0, -4, 0, 0, 0,
    0, 0, 0, 0, 0, 0, 0, 0,
    0, 0, 0, 0, 0, 0, 0, 0,
    0, 0, 0, 0, 0, 0, 0, 0,
    0, 0, 0, 0, 0, -7, 0, 0,
    0, 0, -4, 0, -8, 0, -2, 0,
    0, 0, 0, 0, 0, 0, 0, 0,
    0, 0, 0, 0, 0, 0, 0, 0,
    0, 0, 0, 0, 0, 0, 0, 0,
    0, 0, 0, 0, 0, 0, 0, 0,
    0, 0, 0, 0, 0, 0, -4, 0,
    0, 0, -2, -2, 0, 0, 0, 0,
    0, 0, 0, 0, 0, 0, 0, 0,
    0, 0, 0, 0, 0, 0, 0, 0,
    0, 0, 0, 0, 0, 0, 0, 0,
    0, 0, 0, 0, 0, 0, 0, 0,
    0, 0, 0, 0, 0, 0, 0, -18,
    0, -7, 0, -2, -13, 0, 0, 0,
    0, -7, 0, 2, 0, 0, 2, -9,
    2, -8, 0, 0, 0, 0, 0, 0,
    0, 0, 0, 0, 0, 0, 0, 0,
    0, 0, 0, 0, 0, 0, 0, 0,
    0, 0, 0, 0, 0, 0, 0, 0,
    -13, 0, -9, 0, 0, -11, -2, 0,
    0, 0, -4, -2, 0, 0, -4, 0,
    -9, 0, -4, 0, 0, 0, 0, 0,
    0, 0, 0, 0, 0, 0, 0, 0,
    0, 0, 0, 0, 0, 0, 0, 0,
    0, 0, 0, 0, 0, 0, 0, 0,
    0, -11, 0, -5, 0, -4, -9, 0,
    0, 0, 0, -7, 0, 0, 0, 0,
    0, -6, 0, -2, 0, 0, 0, 0,
    0, 0, 0, 0, 0, 0, 0, 0,
    0, 0, 0, 0, 0, 0, 0, 0,
    0, 0, 0, 0, 0, 0, 0, 0,
    0, 0, 0, -9, 0, 0, 0, 0,
    -18, -11, -13, -4, 2, 0, -4, -27,
    -5, -16, 2, 0, 0, -4, 0, 0,
    0, 0, 0, 0, 0, 0, 0, 0,
    0, 0, 0, 0, 0, 0, 0, 0,
    0, 0, 0, 0, 0, 0, 0, 0,
    0, 0, 0, -4, 0, 0, 0, 0,
    -4, 0, 0, 0, 0, -2, 0, 0,
    0, 0, 0, 0, 0, 0, 0, 0,
    0, 0, 0, 0, 0, 0, 0, 0,
    0, 0, 0, 0, 0, 0, 0, 0,
    0, 0, 0, 0, 0, 0, 0, 0,
    0, 0, 0, 0, 0, -2, 0, 0,
    -4, 0, -14, 0, -5, 0, 0, 0,
    0, -4, 0, -7, 0, 0, 0, 0,
    0, 0, 0, 0, 0, 0, 0, 0,
    0, 0, 0, 0, 0, 0, 0, 0,
    0, 0, 0, 0, 0, 0, 0, 0,
    0, 0, 0, 0, 0, 0, 0, 0,
    0, 0, 0, 0, 0, 0, 0, 0,
    0, 0, 0, 0, 0, -4, 0, 0,
    0, 0, 0, 0, 0, 0, 0, 0,
    0, 0, 0, 0, 0, 0, 0, 0,
    0, 0, 0, 0, 0, 0, 0, 0,
    0, 0, 0, 0, 0, 0, 0, 0,
    0, 0, -4, 0, 0, -4, 0, 0,
    0, 0, 0, 0, 0, 0, 0, 0,
    0, 0, 0, 0, 0, 0, 0, 0,
    0, 0, 0, 0, 0, 0, 0, 0,
    0, 0, 0, 0, 0, 0, 0, 0,
    0, 0, 0, 0, 0, 0, 0, 0,
    0, 0, 0, 0, 0, 0, 0, 0,
    0, 0, 0, 0, 0, 0, 0, 0,
    0, 0, 0, 0, 0, -27, 0, 0,
    0, -4, 0, -13, -9, -25, -18, -7,
    0, 0, 0, 0, 0, 0, 0, 0,
    0, 0, -2, -4, -4, -7, 0, 0,
    0, 0, 0, -4, 0, -31, 0, -8,
    0, 0, 0, 0, 0, 0, 0, 0,
    0, 0, 0, 0, -27, -2, -4, -20,
    -11, -4, -46, -19, -47, -25, -13, -52,
    0, 0, -7, -9, -9, 0, 0, 0,
    0, -12, -5, -22, -13, -9, 0, 0,
    0, 0, 0, 0, 4, -7, 0, 0,
    4, 0, 0, 0, 0, 0, 0, 0,
    0, 0, 0, 0, 0, 0, 0, -2,
    0, 0, 0, -2, 0, -9, -5, -13,
    -13, 0, 4, 0, 0, 0, 0, 0,
    0, 0, 0, 0, 0, -2, 0, 0,
    0, 0, 0, 0, 0, 9, -7, 0,
    0, -4, 0, 0, 0, 0, 0, 0,
    0, 0, 0, 0, 0, 0, 0, -4,
    -4, -4, -2, 0, -2, 0, -4, -2,
    -11, -11, 0, 2, 0, 0, 0, 0,
    0, 0, -2, -2, 0, -5, -4, 0,
    0, 0, 0, 0, 0, 0, 0, -12,
    0, -11, 2, -4, 0, 0, 0, 0,
    0, 0, 0, 0, 0, 0, 0, 0,
    0, -21, 0, 0, -4, -15, 0, -20,
    -10, -29, -31, -8, 0, 0, 2, 0,
    0, 0, 0, 0, 2, 0, 0, 0,
    -4, 0, 0, 0, 0, 0, 0, 0,
    0, 0, 0, 0, 0, 0, 0, 0,
    0, 0, 0, 0, 0, 0, 0, 0,
    0, -2, 0, -3, -2, -2, 0, 0,
    0, 0, 0, 0, 0, 0, 0, 0,
    0, 0, 0, 0, 0, -2, 0, 0,
    -4, 0, 0, 0, 2, 0, 0, 0,
    0, 0, 0, -22, 0, -18, 0, 0,
    0, 0, 0, 0, 0, 0, 0, 0,
    0, 0, 0, -30, 0, -17, -6, 0,
    0, 0, 0, -2, 0, 0, -10, -3,
    0, -3, 0, 0, -2, -4, 0, -2,
    0, -2, -5, -3, 0, 0, 0, 0,
    0, 4, -10, -7, -2, 4, -2, 0,
    0, 0, 0, 0, 0, 0, 0, 0,
    0, 0, -5, 0, -18, 0, 0, -2,
    -14, 0, -13, -9, -19, -20, -7, -2,
    0, 2, 0, 0, 0, 0, 0, 2,
    0, -4, -2, -7, 2, 0, 0, 0,
    0, 0, 0, 0, 0, 0, 0, 0,
    0, 0, 0, 0, 0, 0, 0, 0,
    0, 0, 0, 0, 0, -2, 0, 0,
    0, 0, 0, 0, 0, 0, 0, 0,
    0, 0, 0, 0, 0, 0, 0, 0,
    0, 0, 0, 0, 0, 0, 0, 0,
    0, 0, 0, 0, 0, 0, -4, 0,
    0, 0, 0, 0, 0, 0, 0, 0,
    0, 0, 0, 0, 0, 0, -13, 0,
    0, 0, 0, 0, 0, 0, -2, 0,
    0, -2, 0, 0, 0, 0, 0, 0,
    0, 0, 0, 0, 0, -2, 0, 0,
    0, 0, 0, 0, -13, 0, -7, 0,
    -27, 0, 0, 0, 0, 0, 0, 0,
    0, 0, 0, 0, 0, -20, -29, -13,
    -29, -23, -19, -4, -9, -13, -7, -11,
    -13, -4, -11, -21, -11, -20, 0, 0,
    0, -4, -18, -11, -20, -18, -13, -2,
    -4, 0, 0, 0, 0, 4, 0, -49,
    0, -15, 0, 0, 0, 0, 0, 0,
    0, 0, 0, 0, 0, 0, -31, -8,
    0, -9, -4, 0, -51, -9, -40, -22,
    0, -48, 0, 3, 0, -9, 0, 0,
    0, 0, 0, -8, 0, -22, -9, 0,
    0, 0, 0, 0, 0, 0, 2, -12,
    -7, -10, 2, -4, 0, 0, 0, 0,
    0, 0, 0, 0, 0, 0, 0, 0,
    0, -20, 0, 0, -4, -13, 0, -19,
    -10, -26, -29, -7, 0, 0, 0, 0,
    0, 0, 0, 0, 2, 0, 0, 0,
    -4, 0, 0, 0, 0, 0, 0, -13,
    -11, 2, -34, 2, -22, 0, 0, 0,
    0, 0, 0, 0, 0, 0, 0, 0,
    6, -4, -34, 0, -23, 0, 0, 0,
    -4, 0, -19, -13, -4, -7, -8, 9,
    -5, 0, 0, 0, -3, 10, 0, 4,
    0, 0, 0, 0, 0, 0, 0, 0,
    -4, 0, -2, 0, -2, 0, 0, 0,
    0, 0, 0, 0, 0, 0, 0, 0,
    0, 2, 0, -4, -4, -11, 0, -5,
    -2, -9, -7, -7, -16, -4, 0, -7,
    0, -8, 0, 0, 0, 0, 0, 0,
    0, 0, 0, 0, 0, 0, 0, 0,
    0, 2, -7, -7, 0, 4, 0, 0,
    0, 0, 0, 0, 0, 0, 0, 0,
    0, 0, -5, 0, -11, -2, 0, -4,
    -9, 0, -8, -5, -17, -13, 0, 0,
    0, -2, 0, 0, 0, 0, 0, -4,
    0, -8, -4, -9, 0, -4, 0, 0,
    0, 0, -26, 0, 0, -45, -34, -29,
    0, 0, 0, 0, 0, 0, 0, 0,
    0, 0, -14, 0, -18, -46, -13, -49,
    -9, 0, 0, 2, 0, -4, 0, 0,
    -40, -43, -9, -43, 0, 0, -26, -31,
    -4, -26, -24, -28, -24, -17, 0, 0,
    0, 0, 0, 0, 0, 0, -7, 0,
    -4, 0, 0, 0, 0, 0, 0, 0,
    0, 0, 0, 0, 0, 0, -19, 0,
    0, -2, 0, 0, 0, 0, -4, 0,
    0, -2, 0, 0, 0, 0, 0, 0,
    -2, 0, 0, 0, 0, -2, 0, 0,
    0, 0, 0, 0, -22, 0, 0, -29,
    -13, -25, 0, 0, 0, 0, 0, 0,
    0, 0, 0, 0, -11, -7, -22, -47,
    -19, -43, -13, 2, 0, -4, -4, -11,
    -9, -4, -23, -27, -9, -29, -2, -2,
    -15, -21, -9, -11, -13, -15, -17, -12,
    0, 0, 0, 0, 0, -9, 0, 0,
    -13, -4, -10, 0, 0, 0, 0, 0,
    0, 0, 0, 0, 0, -2, -2, -18,
    -25, -10, -27, -11, 0, 0, -4, -4,
    -7, -7, -2, -15, -18, -4, -19, -4,
    -4, -9, -12, -4, -11, -9, -10, -10,
    -9, 0, 0, 0, 0, 0, -13, 0,
    -9, 0, -18, 0, 0, 0, 0, 0,
    0, 0, 0, 0, 0, 0, 0, -20,
    -29, -13, -26, -23, -12, -4, -4, -11,
    -7, -9, -9, -2, -7, -14, -11, -20,
    0, 0, 0, -7, -17, -11, -22, -18,
    -13, 0, -7, 0, 0, 0, 0, -36,
    0, -4, -40, -29, -37, 0, 0, 0,
    0, 0, 0, 0, 0, 0, 0, -25,
    -11, -34, -52, -29, -56, -20, 0, 0,
    -9, -7, -9, -13, 0, -47, -47, -24,
    -45, -5, -11, -34, -45, -22, -34, -30,
    -27, -36, -31, 0, 0, 0, 0, 0,
    0, 0, 0, 0, -18, 0, 0, 0,
    0, 0, 0, 0, 0, 0, 0, 0,
    0, 0, -7, 0, -11, -9, 0, 0,
    0, 0, 0, -2, -2, 0, 0, -3,
    -7, -4, 0, 0, 0, 0, -4, 0,
    -4, -6, 0, 0, 0, 0, 0, 0,
    0, 0, 0, -13, 0, 0, 0, 0,
    0, 0, 0, 0, 0, 0, 0, 0,
    0, 0, -9, 0, 0, 0, -2, 0,
    -34, 0, -22, -11, 0, -41, 0, 0,
    0, -2, 0, 0, 0, 0, 0, -2,
    0, -11, -8, 0, 0, 0, 0, 0,
    0, 0, 0, -12, -13, -2, 4, -4,
    0, 0, 0, 0, 0, 0, 0, 0,
    0, 0, 0, -17, 0, -4, 0, 0,
    0, -41, 0, -25, -16, -15, -45, 0,
    0, 0, -4, 0, 0, 0, 0, 0,
    -2, 0, -13, -10, -17, -4, 0, 0,
    0, 0, 0, 4, -10, -7, 0, 0,
    0, 0, 0, 0, 0, 0, 0, 0,
    0, 0, 0, 0, -2, 0, -3, 0,
    0, 0, -40, 0, -25, -13, -12, -45,
    0, 0, 0, 0, 0, 0, 0, 0,
    0, 0, 0, -7, -4, -2, 4, 0,
    0, 0, 0, 0, 4, -11, -9, 0,
    4, 0, 0, 0, 0, 0, 0, 0,
    0, 0, 0, 0, 0, -13, 0, -4,
    0, 0, 0, -40, 0, -25, -16, -13,
    -45, 0, 0, 0, -2, 0, 0, 0,
    0, 0, -2, 0, -9, -3, -11, 2,
    0, 0, 0, 0, 0, -9, 0, 7,
    -20, 0, -11, 0, 0, 0, 0, 0,
    0, 0, 0, 0, 0, 0, 6, 0,
    -11, 2, -9, 0, 2, 0, 0, 0,
    -4, 0, 2, -9, -4, 0, -2, 0,
    0, 0, 0, 0, 0, 0, 0, -2,
    0, 0, 0, 0, 0, 0, 0, 0,
    0, 0, 0, 0, 0, 0, 0, 0,
    0, 0, 0, 0, 0, 0, 0, 0,
    0, 0, 0, 0, 0, -20, 0, -11,
    -4, 0, -36, 0, 0, 0, 0, 0,
    0, 4, 0, 0, 0, 0, 0, 0,
    0, 0, 0, 0, 0, 0, 0, 0,
    0, -9, 0, 0, 0, 0, 0, 0,
    0, 0, 0, 0, 0, 0, 0, 0,
    -7, 0, 0, 0, -2, 0, -34, 0,
    -22, -11, 0, -41, 0, 0, 0, 0,
    0, 0, 0, 0, 0, 0, 0, -9,
    -5, 0, 0, 0, 0, 0, 0, 0,
    0, 0, 0, 0, 0, 0, 0, 0,
    0, 0, 0, 0, 0, 0, 0, 0,
    0, 0, 0, 0, 0, 0, 0, 0,
    0, 0, 0, 0, -4, 0, 0, 0,
    0, 0, 0, 0, 0, 0, 0, 0,
    0, 0, 0, 0, 0, 0, 0, 0,
    0, -4, 0, 0, 0, -16, 0, 0,
    0, 0, 0, 0, 0, 0, 0, 0,
    0, 0, 6, -9, -11, 0, -11, 0,
    -16, 0, -13, -7, -11, -32, 0, -7,
    -17, 0, -17, 0, 0, 0, 0, 0,
    0, -10, -7, 0, 4, 0, 0, 0,
    0, 0, 0, 0, 0, 0, 0, 0,
    0, 0, 0, 0, 0, 0, 0, 0,
    0, 0, 0, 0, 0, 0, 0, 0,
    0, -20, 0, -11, -4, 0, -31, 0,
    0, 0, 0, 0, 0, 18, 0, 0,
    0, 0, 0, 0, 0, 0, 0, 0,
    0, 0, 0, -7, -13, 0, -29, 0,
    -13, 0, 0, 0, 0, 0, 0, 0,
    0, 0, 0, 0, 2, 0, -18, 4,
    -13, 0, -13, 0, -9, -7, -13, -29,
    -7, -9, -5, 0, -5, 0, 0, 0,
    0, 0, 0, 0, 0, -2, 0, 0,
    0, 0, 0, 0, 0, -4, -4, 0,
    4, 0, 0, 0, 0, 0, 0, 0,
    0, 0, 0, 0, 0, -4, 0, 0,
    0, 0, 0, -25, 0, -18, -9, -4,
    -43, 0, 0, 0, -2, 0, 0, 0,
    0, 0, -2, 0, -7, -7, -9, 0,
    0, 0, 0, 0, 0, 0, 0, 0,
    0, 0, 7, 0, 0, 0, 0, 0,
    0, 0, 0, 0, 0, 4, 0, 0,
    0, 4, -4, 2, -2, 0, -7, -2,
    -4, -25, -2, 2, -3, 0, -3, 0,
    0, 0, 0, 0, 0, 0, 0, 0,
    0, 0, 0, 0, 0, 0, 0, 0,
    0, 0, 0, 0, 0, 0, 0, 0,
    0, 0, 0, 0, 0, 0, 0, 0,
    0, 0, 0, 0, 0, -20, 0, -7,
    -9, 0, -34, 0, 0, 0, 0, 0,
    0, 0, 0, 0, 0, 0, 0, 0,
    0, 0, 0, 0, 0, 0, 0, -13,
    -19, 0, -28, -4, -18, 0, 0, 0,
    0, 0, 0, 0, 0, 0, 0, 0,
    0, -11, -20, 0, -16, 0, -22, 0,
    -11, -7, -20, -28, -2, -10, -13, 0,
    -12, 0, 0, 0, -9, 0, 0, -9,
    -4, -11, 0, 0, 0, 0, 0, 0,
    -11, -5, 0, -9, 0, -7, 0, 0,
    0, 0, 0, 0, 0, 0, 0, 0,
    0, 0, -7, -11, 0, -5, -2, -20,
    0, -11, -7, -16, -25, -2, -12, -10,
    0, -9, 0, 0, 0, -5, 0, 0,
    -4, 0, -9, -2, 0, 0, 0, 0,
    0, -9, 0, -4, 0, -14, 0, 0,
    0, 0, 0, 0, 0, 0, 0, 0,
    0, 0, 0, -16, -9, -2, -11, 0,
    -16, 0, -13, -7, -11, -38, 0, -9,
    -17, 0, -16, 0, 0, 0, -7, 0,
    -4, -11, -9, -7, 0, 0, 0, 0,
    0, 0, 0, 0, 0, 0, 0, 7,
    0, 0, 0, 0, 0, 0, 0, 0,
    0, 0, 0, 0, -7, 0, 0, 0,
    2, -15, 0, -9, -7, 0, -34, 0,
    0, -8, 0, -8, 0, 0, 0, 0,
    0, 0, 0, 0, 0, 0
};


/*Collect the kern class' data in one place*/
static const lv_font_fmt_txt_kern_classes_t kern_classes =
{
    .class_pair_values   = kern_class_values,
    .left_class_mapping  = kern_left_class_mapping,
    .right_class_mapping = kern_right_class_mapping,
    .left_class_cnt      = 62,
    .right_class_cnt     = 49,
};

/*--------------------
 *  ALL CUSTOM DATA
 *--------------------*/

#if LVGL_VERSION_MAJOR == 8
/*Store all the custom data of the font*/
static  lv_font_fmt_txt_glyph_cache_t cache;
#endif

#if LVGL_VERSION_MAJOR >= 8
static const lv_font_fmt_txt_dsc_t font_dsc = {
#else
static lv_font_fmt_txt_dsc_t font_dsc = {
#endif
    .glyph_bitmap = glyph_bitmap,
    .glyph_dsc = glyph_dsc,
    .cmaps = cmaps,
    .kern_dsc = &kern_classes,
    .kern_scale = 16,
    .cmap_num = 1,
    .bpp = 4,
    .kern_classes = 1,
    .bitmap_format = 0,
#if LVGL_VERSION_MAJOR == 8
    .cache = &cache
#endif

};



/*-----------------
 *  PUBLIC FONT
 *----------------*/

/*Initialize a public general font descriptor*/
#if LVGL_VERSION_MAJOR >= 8
const lv_font_t intelone_medium_28 = {
#else
lv_font_t intelone_medium_28 = {
#endif
    .get_glyph_dsc = lv_font_get_glyph_dsc_fmt_txt,    /*Function pointer to get glyph's data*/
    .get_glyph_bitmap = lv_font_get_bitmap_fmt_txt,    /*Function pointer to get glyph's bitmap*/
    .line_height = 28,          /*The maximum line height required by the font*/
    .base_line = 5,             /*Baseline measured from the bottom of the line*/
#if !(LVGL_VERSION_MAJOR == 6 && LVGL_VERSION_MINOR == 0)
    .subpx = LV_FONT_SUBPX_NONE,
#endif
#if LV_VERSION_CHECK(7, 4, 0) || LVGL_VERSION_MAJOR >= 8
    .underline_position = 0,
    .underline_thickness = 0,
#endif
    .dsc = &font_dsc,          /*The custom font data. Will be accessed by `get_glyph_bitmap/dsc` */
#if LV_VERSION_CHECK(8, 2, 0) || LVGL_VERSION_MAJOR >= 9
    .fallback = NULL,
#endif
    .user_data = NULL,
};



#endif /*#if INTELONE_MEDIUM_28*/
